Res,Date,League,Home,Away,PSCA,AvgCH,home_points_last5_avg,PSCD,away_points_last5_avg,home_goals_scored_last5_avg,home_goals_conceded_last5_avg,away_goals_scored_last5_avg
2,2019-07-12,10,66,31,5.75,1.56,0.0,4.24,0.0,0.0,0.0,0.0
1,2019-07-12,6,9,30,2.37,3.33,0.0,2.99,0.0,0.0,0.0,0.0
1,2019-07-12,10,37,91,3.07,2.51,0.0,3.06,0.0,0.0,0.0,0.0
2,2019-07-13,6,115,112,3.92,2.15,0.0,3.14,0.0,0.0,0.0,0.0
1,2019-07-13,10,18,78,8.64,1.49,0.0,4.09,0.0,0.0,0.0,0.0
2,2019-07-13,6,97,95,7.33,1.41,0.0,4.63,0.0,0.0,0.0,0.0
1,2019-07-13,10,10,33,3.49,2.24,0.0,3.14,0.0,0.0,0.0,0.0
2,2019-07-13,6,39,73,4.01,2.06,0.0,2.97,0.0,0.0,0.0,0.0
2,2019-07-14,6,6,54,2.25,3.39,0.0,3.29,0.0,0.0,0.0,0.0
2,2019-07-14,6,127,101,14.83,1.17,0.0,6.95,0.0,0.0,0.0,0.0
2,2019-07-14,6,55,19,1.83,4.77,0.0,3.24,0.0,0.0,0.0,0.0
2,2019-07-14,10,62,2,2.06,3.39,0.0,3.63,0.0,0.0,0.0,0.0
0,2019-07-14,10,50,71,2.53,2.72,0.0,3.43,0.0,0.0,0.0,0.0
2,2019-07-14,10,96,82,3.31,2.17,0.0,3.47,0.0,0.0,0.0,0.0
2,2019-07-14,10,38,35,8.5,1.44,0.0,4.04,0.0,0.0,0.0,0.0
2,2019-07-14,10,107,4,8.09,1.43,0.0,4.46,0.0,0.0,0.0,0.0
2,2019-07-14,10,17,93,7.44,1.38,0.0,5.28,0.0,0.0,0.0,0.0
0,2019-07-14,10,72,34,2.39,2.93,0.0,3.45,0.0,0.0,0.0,0.0
1,2019-07-15,10,49,3,1.84,3.96,0.0,3.87,0.0,0.0,0.0,0.0
2,2019-07-15,10,120,28,3.73,2.09,0.0,3.31,0.0,0.0,0.0,0.0
1,2019-07-15,10,43,21,5.59,1.66,0.0,3.72,0.0,0.0,0.0,0.0
1,2019-07-15,6,59,85,7.35,1.55,0.0,3.63,0.0,0.0,0.0,0.0
0,2019-07-19,9,94,16,1.61,5.2,0.0,4.38,0.0,0.0,0.0,0.0
0,2019-07-19,10,21,120,1.64,5.26,1.0,4.05,3.0,2.0,2.0,5.0
0,2019-07-19,10,35,43,2.16,3.39,0.0,3.37,1.0,3.0,4.0,2.0
2,2019-07-19,10,34,3,7.66,1.39,3.0,5.03,1.0,3.0,2.0,1.0
1,2019-07-20,9,102,123,3.16,2.17,0.0,3.62,0.0,0.0,0.0,0.0
0,2019-07-20,9,98,61,2.23,2.93,0.0,3.78,0.0,0.0,0.0,0.0
0,2019-07-20,4,75,23,2.78,2.42,0.0,3.59,0.0,0.0,0.0,0.0
0,2019-07-20,6,112,54,1.87,4.48,0.0,3.47,0.0,2.0,3.0,0.0
0,2019-07-20,4,11,110,3.5,2.19,0.0,3.31,0.0,0.0,0.0,0.0
2,2019-07-20,10,33,37,4.22,1.95,1.0,3.4,1.0,2.0,2.0,0.0
0,2019-07-20,10,4,18,1.69,5.25,0.0,3.67,1.0,2.0,3.0,1.0
0,2019-07-20,6,55,9,3.61,2.31,3.0,3.03,1.0,2.0,0.0,1.0
0,2019-07-20,4,79,24,2.96,2.54,0.0,3.15,0.0,0.0,0.0,0.0
2,2019-07-20,4,12,52,4.82,1.8,0.0,3.64,0.0,0.0,0.0,0.0
1,2019-07-20,6,39,97,3.26,2.45,3.0,3.06,3.0,2.0,1.0,1.0
2,2019-07-20,6,19,73,8.87,1.41,0.0,4.46,0.0,0.0,2.0,1.0
0,2019-07-21,4,105,80,5.41,1.62,0.0,4.03,0.0,0.0,0.0,0.0
0,2019-07-21,6,30,85,5.81,1.75,1.0,3.44,1.0,1.0,1.0,1.0
2,2019-07-21,6,59,101,12.66,1.32,1.0,4.97,0.0,1.0,1.0,1.0
0,2019-07-21,10,93,50,3.29,2.15,0.0,3.67,0.0,0.0,3.0,0.0
0,2019-07-21,6,95,127,1.77,4.86,0.0,3.69,3.0,0.0,1.0,2.0
2,2019-07-21,6,115,6,2.77,2.77,3.0,3.06,3.0,3.0,2.0,1.0
1,2019-07-21,10,2,96,2.66,2.61,0.0,3.55,3.0,0.0,2.0,2.0
2,2019-07-21,10,66,71,5.45,1.6,3.0,4.23,3.0,1.0,0.0,3.0
1,2019-07-21,10,82,17,2.1,3.39,0.0,3.67,3.0,1.0,2.0,3.0
0,2019-07-21,10,28,107,2.69,2.74,0.0,3.21,3.0,0.0,5.0,3.0
2,2019-07-21,10,78,10,2.76,2.69,1.0,3.11,1.0,1.0,1.0,2.0
1,2019-07-21,9,125,92,6.84,1.39,0.0,5.35,0.0,0.0,0.0,0.0
2,2019-07-21,4,22,69,3.89,2.06,0.0,3.48,0.0,0.0,0.0,0.0
1,2019-07-21,4,70,26,2.14,3.4,0.0,3.36,0.0,0.0,0.0,0.0
2,2019-07-21,4,103,68,8.47,1.5,0.0,4.77,0.0,0.0,0.0,0.0
1,2019-07-21,10,31,49,5.92,1.6,0.0,4.06,1.0,0.0,1.0,1.0
0,2019-07-21,9,128,60,2.6,2.65,0.0,3.52,0.0,0.0,0.0,0.0
2,2019-07-22,4,89,47,3.41,2.19,0.0,3.39,0.0,0.0,0.0,0.0
2,2019-07-22,10,72,62,5.74,1.51,0.0,4.63,3.0,2.0,3.0,2.0
1,2019-07-22,10,91,38,1.66,5.32,1.0,3.83,3.0,0.0,0.0,4.0
0,2019-07-26,10,62,96,2.13,3.21,1.5,3.83,2.0,1.5,2.0,1.5
0,2019-07-26,10,37,10,2.65,2.8,0.5,3.32,0.5,0.5,2.0,1.0
2,2019-07-26,10,78,4,5.25,1.73,2.0,3.68,0.0,1.0,0.5,1.5
2,2019-07-26,6,30,115,5.37,1.68,0.5,3.8,3.0,0.5,1.0,3.0
0,2019-07-26,1,86,88,1.9,3.73,0.0,3.95,0.0,0.0,0.0,0.0
2,2019-07-27,6,54,95,9.17,1.34,1.5,5.24,0.0,1.5,1.5,0.0
0,2019-07-27,1,5,122,1.88,3.86,0.0,3.96,0.0,0.0,0.0,0.0
2,2019-07-27,1,104,13,1.97,3.68,0.0,3.71,0.0,0.0,0.0,0.0
1,2019-07-27,9,92,94,4.6,1.74,1.0,4.2,0.0,1.0,1.0,1.0
0,2019-07-27,9,16,98,8.83,1.33,3.0,5.4,0.0,4.0,1.0,0.0
2,2019-07-27,10,18,28,7.37,1.5,2.0,3.9,0.0,2.5,1.0,0.0
1,2019-07-27,10,43,91,4.98,1.76,2.0,3.72,1.0,2.0,1.0,0.0
2,2019-07-27,6,101,97,1.86,4.57,0.0,3.45,2.0,1.0,2.0,1.5
2,2019-07-27,6,112,55,3.47,2.37,0.0,3.0,1.5,2.0,3.0,2.0
0,2019-07-27,4,68,12,3.79,1.97,0.0,3.66,3.0,2.0,4.0,1.0
1,2019-07-27,4,118,75,1.8,4.25,0.0,3.8,0.0,0.0,0.0,1.0
0,2019-07-27,10,50,34,1.63,5.62,1.5,3.93,3.0,1.5,1.5,2.5
2,2019-07-28,4,11,69,1.91,3.81,0.0,3.78,0.0,0.0,2.0,2.0
2,2019-07-28,4,110,70,3.79,2.12,3.0,3.42,1.0,2.0,0.0,0.0
1,2019-07-28,4,24,80,4.7,1.79,3.0,3.66,3.0,3.0,1.0,2.0
1,2019-07-28,4,26,105,5.83,1.62,1.0,4.24,0.0,0.0,0.0,0.0
2,2019-07-28,6,19,59,3.6,2.16,1.5,3.26,2.0,1.0,1.5,1.5
1,2019-07-28,9,60,102,4.49,1.86,3.0,3.62,1.0,4.0,0.0,2.0
0,2019-07-28,6,73,127,1.69,5.29,0.0,3.8,3.0,1.0,2.0,2.0
0,2019-07-28,6,9,39,2.67,2.91,2.0,3.04,2.0,2.0,1.5,2.0
2,2019-07-28,10,107,21,8.07,1.47,3.0,4.15,0.5,2.5,1.0,1.0
2,2019-07-28,10,120,35,7.0,1.55,3.0,3.86,0.0,3.0,0.0,1.5
1,2019-07-28,4,23,22,3.21,2.23,3.0,3.46,3.0,3.0,1.0,4.0
0,2019-07-28,9,123,125,1.49,5.67,1.0,4.95,1.0,2.0,2.0,1.0
1,2019-07-28,9,61,128,4.18,1.85,3.0,3.76,0.0,2.0,0.0,0.0
1,2019-07-28,10,49,82,2.05,3.75,1.0,3.43,0.5,1.0,1.0,1.5
2,2019-07-28,10,71,31,3.69,2.01,1.5,3.62,0.5,2.0,1.0,0.5
0,2019-07-28,10,3,66,2.14,3.32,0.5,3.66,3.0,1.0,1.5,1.5
2,2019-07-28,1,56,8,6.58,1.5,0.0,4.35,0.0,0.0,0.0,0.0
2,2019-07-28,1,63,48,3.89,1.88,0.0,3.91,0.0,0.0,0.0,0.0
2,2019-07-28,1,100,99,5.04,1.69,0.0,3.91,0.0,0.0,0.0,0.0
2,2019-07-28,10,17,72,3.06,2.26,2.0,3.74,1.5,2.5,1.0,3.0
2,2019-07-29,4,89,52,5.17,1.66,3.0,3.96,0.0,3.0,0.0,0.0
2,2019-07-29,4,47,103,2.3,3.33,0.0,3.24,3.0,0.0,3.0,4.0
2,2019-07-29,6,85,6,2.95,2.76,2.0,2.94,1.5,1.0,0.5,0.5
0,2019-07-29,10,38,33,7.23,1.46,2.0,4.31,2.0,2.0,1.5,3.0
2,2019-07-29,10,2,93,6.8,1.43,0.5,5.3,0.0,0.5,1.5,0.0
2,2019-08-02,10,28,4,5.85,1.63,0.0,3.81,0.0,0.0,2.6666666666666665,1.0
0,2019-08-02,10,93,49,3.08,2.25,0.0,3.68,1.0,0.3333333333333333,3.0,1.3333333333333333
1,2019-08-03,6,115,39,2.68,2.85,2.0,3.09,2.3333333333333335,2.0,1.3333333333333333,2.3333333333333335
0,2019-08-03,4,12,89,2.54,2.93,3.0,3.31,3.0,1.0,0.0,3.0
1,2019-08-03,4,79,47,2.58,2.81,0.0,3.26,1.5,1.0,3.0,1.0
0,2019-08-03,10,96,34,2.13,3.35,2.3333333333333335,3.55,3.0,2.0,0.6666666666666666,2.3333333333333335
2,2019-08-03,4,80,26,2.21,3.37,2.0,3.26,1.0,1.5,0.5,0.5
1,2019-08-03,6,127,54,4.65,1.7,3.0,4.16,2.0,2.0,0.3333333333333333,2.0
1,2019-08-03,6,97,30,2.65,2.81,1.3333333333333333,3.15,1.3333333333333333,1.0,1.3333333333333333,1.0
0,2019-08-03,10,21,18,1.68,5.29,0.3333333333333333,3.7,2.3333333333333335,0.6666666666666666,1.3333333333333333,2.0
0,2019-08-03,6,55,59,1.97,4.1,1.0,3.33,1.3333333333333333,1.6666666666666667,1.6666666666666667,1.0
2,2019-08-03,9,94,128,3.12,2.27,0.5,3.44,0.5,0.5,2.0,0.0
0,2019-08-03,9,102,16,1.57,5.19,1.0,4.51,1.5,1.0,1.0,2.5
2,2019-08-03,1,48,5,3.27,2.18,0.0,3.58,0.0,1.0,2.0,0.0
0,2019-08-03,1,13,56,1.87,3.74,0.0,3.95,3.0,1.0,3.0,2.0
2,2019-08-03,1,8,104,4.39,1.83,0.0,3.91,3.0,0.0,2.0,3.0
1,2019-08-03,10,33,43,3.55,2.3,2.3333333333333335,2.99,1.6666666666666667,2.6666666666666665,1.0,1.6666666666666667
1,2019-08-04,6,95,112,3.37,2.34,0.0,3.07,1.0,0.0,2.0,2.0
2,2019-08-04,1,88,63,18.97,1.13,3.0,9.25,3.0,2.0,0.0,2.0
0,2019-08-04,1,122,100,3.12,2.24,3.0,3.62,3.0,3.0,0.0,3.0
0,2019-08-04,6,85,19,2.09,3.86,2.3333333333333335,3.31,2.0,1.0,0.3333333333333333,1.0
1,2019-08-04,1,99,86,1.53,5.56,0.0,4.71,0.0,0.0,3.0,0.0
1,2019-08-04,10,91,120,2.13,3.53,1.0,3.36,3.0,0.3333333333333333,0.3333333333333333,3.0
2,2019-08-04,10,35,107,2.23,3.22,0.0,3.29,3.0,1.6666666666666667,3.0,2.0
2,2019-08-04,9,125,60,5.58,1.61,2.0,4.01,2.0,1.0,0.5,2.0
2,2019-08-04,10,66,2,5.57,1.63,3.0,3.94,1.3333333333333333,1.3333333333333333,0.3333333333333333,1.3333333333333333
0,2019-08-04,10,17,50,6.96,1.43,2.3333333333333335,5.05,1.0,2.6666666666666665,1.3333333333333333,1.0
0,2019-08-04,10,31,72,2.74,2.65,0.3333333333333333,3.44,1.0,0.3333333333333333,1.3333333333333333,2.6666666666666665
2,2019-08-04,10,82,71,2.2,3.0,0.6666666666666666,3.76,2.0,1.6666666666666667,2.0,2.0
0,2019-08-04,6,101,9,2.81,2.64,1.0,3.11,1.3333333333333333,1.3333333333333333,1.3333333333333333,2.0
2,2019-08-04,9,92,61,3.71,1.93,1.0,4.0,2.0,0.5,0.5,1.0
1,2019-08-04,9,123,98,2.61,2.56,0.5,3.56,1.5,1.0,1.5,1.0
2,2019-08-04,4,22,24,6.25,1.56,2.0,4.01,2.0,2.0,1.0,2.0
0,2019-08-04,4,110,103,2.48,2.9,3.0,3.32,1.5,2.0,0.0,2.0
2,2019-08-04,4,69,23,3.8,1.96,0.0,3.85,2.0,1.0,2.5,1.5
0,2019-08-04,4,75,68,3.87,1.83,0.5,3.91,0.0,2.0,3.0,1.0
2,2019-08-04,4,70,118,5.91,1.6,0.5,3.82,1.0,0.0,1.0,3.0
2,2019-08-05,4,52,105,2.46,2.91,0.0,3.36,0.5,0.0,2.0,0.5
2,2019-08-05,10,62,3,1.81,4.03,1.0,4.19,0.3333333333333333,1.0,2.3333333333333335,0.6666666666666666
1,2019-08-05,10,37,78,2.42,3.13,0.3333333333333333,3.18,2.3333333333333335,0.6666666666666666,2.0,1.3333333333333333
2,2019-08-05,6,6,73,4.68,1.83,1.0,3.53,0.0,0.3333333333333333,1.3333333333333333,0.6666666666666666
2,2019-08-05,10,10,38,2.07,3.56,1.3333333333333333,3.42,1.3333333333333333,1.3333333333333333,1.3333333333333333,1.3333333333333333
2,2019-08-09,10,4,21,2.56,2.76,0.0,3.32,0.25,1.25,3.25,0.75
2,2019-08-09,10,78,28,3.58,2.17,2.0,3.2,0.75,1.0,0.25,1.0
2,2019-08-09,10,34,62,10.41,1.3,3.0,5.67,1.5,2.25,1.0,1.25
2,2019-08-09,10,72,82,4.67,1.73,1.5,4.04,1.25,2.25,1.75,2.0
2,2019-08-10,4,80,75,2.9,2.41,2.3333333333333335,3.41,0.3333333333333333,2.0,0.3333333333333333,1.6666666666666667
2,2019-08-10,1,86,8,5.32,1.59,0.5,4.27,1.5,1.0,2.0,1.5
0,2019-08-10,6,30,127,2.33,3.43,1.25,3.22,2.5,0.75,0.5,1.75
2,2019-08-10,6,54,85,6.97,1.54,1.75,4.02,1.75,1.75,1.0,0.75
2,2019-08-10,1,88,122,10.31,1.28,3.0,5.99,1.5,3.0,0.5,1.5
2,2019-08-10,4,26,52,8.17,1.42,0.6666666666666666,4.38,1.0,0.3333333333333333,1.3333333333333333,0.6666666666666666
2,2019-08-10,4,24,110,4.11,1.87,1.3333333333333333,3.74,2.0,1.6666666666666667,1.6666666666666667,1.3333333333333333
2,2019-08-10,10,18,35,6.42,1.66,2.5,3.56,0.75,2.5,0.75,1.75
2,2019-08-10,10,43,10,3.71,2.16,1.5,3.29,1.75,1.5,1.0,1.5
0,2019-08-10,4,118,12,2.59,2.79,0.5,3.31,2.0,1.5,5.0,1.0
0,2019-08-10,4,68,69,2.06,3.31,1.0,3.8,1.0,1.3333333333333333,2.0,1.6666666666666667
0,2019-08-10,9,98,125,1.63,4.82,1.3333333333333333,4.39,2.3333333333333335,1.0,1.3333333333333333,1.3333333333333333
2,2019-08-10,9,16,92,3.47,1.93,2.0,3.92,1.6666666666666667,2.6666666666666665,1.6666666666666667,0.6666666666666666
0,2019-08-10,1,5,56,1.51,6.08,0.0,4.63,3.0,0.5,3.5,2.5
1,2019-08-10,6,73,101,4.57,1.93,0.0,3.25,0.75,0.75,2.0,1.0
2,2019-08-11,6,9,112,3.82,2.18,1.75,3.01,1.0,1.75,1.5,1.5
2,2019-08-11,6,59,115,8.81,1.39,1.75,4.83,1.75,1.25,1.0,2.0
1,2019-08-11,1,104,99,3.45,2.03,1.5,3.86,0.5,2.5,2.0,1.0
2,2019-08-11,4,47,11,3.92,2.01,1.3333333333333333,3.34,1.5,1.0,1.3333333333333333,0.5
2,2019-08-11,4,103,70,6.58,1.5,2.0,4.34,1.3333333333333333,1.6666666666666667,1.3333333333333333,2.3333333333333335
1,2019-08-11,6,19,95,9.31,1.37,2.25,4.65,0.25,1.0,0.75,0.0
0,2019-08-11,4,105,22,2.35,3.03,0.3333333333333333,3.4,2.3333333333333335,0.3333333333333333,1.6666666666666667,2.3333333333333335
0,2019-08-11,6,6,97,3.13,2.32,1.5,3.39,1.25,0.75,1.25,0.75
0,2019-08-11,10,38,37,5.06,1.68,1.0,3.98,0.5,1.25,1.75,0.5
2,2019-08-11,10,2,31,3.47,2.19,1.0,3.27,0.25,1.0,1.25,0.25
0,2019-08-11,10,49,17,1.66,4.66,1.5,4.4,1.75,1.75,1.5,2.25
2,2019-08-11,1,48,100,1.83,3.86,1.5,4.22,3.0,2.5,1.5,2.0
1,2019-08-11,9,128,123,3.66,1.97,0.3333333333333333,3.72,0.6666666666666666,0.3333333333333333,2.3333333333333335,1.0
0,2019-08-11,9,61,102,3.78,1.99,1.3333333333333333,3.57,0.6666666666666666,0.6666666666666666,0.3333333333333333,1.3333333333333333
0,2019-08-11,9,60,94,3.97,1.95,1.3333333333333333,3.55,1.3333333333333333,1.3333333333333333,0.6666666666666666,1.3333333333333333
1,2019-08-11,10,71,93,8.57,1.27,1.5,6.57,0.0,1.75,1.25,0.75
0,2019-08-11,1,63,13,2.61,2.65,1.5,3.49,0.0,1.5,2.5,0.5
0,2019-08-11,10,107,91,5.46,1.73,2.25,3.48,1.0,1.75,1.0,0.75
0,2019-08-11,10,50,66,1.85,4.24,1.5,3.68,3.0,1.25,1.5,1.25
2,2019-08-12,6,39,55,6.42,1.58,2.0,3.91,0.75,2.25,1.75,1.5
1,2019-08-12,10,96,3,2.89,2.39,1.75,3.59,0.25,1.75,1.0,0.75
2,2019-08-12,4,89,79,6.4,1.47,3.0,4.53,0.5,2.6666666666666665,0.3333333333333333,1.0
1,2019-08-12,10,120,33,4.51,1.81,2.5,3.61,2.0,2.75,1.0,2.25
2,2019-08-14,9,128,98,3.22,2.12,0.5,3.83,1.0,0.75,2.25,1.25
2,2019-08-16,10,71,72,3.1,2.19,1.4,3.89,1.8,1.8,1.4,2.0
0,2019-08-16,10,82,34,1.87,4.19,1.0,3.69,3.0,1.6,1.6,2.2
2,2019-08-16,10,21,28,2.32,3.07,0.2,3.43,0.6,0.8,2.2,0.8
1,2019-08-16,6,73,95,3.4,2.26,0.2,3.24,0.4,1.0,2.0,0.0
2,2019-08-16,10,35,4,4.99,1.76,0.6,3.63,0.6,1.4,2.6,1.6
0,2019-08-17,1,99,88,1.16,15.62,0.6666666666666666,8.92,3.0,1.0,2.0,3.6666666666666665
0,2019-08-17,4,79,75,2.05,3.43,0.3333333333333333,3.6,0.25,1.0,2.6666666666666665,1.5
0,2019-08-17,4,12,26,2.06,3.78,2.25,3.31,1.25,1.25,0.75,0.75
1,2019-08-17,4,11,103,2.28,3.24,1.0,3.25,2.25,0.3333333333333333,1.6666666666666667,2.0
0,2019-08-17,6,101,54,1.78,4.8,0.8,3.54,2.0,1.2,1.4,1.6
1,2019-08-17,1,56,104,6.62,1.43,3.0,4.67,1.3333333333333333,2.0,0.0,2.0
0,2019-08-17,6,115,55,3.18,2.31,1.4,3.17,0.6,1.6,2.0,1.2
1,2019-08-17,6,127,6,10.14,1.32,2.6,5.22,1.2,1.8,0.4,0.8
2,2019-08-17,1,122,63,7.73,1.37,1.0,5.12,1.0,1.6666666666666667,2.0,1.3333333333333333
1,2019-08-17,10,91,18,2.19,3.37,1.4,3.32,2.6,0.8,0.6,2.6
2,2019-08-18,4,22,68,5.19,1.68,2.5,3.91,0.75,2.0,0.75,1.0
2,2019-08-18,4,69,105,6.47,1.46,1.5,4.59,0.25,1.5,1.75,0.25
1,2019-08-18,10,33,107,3.5,2.11,1.8,3.32,1.8,2.2,1.2,1.4
0,2019-08-18,1,100,86,2.53,2.66,2.0,3.63,1.3333333333333333,1.3333333333333333,0.3333333333333333,1.3333333333333333
2,2019-08-18,6,85,9,3.58,2.29,1.4,2.99,2.0,0.6,0.6,1.6
2,2019-08-18,6,112,39,2.8,2.91,0.8,2.98,2.2,1.2,1.6,2.0
0,2019-08-18,10,38,78,4.48,1.74,0.8,3.86,2.2,1.2,2.0,1.2
2,2019-08-18,4,110,118,8.84,1.33,1.5,5.11,0.3333333333333333,1.0,0.5,1.3333333333333333
1,2019-08-18,10,93,96,1.93,3.67,0.2,4.11,1.6,1.0,2.8,1.4
2,2019-08-18,10,31,62,4.64,1.76,0.2,3.94,1.2,0.2,1.8,1.0
1,2019-08-18,10,66,49,9.09,1.36,3.0,4.91,1.2,1.4,0.2,1.4
2,2019-08-18,10,17,2,3.36,2.09,2.0,3.72,1.4,2.2,1.2,1.6
0,2019-08-18,6,30,59,2.38,3.13,1.0,3.2,2.0,0.6,0.8,1.8
1,2019-08-18,1,13,5,5.04,1.69,1.0,3.86,0.0,2.0,2.3333333333333335,0.3333333333333333
1,2019-08-18,1,8,48,5.74,1.53,1.0,4.65,2.0,1.3333333333333333,2.0,2.0
2,2019-08-18,4,23,47,5.22,1.64,1.3333333333333333,4.0,1.75,1.6666666666666667,1.3333333333333333,1.5
2,2019-08-18,4,70,89,2.68,2.67,1.0,3.36,3.0,2.0,1.25,3.0
1,2019-08-19,10,10,120,2.02,3.68,1.4,3.52,2.2,1.2,1.2,2.6
2,2019-08-19,6,97,19,2.77,2.73,1.6,3.15,2.0,1.2,1.0,0.8
2,2019-08-19,10,3,50,4.35,1.84,0.4,3.83,1.2,0.6,1.2,1.0
0,2019-08-19,4,52,80,2.73,2.64,0.75,3.22,2.5,0.5,1.5,2.0
0,2019-08-19,10,37,43,2.25,3.29,1.0,3.29,1.8,1.0,1.4,1.4
2,2019-08-23,10,107,10,4.97,1.76,1.4,3.8,1.4,1.0,0.8,1.0
1,2019-08-23,10,49,72,1.83,4.2,1.2,3.96,1.8,1.4,1.6,1.6
1,2019-08-23,10,78,21,5.75,1.62,2.6,3.88,0.6,1.4,0.2,1.0
2,2019-08-24,4,89,69,2.63,2.64,2.4,3.48,1.8,2.4,1.0,1.6
0,2019-08-24,1,63,99,3.21,2.25,0.75,3.54,0.5,1.0,3.75,0.75
0,2019-08-24,1,86,56,2.94,2.36,1.75,3.6,2.5,1.25,1.25,1.75
2,2019-08-24,9,125,128,7.01,1.4,2.5,5.12,1.0,1.75,0.75,1.0
0,2019-08-24,9,123,16,1.52,5.81,0.75,4.67,2.25,1.25,1.5,2.75
0,2019-08-24,4,118,11,2.49,2.9,0.25,3.3,1.0,1.0,3.5,0.5
0,2019-08-24,6,101,30,2.04,4.04,0.8,3.17,0.8,1.0,1.4,0.6
2,2019-08-24,6,112,127,1.67,5.51,1.4,3.71,2.2,1.2,1.0,1.4
1,2019-08-24,6,54,59,2.73,2.66,2.6,3.34,2.4,2.0,0.6,2.0
0,2019-08-24,4,80,23,2.32,3.06,2.6,3.41,1.75,2.0,0.4,2.25
1,2019-08-24,10,4,91,2.33,3.14,0.6,3.23,1.4,1.4,2.6,1.0
2,2019-08-24,10,18,33,3.78,2.13,2.6,3.23,1.8,2.6,0.6,2.0
2,2019-08-24,1,122,8,4.36,1.77,1.5,4.08,1.0,2.5,1.5,1.75
2,2019-08-24,4,68,110,2.99,2.33,0.6,3.57,1.8,0.8,1.6,1.2
2,2019-08-25,1,88,5,50.37,1.05,3.0,16.19,0.25,4.25,0.75,0.5
2,2019-08-25,4,105,24,3.6,2.09,0.2,3.68,1.75,0.2,1.6,1.5
1,2019-08-25,1,48,13,2.21,2.96,1.75,3.84,1.0,2.25,1.5,1.75
1,2019-08-25,4,26,79,7.9,1.43,1.6,4.41,0.25,1.2,1.0,0.75
2,2019-08-25,4,75,12,4.82,1.62,0.8,4.06,1.8,2.0,2.0,1.2
1,2019-08-25,4,103,22,3.8,1.99,2.0,3.51,2.6,1.8,1.2,1.8
2,2019-08-25,1,100,104,5.07,1.68,1.5,4.06,1.25,1.0,0.5,1.75
0,2019-08-25,4,47,70,3.83,1.98,1.4,3.53,1.4,1.8,1.6,2.2
2,2019-08-25,10,43,38,2.79,2.51,2.2,3.31,0.2,1.6,0.4,0.6
2,2019-08-25,10,120,37,8.01,1.4,1.8,4.75,0.8,1.8,1.4,1.0
2,2019-08-25,6,19,6,7.1,1.53,2.0,3.98,0.8,1.0,0.6,0.6
0,2019-08-25,9,102,92,2.2,3.04,1.25,3.89,1.25,1.5,1.25,0.75
2,2019-08-25,9,98,60,2.35,2.91,0.8,3.5,1.0,1.2,1.8,1.0
2,2019-08-25,9,94,61,2.69,2.44,1.75,3.66,1.0,1.25,1.25,0.5
2,2019-08-25,10,62,82,2.25,3.05,0.6,3.71,1.0,0.6,2.2,1.4
1,2019-08-25,10,31,93,4.43,1.77,0.8,3.86,0.4,0.4,1.6,1.6
0,2019-08-25,10,96,66,2.17,3.25,1.2,3.66,2.6,1.6,1.2,1.4
0,2019-08-25,10,17,3,3.88,1.86,2.0,4.05,0.8,2.0,1.4,0.8
2,2019-08-25,10,34,71,4.75,1.74,3.0,3.84,1.4,1.8,0.4,1.6
0,2019-08-25,6,55,97,2.71,2.82,0.6,3.21,1.6,1.4,1.8,1.4
2,2019-08-25,6,39,85,5.08,1.86,1.6,3.34,1.8,1.6,1.6,0.6
2,2019-08-25,6,9,73,3.97,2.07,1.8,3.25,0.4,1.4,1.2,1.0
0,2019-08-26,10,50,2,2.04,3.57,1.2,3.7,1.4,1.0,1.4,1.8
2,2019-08-26,6,115,95,3.17,2.38,0.8,3.18,0.6,1.2,2.2,0.2
2,2019-08-26,10,28,35,3.2,2.32,0.6,3.23,1.2,1.2,2.0,1.2
1,2019-08-28,4,11,68,2.87,2.47,1.4,3.35,1.2,0.8,1.4,0.8
1,2019-08-28,4,12,103,1.94,3.85,1.2,3.63,1.6,1.2,1.8,1.2
0,2019-08-28,4,118,80,1.93,3.62,0.2,3.84,2.0,1.0,3.2,1.6
1,2019-08-28,4,22,75,3.03,2.28,2.2,3.51,1.4,1.2,0.4,2.4
1,2019-08-29,4,23,89,4.62,1.66,2.0,4.35,2.4,2.6,1.4,2.2
1,2019-08-29,4,70,105,3.42,2.15,1.8,3.43,0.8,2.6,1.2,0.6
2,2019-08-29,4,24,26,2.67,2.82,1.4,3.12,1.6,1.2,1.4,1.4
2,2019-08-30,4,69,110,6.99,1.46,1.8,4.52,1.2,1.4,1.0,0.8
1,2019-08-30,10,33,4,7.18,1.49,1.2,4.28,0.8,1.4,1.6,1.4
0,2019-08-30,10,37,107,1.98,3.96,0.8,3.45,1.4,0.8,2.0,0.8
1,2019-08-30,10,72,96,3.95,1.87,1.4,3.85,1.0,0.8,1.0,1.4
1,2019-08-30,6,55,30,2.15,3.58,0.6,3.2,1.4,1.2,1.6,1.0
2,2019-08-30,4,79,52,3.49,2.12,0.4,3.43,0.6,0.8,2.6,0.4
0,2019-08-31,6,59,39,5.26,1.74,2.0,3.63,2.0,1.8,0.8,1.6
0,2019-08-31,6,85,95,3.9,2.09,1.2,3.06,0.6,0.6,0.8,0.4
0,2019-08-31,6,112,73,3.54,2.42,2.0,2.75,0.4,1.0,0.4,1.0
2,2019-08-31,10,71,49,7.88,1.36,1.4,5.5,1.2,1.6,1.6,1.2
2,2019-08-31,4,12,22,2.31,3.13,0.8,3.32,2.2,1.2,2.0,1.4
0,2019-08-31,1,5,63,3.02,2.23,0.2,3.64,0.6,0.4,2.8,0.8
2,2019-08-31,4,70,24,3.61,2.02,2.0,3.64,1.4,2.8,1.0,1.2
1,2019-08-31,9,92,123,5.51,1.56,1.6,4.48,0.6,1.4,0.8,1.0
2,2019-08-31,4,68,118,9.58,1.31,1.4,5.33,0.0,1.0,0.8,0.4
2,2019-08-31,10,43,78,4.68,1.84,2.2,3.65,2.2,2.0,0.4,1.6
2,2019-08-31,10,10,18,2.05,3.72,1.4,3.32,2.6,1.0,1.0,2.6
0,2019-08-31,1,104,88,1.15,13.97,1.0,8.23,3.0,1.4,1.6,4.4
0,2019-08-31,1,56,122,3.96,1.9,2.6,3.79,1.8,1.8,0.4,3.0
1,2019-08-31,6,6,101,4.52,1.98,0.8,3.12,0.8,0.6,1.6,0.8
1,2019-09-01,4,80,79,5.58,1.6,2.4,4.25,1.0,2.4,1.0,1.0
1,2019-09-01,4,103,23,3.56,2.1,1.8,3.44,1.6,1.4,0.8,2.4
0,2019-09-01,9,102,94,2.72,2.51,1.0,3.54,2.0,1.2,1.8,1.4
1,2019-09-01,4,26,47,4.32,1.92,1.4,3.25,1.4,1.6,1.6,2.0
0,2019-09-01,4,75,11,4.9,1.78,1.4,3.66,1.6,2.0,1.2,1.0
2,2019-09-01,4,110,105,4.03,1.92,0.6,3.62,0.8,0.4,1.2,0.6
1,2019-09-01,9,61,125,1.56,5.35,0.8,4.59,2.6,0.6,1.0,2.2
0,2019-09-01,1,99,48,3.04,2.21,1.0,3.74,1.6,0.8,2.4,2.2
0,2019-09-01,1,8,100,2.58,2.75,0.8,3.4,1.8,1.8,2.8,1.2
2,2019-09-01,10,35,21,4.75,1.77,1.2,3.46,0.8,1.2,2.2,1.4
2,2019-09-01,10,38,120,2.69,2.58,0.0,3.46,1.8,0.6,2.6,2.4
2,2019-09-01,9,16,60,6.24,1.53,2.4,4.19,0.8,2.8,1.2,1.2
0,2019-09-01,6,9,19,1.86,4.34,1.8,3.61,2.0,1.2,1.0,1.2
0,2019-09-01,6,97,127,2.17,3.28,2.0,3.5,1.6,1.4,1.0,1.0
0,2019-09-01,6,115,54,2.05,3.5,0.8,3.72,2.2,1.2,2.4,1.6
2,2019-09-01,10,2,34,2.93,2.53,1.8,3.3,3.0,2.6,0.8,2.0
2,2019-09-01,10,82,93,4.33,1.73,0.8,4.35,0.6,1.0,1.4,2.0
2,2019-09-01,10,50,62,3.33,2.29,0.6,3.29,1.2,0.4,2.4,0.8
2,2019-09-01,10,3,31,4.76,1.74,1.4,3.95,0.8,1.2,0.6,0.6
0,2019-09-01,1,13,86,2.35,2.73,1.0,4.02,1.4,1.8,2.0,1.2
2,2019-09-01,10,66,17,4.44,1.72,2.6,4.15,1.8,1.4,0.2,1.6
0,2019-09-02,10,91,28,3.38,2.28,1.4,3.08,1.2,1.2,1.0,1.8
2,2019-09-02,4,52,69,1.65,5.16,0.6,3.9,2.4,0.6,1.8,1.8
1,2019-09-13,10,96,50,4.34,1.88,0.6,3.57,1.2,0.8,1.4,0.8
2,2019-09-13,6,127,9,11.62,1.29,1.6,5.42,1.8,0.8,0.4,1.0
2,2019-09-13,10,18,37,10.57,1.31,2.0,5.31,0.8,2.8,1.2,0.8
1,2019-09-13,10,4,10,1.97,3.87,1.0,3.5,1.4,1.8,2.0,1.2
1,2019-09-14,4,24,103,2.52,2.82,1.2,3.39,1.4,1.4,2.0,1.4
0,2019-09-14,4,79,11,2.77,2.62,1.0,3.26,1.6,1.0,2.2,1.2
1,2019-09-14,4,118,26,1.56,5.85,0.0,4.23,1.6,0.4,2.4,1.8
0,2019-09-14,4,69,70,6.41,1.48,1.8,4.57,2.0,1.2,0.6,2.0
2,2019-09-14,1,88,48,24.72,1.05,3.0,17.98,2.2,5.0,0.8,2.6
1,2019-09-14,10,28,33,2.96,2.5,1.8,3.38,0.8,2.0,1.4,1.4
1,2019-09-14,10,21,91,2.91,2.6,0.8,3.09,1.2,1.6,2.6,1.0
0,2019-09-14,1,100,56,2.11,3.38,1.8,3.63,2.0,1.0,0.6,1.4
0,2019-09-14,1,63,104,3.02,2.24,0.6,3.75,0.4,1.0,3.2,1.0
0,2019-09-14,6,95,59,1.87,4.28,1.2,3.56,2.0,1.0,0.8,2.0
0,2019-09-14,6,97,115,7.09,1.49,2.0,4.36,0.8,1.4,0.8,1.6
2,2019-09-15,1,122,13,6.0,1.51,1.8,4.66,1.0,2.6,1.6,1.8
2,2019-09-15,10,3,2,3.31,2.35,2.0,3.29,1.8,1.4,0.4,2.2
0,2019-09-15,10,31,82,2.96,2.49,0.8,3.25,1.2,0.6,1.6,1.0
0,2019-09-15,10,62,66,1.45,7.16,1.2,4.79,2.6,1.0,1.2,1.4
2,2019-09-15,10,49,34,1.45,6.92,1.0,4.68,2.4,1.0,1.4,1.6
2,2019-09-15,10,17,71,3.53,1.92,1.2,4.31,1.4,1.0,1.4,1.6
2,2019-09-15,1,86,5,9.08,1.31,2.0,5.85,0.2,1.8,1.2,0.6
2,2019-09-15,6,73,85,3.91,2.07,1.0,3.32,0.6,1.4,1.6,0.4
2,2019-09-15,1,8,99,5.3,1.6,0.8,4.44,1.0,2.0,2.8,1.0
1,2019-09-15,10,78,35,3.57,2.11,1.6,3.31,1.8,1.6,1.2,1.2
0,2019-09-15,10,107,38,3.28,2.21,1.4,3.39,0.6,1.0,1.0,1.0
2,2019-09-15,6,54,55,7.53,1.45,2.2,4.37,0.8,1.8,0.8,1.0
2,2019-09-15,4,23,52,7.37,1.36,1.6,5.84,1.2,2.6,1.8,0.8
0,2019-09-15,6,101,19,1.47,7.18,0.4,4.33,2.0,0.6,1.6,1.4
1,2019-09-15,4,22,110,3.89,2.02,1.6,3.31,1.2,0.8,1.0,0.8
0,2019-09-15,4,105,68,3.22,2.22,0.8,3.37,1.4,0.8,1.2,0.8
2,2019-09-15,4,47,12,3.85,1.98,1.0,3.47,1.4,1.8,1.6,1.6
1,2019-09-16,4,89,75,3.6,1.95,2.0,3.97,1.4,2.0,1.6,1.8
2,2019-09-16,10,120,43,4.55,1.79,1.2,3.75,2.6,2.0,1.4,2.4
2,2019-09-16,6,39,6,5.6,1.66,2.0,3.68,1.0,1.4,1.2,0.8
1,2019-09-16,6,30,112,6.43,1.6,1.0,3.62,1.4,0.6,0.8,0.8
0,2019-09-16,10,93,72,1.71,4.24,0.6,4.46,1.6,1.8,2.4,0.4
2,2019-09-20,6,112,97,2.44,3.3,1.4,3.06,1.8,0.8,0.6,1.6
0,2019-09-20,10,43,107,3.15,2.47,2.4,2.93,1.4,2.4,1.2,0.8
0,2019-09-20,10,72,3,3.21,2.29,1.6,3.48,2.6,0.8,0.4,1.8
2,2019-09-21,10,91,35,3.22,2.48,1.2,3.06,1.4,0.6,0.6,0.8
0,2019-09-21,9,123,94,2.47,2.79,0.6,3.55,2.6,1.0,1.8,1.4
2,2019-09-21,6,127,85,11.88,1.28,2.0,5.79,0.6,1.2,0.4,0.6
0,2019-09-21,1,104,86,1.58,4.7,1.0,4.77,2.4,1.0,1.8,2.4
1,2019-09-21,1,63,100,1.9,4.03,0.6,3.76,1.2,0.8,2.8,0.8
1,2019-09-21,1,5,99,3.07,2.29,0.2,3.51,0.8,0.4,3.0,0.6
2,2019-09-21,9,98,92,2.48,2.69,1.4,3.72,1.6,1.8,1.8,1.6
2,2019-09-21,10,10,28,3.39,2.21,1.0,3.18,1.4,1.0,1.2,1.4
0,2019-09-21,4,70,23,2.36,2.81,2.6,3.67,2.2,2.2,0.8,2.8
2,2019-09-21,4,69,79,10.34,1.26,1.2,5.72,1.0,1.0,1.0,1.0
0,2019-09-21,4,11,89,2.79,2.45,2.2,3.57,1.6,1.8,0.8,2.0
2,2019-09-21,4,68,47,3.4,2.2,2.0,3.32,1.4,1.2,0.4,1.8
0,2019-09-21,4,12,105,3.22,2.31,0.8,3.22,0.8,1.2,1.6,0.8
1,2019-09-21,6,6,55,3.87,2.05,0.4,3.41,0.8,0.6,1.8,1.2
2,2019-09-21,6,101,39,1.71,4.81,0.4,3.81,2.4,0.6,1.8,1.4
0,2019-09-21,10,37,4,2.97,2.3,0.6,3.31,1.2,0.8,3.0,1.6
2,2019-09-22,6,19,54,3.53,2.1,2.0,3.55,2.6,1.6,0.6,2.4
1,2019-09-22,10,38,18,2.95,2.51,1.2,3.18,2.0,1.0,2.0,3.0
0,2019-09-22,10,33,21,6.01,1.58,0.8,4.2,1.0,1.4,2.0,1.4
0,2019-09-22,6,30,95,5.79,1.63,1.0,3.81,1.0,0.6,0.8,1.0
1,2019-09-22,9,60,61,3.09,2.27,0.2,3.5,0.4,0.6,1.6,0.6
1,2019-09-22,1,56,88,2.24,2.9,2.0,3.73,3.0,1.2,0.6,5.6
2,2019-09-22,1,13,8,2.96,2.18,1.0,3.94,0.8,1.8,2.0,2.6
0,2019-09-22,1,48,122,1.69,4.58,1.6,4.48,2.4,2.2,2.6,3.2
1,2019-09-22,6,9,115,3.98,2.03,1.2,3.41,1.2,1.0,1.4,1.6
2,2019-09-22,9,128,102,3.72,2.02,1.0,3.71,0.8,1.0,2.0,0.8
0,2019-09-22,6,73,59,2.37,3.24,1.6,3.23,2.0,1.6,1.4,1.8
1,2019-09-22,4,110,26,2.73,2.65,1.4,3.27,1.2,1.0,1.2,1.4
1,2019-09-22,4,22,80,4.74,1.75,1.2,3.73,2.0,0.8,1.2,2.0
2,2019-09-22,4,75,24,4.89,1.62,1.6,4.42,1.4,2.0,1.2,1.4
1,2019-09-22,9,125,16,3.66,1.95,2.6,3.95,2.4,2.4,0.8,2.4
2,2019-09-22,10,71,2,3.45,1.93,1.4,4.11,1.8,1.8,2.0,2.2
1,2019-09-22,10,49,96,2.25,3.14,1.0,3.35,0.8,0.8,1.2,0.6
1,2019-09-22,10,34,66,3.17,2.36,1.8,3.34,2.6,1.4,0.8,1.8
0,2019-09-22,10,93,62,2.82,2.35,0.6,3.78,0.6,1.4,2.4,0.6
2,2019-09-22,10,31,17,2.01,3.63,0.8,3.9,1.8,0.6,2.0,1.6
2,2019-09-23,10,82,50,4.67,1.78,1.2,3.69,0.8,1.0,0.8,0.4
2,2019-09-23,10,120,78,6.48,1.44,1.6,4.84,1.6,2.4,1.2,1.6
2,2019-09-23,4,52,118,5.57,1.61,0.6,4.06,0.2,0.6,1.8,0.2
1,2019-09-25,9,102,125,1.5,5.87,0.6,4.76,2.2,0.8,2.0,2.4
0,2019-09-25,9,94,98,3.53,2.07,3.0,3.57,1.4,2.0,0.6,2.0
0,2019-09-25,4,80,70,3.19,2.14,1.6,3.66,2.0,2.0,1.4,2.0
0,2019-09-25,4,103,79,8.71,1.35,1.0,5.19,1.0,1.0,1.0,1.4
1,2019-09-25,4,23,12,7.56,1.36,2.2,5.19,0.8,2.8,1.2,1.0
0,2019-09-25,4,47,75,3.05,2.32,0.8,3.44,1.6,1.2,1.6,2.0
2,2019-09-25,9,16,128,7.98,1.35,2.6,5.55,1.4,2.4,1.0,1.4
1,2019-09-26,4,26,69,3.76,2.07,0.8,3.32,1.2,1.0,1.2,1.2
2,2019-09-26,4,89,118,11.3,1.27,1.6,5.96,0.2,1.8,2.0,0.2
1,2019-09-26,4,52,22,2.44,2.81,1.2,3.34,0.8,1.0,1.4,1.0
2,2019-09-26,4,24,68,3.87,1.95,0.8,3.59,2.6,1.4,2.4,1.4
2,2019-09-26,9,61,123,4.65,1.76,0.4,3.81,0.6,0.8,1.6,1.2
1,2019-09-26,9,92,60,3.37,2.15,1.4,3.53,0.2,1.8,1.6,0.8
2,2019-09-27,4,105,11,3.12,2.35,1.4,3.22,2.0,1.0,1.0,2.0
2,2019-09-27,10,62,49,4.28,1.89,1.2,3.68,1.2,1.2,1.6,1.0
2,2019-09-27,10,28,37,6.79,1.47,1.4,4.23,0.0,1.8,1.4,0.4
0,2019-09-28,10,35,33,3.09,2.43,1.4,3.13,0.6,0.8,1.6,1.0
2,2019-09-28,10,34,93,14.6,1.18,1.4,7.28,0.4,1.0,0.8,1.4
2,2019-09-28,4,79,23,1.94,3.72,1.4,3.82,1.8,1.4,1.6,2.2
2,2019-09-28,6,55,101,4.46,1.89,1.0,3.46,0.8,1.4,1.6,0.6
2,2019-09-28,6,39,30,3.68,2.13,1.8,3.29,1.0,1.4,1.4,1.0
2,2019-09-28,6,59,127,2.52,2.9,2.0,3.22,2.0,1.6,1.2,1.8
2,2019-09-28,10,21,10,2.8,2.61,1.6,3.26,1.6,1.8,1.2,1.6
2,2019-09-28,9,98,102,3.17,2.11,1.8,3.8,0.8,2.2,1.8,0.6
2,2019-09-28,4,12,80,2.58,2.73,1.0,3.36,1.0,1.0,0.8,1.8
2,2019-09-28,4,75,26,3.01,2.34,1.6,3.49,0.8,2.2,1.6,1.0
1,2019-09-28,1,122,104,9.94,1.27,3.0,6.42,0.8,3.2,0.4,0.8
0,2019-09-28,1,99,56,1.32,8.74,0.8,5.38,1.6,0.6,3.2,1.4
2,2019-09-28,1,88,13,12.58,1.17,2.6,8.06,1.0,5.0,1.0,1.2
2,2019-09-28,9,125,94,9.29,1.3,1.8,5.63,2.4,2.2,1.2,1.6
2,2019-09-29,10,3,71,3.15,2.17,3.0,3.79,1.8,2.2,0.2,1.8
0,2019-09-29,9,60,123,4.68,1.81,0.4,3.55,0.4,0.8,1.4,1.0
0,2019-09-29,9,92,128,3.84,1.94,1.0,3.76,1.4,1.6,1.6,1.2
1,2019-09-29,4,70,52,4.96,1.72,2.0,3.69,1.4,2.0,1.6,1.2
0,2019-09-29,4,11,24,3.5,2.13,1.4,3.37,1.4,1.8,1.6,2.0
2,2019-09-29,4,110,89,3.01,2.27,1.0,3.66,2.2,0.8,1.4,2.8
2,2019-09-29,9,16,61,7.3,1.42,2.6,4.72,1.0,2.6,0.6,1.0
0,2019-09-29,10,66,72,5.73,1.57,2.2,4.17,1.0,1.4,0.2,0.8
2,2019-09-29,10,96,17,2.35,2.82,0.8,3.77,1.2,0.8,1.2,1.4
0,2019-09-29,1,8,63,5.3,1.6,0.8,4.46,0.8,2.4,2.4,1.2
2,2019-09-29,1,100,5,7.62,1.43,1.4,4.68,0.4,1.4,1.4,0.6
1,2019-09-29,1,86,48,11.34,1.21,2.4,7.49,1.0,2.4,0.6,2.0
0,2019-09-29,10,2,82,3.49,2.06,1.2,3.67,1.8,1.6,1.4,1.4
2,2019-09-29,10,18,43,5.75,1.63,1.6,3.94,1.8,2.4,1.0,2.6
2,2019-09-29,6,54,9,6.99,1.47,2.0,4.55,0.8,2.6,1.6,1.0
0,2019-09-29,6,97,73,4.83,1.74,1.2,3.85,1.4,1.0,1.2,1.6
1,2019-09-29,6,85,112,2.96,2.67,0.6,2.95,2.0,0.6,2.4,1.0
0,2019-09-29,6,115,19,1.71,4.65,1.4,4.13,2.4,1.8,2.0,2.2
2,2019-09-29,4,22,47,4.09,1.98,0.8,3.27,0.8,1.0,1.6,1.0
0,2019-09-29,10,4,38,1.39,7.7,1.2,4.7,1.4,1.4,1.4,0.8
0,2019-09-29,4,69,103,3.5,2.1,1.4,3.43,0.8,1.2,1.2,0.8
2,2019-09-30,6,95,6,3.67,2.18,1.4,3.12,0.6,1.6,1.4,0.6
1,2019-09-30,10,78,91,3.81,2.25,1.0,2.89,1.2,1.4,1.6,1.0
1,2019-09-30,4,118,105,2.03,3.75,0.2,3.41,1.4,0.0,2.6,1.2
1,2019-09-30,10,50,31,2.62,2.93,0.8,3.07,1.4,0.6,2.0,1.2
2,2019-09-30,10,107,120,3.34,2.23,2.0,3.35,2.0,1.4,1.0,2.4
1,2019-10-04,10,33,91,4.55,1.99,1.0,3.1,1.2,1.0,2.0,1.0
1,2019-10-04,10,71,62,8.0,1.31,1.2,6.11,1.8,1.6,2.4,1.6
1,2019-10-04,10,107,78,6.46,1.57,2.4,3.92,0.6,1.8,1.0,1.2
0,2019-10-05,9,102,61,2.5,2.75,0.2,3.43,1.0,0.2,2.4,1.0
0,2019-10-05,6,112,6,3.67,2.28,1.6,2.98,0.4,0.6,0.4,0.6
0,2019-10-05,6,95,55,3.72,2.1,1.8,3.3,1.0,1.8,1.2,1.2
2,2019-10-05,6,85,101,4.13,2.03,0.2,3.25,0.8,0.4,2.4,0.6
1,2019-10-05,9,123,92,2.51,2.76,0.8,3.48,1.0,0.8,1.8,1.4
2,2019-10-05,6,73,30,2.56,2.95,1.8,3.14,1.0,1.8,1.6,0.8
2,2019-10-05,1,5,104,2.6,2.6,0.2,3.59,0.8,0.6,3.6,1.0
0,2019-10-05,10,49,2,1.81,4.16,1.0,3.88,1.2,1.0,1.2,1.4
0,2019-10-05,4,68,70,2.56,2.64,2.0,3.47,2.0,1.4,0.8,1.8
1,2019-10-05,4,23,118,14.25,1.17,1.6,7.74,0.4,2.0,1.4,0.2
1,2019-10-05,10,38,28,5.74,1.6,2.0,4.05,2.0,1.2,1.0,1.8
2,2019-10-05,1,88,8,15.42,1.14,2.6,8.2,0.6,4.6,1.2,1.8
0,2019-10-05,1,63,86,1.65,4.77,1.4,4.35,2.0,1.6,1.4,2.8
2,2019-10-05,10,43,4,7.0,1.48,1.2,4.4,1.2,2.0,2.4,1.2
0,2019-10-06,10,31,96,2.63,2.75,1.0,3.31,1.2,1.2,1.6,0.6
2,2019-10-06,10,120,18,2.79,2.58,1.8,3.23,2.0,2.4,1.4,2.8
0,2019-10-06,9,128,125,1.63,4.76,1.8,4.46,1.8,1.0,1.8,2.2
1,2019-10-06,4,47,110,2.99,2.38,0.8,3.36,1.6,1.0,2.0,1.2
1,2019-10-06,4,24,12,5.32,1.67,1.4,3.81,1.4,2.0,2.4,1.2
2,2019-10-06,1,122,99,8.4,1.29,2.6,6.36,0.8,2.6,0.8,0.6
2,2019-10-06,4,103,89,4.2,1.83,1.2,3.83,1.6,1.0,0.8,2.4
2,2019-10-06,4,26,22,3.14,2.4,0.8,3.29,1.2,0.6,1.0,1.6
0,2019-10-06,9,94,60,2.68,2.67,1.8,3.37,0.4,1.8,1.4,0.8
1,2019-10-06,4,105,79,4.48,1.8,1.4,3.73,1.4,1.2,1.2,1.4
0,2019-10-06,1,48,56,1.4,6.64,1.0,5.61,2.0,2.0,3.0,1.8
2,2019-10-06,1,13,100,2.43,2.74,0.8,3.71,2.0,1.2,2.4,2.2
1,2019-10-06,9,98,16,1.82,4.01,2.4,4.07,2.6,2.6,1.2,2.6
0,2019-10-06,10,93,66,1.33,8.86,0.2,5.78,2.0,1.2,2.8,1.2
2,2019-10-06,6,59,9,6.07,1.56,2.0,4.04,0.8,1.4,1.0,1.0
0,2019-10-06,6,19,39,5.3,1.69,3.0,3.96,2.4,2.6,0.6,2.0
2,2019-10-06,10,82,3,2.49,2.88,2.4,3.32,3.0,2.0,0.6,2.4
0,2019-10-06,6,115,127,1.52,6.13,1.4,4.52,1.8,1.6,2.0,1.8
2,2019-10-06,6,54,97,4.43,1.78,2.0,3.84,0.6,2.6,1.6,0.8
2,2019-10-06,10,17,34,2.27,3.11,0.6,3.54,1.4,1.2,2.2,1.6
2,2019-10-06,10,72,50,4.1,1.94,1.6,3.46,1.0,1.0,0.4,0.8
0,2019-10-07,4,52,11,3.17,2.32,1.6,3.29,1.2,1.0,0.8,2.0
0,2019-10-07,10,37,21,2.71,2.71,0.0,3.18,1.6,0.6,3.0,1.4
2,2019-10-07,4,80,69,2.34,2.97,1.0,3.52,0.8,1.8,1.4,0.8
1,2019-10-07,10,10,35,3.63,2.13,1.4,3.28,0.8,1.4,1.4,0.4
0,2019-10-18,6,6,59,2.76,2.67,1.0,3.24,2.4,0.8,1.2,1.6
2,2019-10-18,10,2,72,3.67,2.0,1.2,3.59,2.0,0.8,1.6,1.6
2,2019-10-18,10,28,43,2.69,2.74,1.6,3.12,1.2,1.4,1.2,1.6
1,2019-10-18,10,35,37,4.48,1.82,1.0,3.52,0.0,0.4,1.0,0.6
2,2019-10-19,6,127,39,7.13,1.46,2.4,4.47,2.4,2.4,0.6,2.2
1,2019-10-19,6,97,85,5.89,1.6,0.0,4.05,0.8,0.6,1.6,0.6
2,2019-10-19,4,89,24,5.39,1.57,1.4,4.37,1.6,2.0,2.0,2.0
0,2019-10-19,4,26,68,6.39,1.54,1.2,4.16,1.8,1.4,1.2,1.6
2,2019-10-19,9,16,102,8.9,1.35,2.2,5.08,0.2,2.0,0.4,0.2
2,2019-10-19,9,125,123,12.71,1.23,1.8,6.56,1.0,2.2,1.2,1.2
0,2019-10-19,6,101,115,2.77,2.68,0.8,3.14,0.8,0.8,1.6,1.2
0,2019-10-19,4,79,12,3.19,2.33,1.4,3.14,1.0,1.4,1.6,1.0
0,2019-10-19,4,118,103,1.68,5.68,0.6,3.61,1.6,0.4,1.8,1.6
2,2019-10-19,10,18,107,5.0,1.78,1.4,3.53,2.0,2.2,1.2,1.8
0,2019-10-19,1,8,5,4.62,1.76,0.6,3.84,0.8,1.4,2.4,1.2
2,2019-10-19,1,56,63,11.99,1.18,2.0,7.42,1.4,1.8,0.8,2.0
1,2019-10-19,1,100,88,1.45,7.05,1.4,4.83,2.6,1.8,1.6,4.8
2,2019-10-20,10,50,49,3.42,2.28,1.0,3.2,0.8,0.8,1.4,1.0
0,2019-10-20,10,62,17,1.71,4.25,1.4,4.44,1.2,1.4,1.8,1.8
2,2019-10-20,10,34,31,6.74,1.53,0.8,3.98,0.8,1.2,1.6,1.0
0,2019-10-20,10,96,71,2.61,2.43,1.8,4.03,1.4,1.0,0.6,1.6
0,2019-10-20,10,21,38,1.75,4.68,2.0,3.64,2.2,1.2,0.4,1.4
0,2019-10-20,10,91,10,3.35,2.34,1.2,3.07,1.6,1.0,0.6,1.4
1,2019-10-20,10,4,120,1.57,5.47,1.0,4.25,1.8,1.2,1.8,2.2
0,2019-10-20,10,3,93,7.81,1.38,2.4,5.31,0.0,1.8,0.8,1.0
0,2019-10-20,9,92,98,2.88,2.35,0.6,3.61,2.6,1.0,1.6,2.4
1,2019-10-20,9,60,128,3.96,1.95,1.0,3.66,1.2,0.8,1.0,0.6
2,2019-10-20,9,61,94,4.14,1.89,1.6,3.8,1.2,1.2,1.2,1.6
0,2019-10-20,1,104,48,3.38,1.99,0.8,4.08,0.8,1.2,2.4,1.8
1,2019-10-20,6,112,19,1.78,5.03,1.0,3.48,2.4,0.4,0.6,2.2
1,2019-10-20,6,9,95,3.61,2.11,0.2,3.38,1.8,0.8,2.0,1.6
1,2019-10-20,6,30,54,2.77,2.6,0.4,3.4,2.4,0.4,1.6,2.8
1,2019-10-20,1,99,13,2.14,3.24,0.2,3.72,1.2,0.4,3.4,1.0
1,2019-10-20,4,70,22,2.75,2.6,2.0,3.26,1.2,1.8,1.4,2.0
0,2019-10-20,4,75,52,7.03,1.48,2.0,4.51,1.0,2.4,1.4,1.0
0,2019-10-20,4,110,23,2.89,2.4,1.8,3.59,1.6,1.4,0.8,2.0
0,2019-10-20,4,11,80,2.71,2.52,1.2,3.49,1.0,2.0,2.2,1.2
1,2019-10-20,1,86,122,2.82,2.3,2.6,3.99,2.6,3.2,1.2,2.4
0,2019-10-20,6,73,55,3.26,2.26,2.4,3.36,1.6,2.0,1.2,1.4
0,2019-10-21,10,78,33,2.04,3.67,0.6,3.43,1.2,1.0,1.4,1.0
1,2019-10-21,4,69,47,6.19,1.53,0.8,4.27,0.8,1.0,1.8,1.0
2,2019-10-21,10,66,82,5.99,1.58,2.0,4.01,3.0,1.2,0.4,2.4
1,2019-10-25,6,85,115,3.44,2.19,1.0,3.51,1.4,0.6,1.6,1.2
1,2019-10-25,10,91,37,5.09,1.71,1.2,3.72,0.2,1.4,1.0,0.4
0,2019-10-25,10,31,66,1.85,4.35,0.8,3.6,2.0,1.2,2.0,1.4
0,2019-10-26,4,12,70,2.78,2.53,1.6,3.36,1.6,1.2,0.8,1.8
2,2019-10-26,4,24,118,,1.19,1.4,,0.4,2.0,2.8,0.6
2,2019-10-26,4,80,110,3.42,2.14,1.4,3.47,1.2,1.4,1.4,1.2
1,2019-10-26,6,6,9,3.23,2.31,0.8,3.32,0.4,0.6,1.4,0.8
2,2019-10-26,6,101,112,3.02,2.66,0.6,2.97,1.2,0.8,1.8,0.4
1,2019-10-26,4,68,89,2.4,2.81,1.8,3.58,1.8,2.0,1.6,2.4
2,2019-10-26,6,39,95,6.12,1.6,1.8,3.9,1.4,2.0,2.0,1.2
1,2019-10-26,10,21,43,2.34,3.28,2.0,3.08,0.6,1.2,0.4,1.0
0,2019-10-26,1,13,104,5.35,1.59,1.4,4.5,0.8,1.2,1.8,1.0
2,2019-10-26,1,48,63,3.5,1.89,0.8,4.36,0.8,1.4,2.8,1.8
0,2019-10-26,1,99,100,1.81,4.04,0.4,3.98,1.0,0.6,3.2,1.6
2,2019-10-26,9,123,61,2.28,2.98,0.8,3.64,2.0,1.0,2.0,1.4
1,2019-10-26,9,94,92,2.33,3.0,0.6,3.58,0.4,1.6,2.2,0.8
0,2019-10-26,10,35,38,1.91,4.11,0.6,3.4,2.2,0.0,0.8,1.4
2,2019-10-27,4,22,79,5.82,1.59,1.2,4.09,1.4,2.2,2.2,1.2
0,2019-10-27,10,33,10,4.29,1.84,1.6,3.77,1.6,1.2,1.0,1.4
1,2019-10-27,10,4,107,1.62,5.25,1.0,4.07,1.4,0.8,1.4,1.4
2,2019-10-27,10,62,50,2.73,2.62,1.4,3.18,1.0,1.2,2.0,0.6
2,2019-10-27,9,128,16,1.91,3.79,1.4,3.91,2.2,0.6,1.6,2.2
0,2019-10-27,9,60,98,2.9,2.31,1.2,3.68,2.6,0.6,0.6,2.2
2,2019-10-27,4,105,75,2.65,2.61,1.6,3.51,2.0,1.2,1.0,2.4
1,2019-10-27,4,103,26,4.31,1.87,2.0,3.62,1.0,2.0,0.6,1.8
2,2019-10-27,4,23,11,5.36,1.56,1.6,4.52,0.6,1.8,1.4,1.4
1,2019-10-27,10,49,93,3.07,2.27,0.8,3.58,0.6,0.8,1.4,1.8
0,2019-10-27,6,55,127,1.76,4.8,2.0,3.65,2.4,1.6,1.0,3.4
2,2019-10-27,10,28,120,2.27,3.0,1.6,3.69,2.0,1.6,1.2,2.0
0,2019-10-27,6,59,97,4.2,1.95,3.0,3.45,0.2,1.8,0.6,0.6
0,2019-10-27,6,19,30,4.35,1.87,2.0,3.51,0.4,2.0,1.2,0.6
2,2019-10-27,1,88,86,8.93,1.3,2.2,5.8,2.2,4.0,1.2,2.8
1,2019-10-27,1,122,5,8.56,1.34,2.2,5.62,1.4,2.4,0.6,1.8
0,2019-10-27,10,96,2,2.73,2.54,1.6,3.57,1.2,1.2,1.4,0.8
2,2019-10-27,10,17,82,4.01,1.91,1.8,3.82,2.4,2.4,1.6,2.2
2,2019-10-27,9,125,102,9.37,1.3,2.2,5.69,0.2,2.6,1.0,0.4
0,2019-10-27,1,8,56,1.5,6.01,0.6,4.57,2.6,1.4,2.8,3.2
1,2019-10-27,6,54,73,5.97,1.56,2.0,4.15,1.8,2.2,1.4,1.6
2,2019-10-27,10,72,71,2.48,2.52,1.8,3.9,1.4,1.6,0.6,2.0
0,2019-10-28,10,3,34,2.37,3.08,1.8,3.38,1.4,2.2,1.6,1.8
0,2019-10-28,4,52,47,2.84,2.56,1.6,3.22,0.4,1.0,0.6,1.0
2,2019-10-28,10,78,18,1.6,5.87,0.6,4.03,2.0,0.6,1.4,2.2
0,2019-10-30,4,11,22,1.96,3.58,0.6,3.79,1.6,1.4,2.4,2.2
2,2019-10-30,4,110,12,,1.95,1.0,,1.6,1.0,1.4,1.2
2,2019-10-30,4,118,79,,2.59,0.4,,1.4,0.6,2.4,0.8
2,2019-10-30,4,89,80,4.68,1.72,1.4,3.96,1.8,2.2,1.8,1.6
0,2019-10-31,4,75,69,2.92,2.31,1.8,3.63,1.0,2.0,1.2,1.2
2,2019-10-31,4,103,105,6.67,1.51,2.0,4.24,2.2,2.0,0.6,1.6
0,2019-10-31,4,47,24,3.19,2.11,1.0,3.42,2.0,1.4,2.2,2.2
2,2019-11-01,10,120,21,8.13,1.4,1.4,4.74,2.0,1.6,1.6,1.4
1,2019-11-01,10,31,50,4.32,1.94,0.8,3.42,0.8,1.4,1.8,0.8
2,2019-11-01,4,26,23,3.72,1.93,1.0,3.69,1.6,1.8,1.8,1.6
2,2019-11-01,4,68,52,4.6,1.82,1.4,3.63,1.0,2.0,2.0,0.8
0,2019-11-02,1,63,88,1.13,14.67,0.8,9.7,2.2,2.0,3.2,3.2
0,2019-11-02,1,86,99,11.63,1.25,1.6,6.01,0.4,2.2,1.8,0.6
0,2019-11-02,1,100,122,2.45,2.74,1.6,3.73,1.8,2.4,1.2,2.2
2,2019-11-02,10,18,4,16.55,1.19,1.4,6.54,1.0,1.4,1.0,0.6
0,2019-11-02,4,12,11,3.62,2.08,1.4,3.42,0.6,1.2,1.8,1.2
1,2019-11-02,4,80,103,2.45,2.93,1.8,3.26,2.6,1.4,0.8,2.2
1,2019-11-02,6,30,6,5.48,1.7,0.8,3.61,1.0,0.8,1.8,0.6
1,2019-11-02,6,112,59,2.15,3.9,1.0,3.11,2.4,0.4,1.0,1.6
0,2019-11-02,6,95,101,4.27,1.97,1.4,3.36,1.2,1.2,1.4,1.4
1,2019-11-02,6,127,19,5.68,1.6,2.4,3.96,1.4,3.2,0.6,1.6
0,2019-11-02,9,102,128,2.5,2.65,0.2,3.64,1.4,0.8,2.8,0.8
2,2019-11-02,9,98,94,4.64,1.71,2.6,4.06,0.2,2.2,0.6,1.2
1,2019-11-02,10,43,35,4.27,1.94,0.8,3.31,0.4,1.0,2.0,0.0
1,2019-11-02,4,79,110,2.29,3.1,0.8,3.42,1.4,0.6,1.2,1.8
2,2019-11-03,10,82,62,4.5,1.79,1.8,3.81,2.0,2.0,1.6,1.6
0,2019-11-03,10,71,3,3.15,2.13,1.4,4.07,1.2,1.8,1.8,1.8
2,2019-11-03,10,72,49,6.47,1.52,1.8,4.14,0.4,1.6,0.8,0.6
0,2019-11-03,10,2,66,2.19,3.23,1.8,3.59,2.0,1.4,1.2,1.2
2,2019-11-03,1,56,13,8.67,1.3,2.6,5.96,1.4,3.0,1.0,1.6
1,2019-11-03,4,69,118,16.86,1.19,1.0,7.17,1.0,1.2,1.6,0.8
0,2019-11-03,4,70,75,2.99,2.29,2.2,3.75,1.2,1.8,1.0,1.6
0,2019-11-03,4,105,47,3.09,2.3,1.6,3.42,1.0,1.4,0.8,1.0
0,2019-11-03,1,5,48,3.45,2.14,1.6,3.82,1.4,2.2,1.8,1.6
0,2019-11-03,10,37,33,1.81,4.15,0.4,3.92,1.4,0.4,1.0,1.2
2,2019-11-03,10,34,96,6.76,1.44,2.0,4.8,1.4,2.0,1.4,1.4
1,2019-11-03,6,54,39,4.39,1.82,1.6,3.92,1.8,1.6,1.2,2.0
2,2019-11-03,10,38,91,8.78,1.4,2.2,4.46,1.2,2.0,0.4,1.4
0,2019-11-03,4,22,89,4.37,1.79,2.0,3.94,1.4,2.2,1.6,1.4
0,2019-11-03,1,104,8,2.67,2.51,0.8,3.64,0.0,1.2,2.0,0.2
2,2019-11-03,9,92,125,1.7,4.53,0.6,4.11,2.6,0.8,1.2,3.2
0,2019-11-03,9,61,60,3.1,2.31,1.8,3.41,1.0,1.2,1.2,0.6
1,2019-11-03,9,16,123,9.5,1.31,2.0,5.46,1.4,2.4,0.8,1.2
1,2019-11-04,6,55,85,3.45,2.26,2.0,3.19,1.2,1.2,0.6,0.4
1,2019-11-04,4,23,68,3.9,1.9,1.4,3.69,1.4,1.4,1.4,3.0
2,2019-11-04,4,52,24,2.67,2.68,0.8,3.36,2.0,0.8,2.0,1.8
0,2019-11-04,6,115,73,2.65,2.58,1.0,3.44,1.4,0.8,1.6,1.4
0,2019-11-04,10,93,17,1.81,3.96,0.8,4.18,1.8,2.0,2.6,2.6
0,2019-11-04,6,97,9,5.36,1.72,0.8,3.59,0.6,1.0,1.0,0.8
2,2019-11-04,10,107,28,5.02,1.72,1.6,3.78,2.0,1.4,1.2,2.0
2,2019-11-04,10,10,78,4.2,1.94,2.0,3.39,1.0,1.6,1.2,1.0
1,2019-11-08,6,6,115,4.49,1.86,1.0,3.58,0.8,0.6,1.2,0.8
1,2019-11-08,10,35,120,2.03,3.93,0.6,3.32,1.4,0.2,1.2,1.8
1,2019-11-08,10,82,2,2.19,3.2,1.8,3.57,1.8,2.0,1.6,1.2
2,2019-11-08,10,10,37,6.14,1.55,2.0,4.01,0.4,1.8,0.8,0.4
1,2019-11-09,10,21,107,1.75,4.6,1.4,3.8,1.6,0.8,1.2,1.6
2,2019-11-09,1,100,48,6.35,1.45,1.4,4.94,2.0,1.8,1.4,1.8
2,2019-11-09,1,99,104,3.19,2.19,0.8,3.68,0.8,0.6,2.6,1.2
0,2019-11-09,1,8,86,1.91,3.68,0.6,4.01,1.0,1.0,2.6,1.8
0,2019-11-09,10,33,38,2.24,3.02,2.0,3.61,2.6,1.6,0.8,2.4
0,2019-11-09,6,85,30,2.57,3.14,1.4,2.92,1.0,0.4,0.2,0.6
0,2019-11-09,9,123,102,2.97,2.28,1.6,3.65,0.0,1.4,1.4,0.6
0,2019-11-09,9,61,92,2.88,2.43,1.2,3.54,1.0,1.2,1.6,1.4
0,2019-11-09,6,39,101,5.92,1.65,2.0,3.64,1.2,2.2,1.8,1.4
2,2019-11-09,6,97,55,5.49,1.66,0.8,3.86,2.0,1.0,1.0,1.0
2,2019-11-09,10,4,78,2.76,2.78,0.4,3.09,1.0,0.2,1.6,0.8
0,2019-11-09,4,11,70,2.54,2.75,1.2,3.43,1.6,1.2,1.6,1.6
0,2019-11-09,4,24,69,2.31,2.99,1.4,3.52,1.0,1.2,1.8,1.2
0,2019-11-09,4,118,22,,5.91,1.0,,1.4,0.8,1.4,1.6
2,2019-11-09,4,68,79,6.1,1.57,1.6,4.08,0.4,2.8,1.8,0.4
2,2019-11-09,10,50,93,4.11,1.86,1.0,3.81,0.8,0.8,1.4,1.6
1,2019-11-10,6,73,112,3.87,2.11,2.0,3.09,0.6,1.4,0.8,0.4
1,2019-11-10,4,110,52,5.28,1.64,1.0,3.89,1.2,1.6,1.6,1.4
0,2019-11-10,1,122,88,1.51,4.98,1.8,5.19,2.6,2.6,1.0,3.4
2,2019-11-10,1,56,5,15.47,1.18,3.0,7.36,1.4,3.0,0.6,2.0
2,2019-11-10,1,13,63,4.46,1.69,0.8,4.52,0.6,1.2,2.2,1.4
1,2019-11-10,6,59,54,2.9,2.43,2.0,3.54,1.8,1.2,1.0,1.6
2,2019-11-10,4,47,80,3.16,2.29,1.6,3.46,2.0,1.4,1.0,1.4
1,2019-11-10,10,28,18,1.96,3.96,2.0,3.61,1.8,1.8,1.6,2.0
0,2019-11-10,10,91,43,2.79,2.67,0.6,3.05,1.0,1.0,1.4,0.8
2,2019-11-10,10,66,34,3.94,2.01,2.4,3.46,2.4,1.4,0.8,2.6
2,2019-11-10,4,23,105,5.71,1.52,1.6,4.67,1.0,1.4,1.2,1.0
2,2019-11-10,10,17,31,4.74,1.75,2.4,3.8,0.4,2.6,1.0,1.0
2,2019-11-10,10,62,72,1.89,3.82,1.4,3.98,2.4,1.2,1.6,1.8
1,2019-11-10,4,103,75,4.17,1.79,2.2,4.13,1.2,1.8,0.4,1.2
0,2019-11-10,6,95,19,1.9,4.2,0.8,3.58,1.0,0.8,1.4,1.2
2,2019-11-10,9,128,94,3.86,1.9,2.0,3.94,0.2,1.0,1.2,1.0
2,2019-11-10,9,125,98,6.46,1.48,2.4,4.59,2.6,3.0,1.6,2.4
0,2019-11-10,9,60,16,2.08,3.38,1.4,3.73,1.6,1.0,1.2,1.8
2,2019-11-10,10,3,96,3.9,1.97,1.2,3.69,1.2,1.6,1.8,1.2
1,2019-11-10,10,49,71,1.95,3.67,0.2,3.86,0.8,0.6,1.6,1.4
0,2019-11-10,6,9,127,1.53,6.09,1.0,4.2,2.0,0.8,1.2,2.4
2,2019-11-11,4,89,26,3.27,2.1,2.0,3.72,1.4,1.8,1.6,1.8
2,2019-11-22,10,18,21,13.83,1.25,1.4,5.9,1.0,1.4,1.0,0.8
2,2019-11-22,10,71,82,3.95,1.82,1.0,4.34,1.4,1.6,1.6,2.0
0,2019-11-22,6,101,59,2.0,4.18,1.8,3.13,1.6,1.8,1.2,1.2
0,2019-11-23,6,73,6,3.82,2.08,1.6,3.33,1.2,1.0,0.6,0.6
2,2019-11-23,4,79,70,2.16,3.24,0.2,3.61,2.0,0.6,1.6,2.0
0,2019-11-23,4,24,23,3.42,2.03,1.2,3.79,2.0,0.8,2.2,2.0
2,2019-11-23,6,30,39,3.63,2.24,1.6,3.16,1.4,0.8,0.8,1.8
2,2019-11-23,9,128,61,2.99,2.23,2.0,3.73,1.2,1.6,1.6,1.4
0,2019-11-23,10,38,10,7.58,1.44,2.6,4.66,2.6,2.2,0.6,2.0
0,2019-11-23,1,104,56,1.31,9.07,0.6,5.72,3.0,1.0,3.0,2.6
1,2019-11-23,1,88,99,22.08,1.07,2.6,11.04,1.4,3.2,0.6,1.6
0,2019-11-23,1,63,122,1.4,6.66,0.0,5.55,1.6,1.2,3.6,2.2
1,2019-11-23,10,78,37,4.18,1.98,0.8,3.36,0.4,0.6,2.0,0.2
0,2019-11-23,6,85,127,1.45,7.63,1.2,4.48,2.6,0.4,0.4,2.6
2,2019-11-23,9,92,16,2.0,3.52,1.6,3.92,1.6,1.8,1.2,1.8
2,2019-11-23,4,80,68,3.49,2.1,1.4,3.54,2.2,1.4,0.8,3.0
1,2019-11-24,4,105,89,3.26,2.11,0.8,3.78,2.6,0.8,1.8,2.4
2,2019-11-24,4,75,110,4.15,1.84,0.8,3.93,1.0,0.8,1.4,1.6
2,2019-11-24,4,47,118,11.15,1.23,2.0,6.32,0.8,1.8,1.2,0.6
1,2019-11-24,10,43,33,3.12,2.4,1.6,3.01,1.4,1.0,1.0,1.4
2,2019-11-24,4,26,11,6.91,1.54,1.4,4.02,0.6,2.0,1.8,0.8
1,2019-11-24,10,4,28,2.06,3.57,1.0,3.41,1.6,0.4,1.0,1.4
2,2019-11-24,10,107,35,6.99,1.6,1.2,3.66,0.8,1.2,1.0,0.4
2,2019-11-24,4,69,12,12.3,1.26,1.6,5.84,0.8,2.0,1.2,1.0
0,2019-11-24,10,93,31,2.13,3.16,0.8,3.92,0.2,1.4,1.8,1.0
2,2019-11-24,10,34,49,12.51,1.25,1.8,6.12,0.4,2.0,1.8,0.8
1,2019-11-24,6,115,97,2.07,3.5,1.0,3.57,1.4,0.8,1.2,1.2
2,2019-11-24,1,48,8,2.72,2.38,1.8,3.72,0.6,1.4,1.2,1.0
1,2019-11-24,1,5,13,2.28,3.0,1.4,3.68,1.4,1.8,1.2,1.4
1,2019-11-24,10,96,62,4.77,1.69,0.6,4.42,1.4,1.2,3.0,1.6
1,2019-11-24,6,112,95,4.08,2.15,0.6,3.11,0.2,0.4,1.2,0.8
1,2019-11-24,1,86,100,4.0,1.83,1.4,3.99,1.4,1.8,1.4,1.6
2,2019-11-24,9,98,123,5.24,1.62,2.0,4.07,1.0,2.2,1.2,1.6
0,2019-11-24,9,102,60,2.5,2.73,0.6,3.59,1.4,1.2,2.4,1.0
2,2019-11-24,10,3,17,3.35,2.08,1.2,3.71,3.0,1.8,2.0,2.8
2,2019-11-24,6,19,55,9.02,1.4,1.0,4.48,1.4,1.2,1.6,0.6
2,2019-11-24,10,2,50,4.78,1.78,2.0,3.69,1.4,1.8,1.0,1.0
0,2019-11-24,6,9,54,2.33,3.23,1.0,3.4,1.4,0.8,1.0,1.4
0,2019-11-24,9,94,125,1.36,7.37,0.2,5.49,2.4,1.0,2.6,3.2
0,2019-11-25,10,72,66,1.96,3.91,1.8,3.56,3.0,2.2,1.4,2.2
0,2019-11-25,4,52,103,2.01,3.83,1.4,3.44,1.8,1.4,1.8,1.0
2,2019-11-25,10,120,91,6.4,1.56,1.6,3.94,0.4,1.8,1.0,0.8
2,2019-11-28,4,70,80,3.14,2.31,1.4,3.35,1.4,1.4,1.4,1.6
1,2019-11-28,4,68,23,2.48,2.75,1.6,3.45,2.0,2.6,1.8,2.0
2,2019-11-29,10,10,43,3.37,2.16,3.0,3.47,1.2,2.6,0.8,0.6
2,2019-11-29,10,28,78,6.11,1.6,1.6,3.87,0.8,1.6,1.6,0.8
2,2019-11-29,4,69,89,3.98,1.9,2.2,3.57,2.2,2.2,0.8,2.0
0,2019-11-29,4,22,103,3.58,2.14,2.0,3.13,1.8,2.2,0.8,0.8
1,2019-11-29,10,62,71,1.9,3.56,1.4,4.21,1.4,1.8,2.2,2.0
2,2019-11-30,1,13,48,4.5,1.7,1.0,4.2,2.4,1.2,1.6,1.6
2,2019-11-30,10,91,107,2.03,4.15,0.2,3.18,1.6,0.8,2.0,1.6
1,2019-11-30,1,99,63,4.03,1.8,1.6,4.17,0.0,2.0,1.8,1.0
0,2019-11-30,1,104,100,1.93,3.82,0.6,3.69,1.6,0.8,2.8,1.8
0,2019-11-30,9,123,128,2.32,2.86,0.8,3.8,2.6,1.4,2.4,2.2
2,2019-11-30,9,94,102,3.13,2.17,0.2,3.79,0.6,1.4,3.0,1.2
1,2019-11-30,6,6,85,4.42,2.01,1.2,3.17,0.6,0.8,1.0,0.2
1,2019-11-30,6,39,115,5.95,1.57,0.8,4.21,1.2,1.4,2.4,0.6
0,2019-11-30,6,55,112,3.12,2.62,0.8,2.88,0.8,0.2,1.0,0.6
0,2019-12-01,4,23,68,4.79,1.66,1.6,4.31,1.6,2.0,1.2,2.8
0,2019-12-01,4,80,70,3.98,1.84,0.8,3.98,1.8,1.0,1.6,1.6
2,2019-12-01,10,34,17,3.69,2.03,2.4,3.52,2.4,2.2,1.4,2.4
2,2019-12-01,9,16,125,2.69,2.43,1.4,3.84,2.4,1.8,1.4,3.2
2,2019-12-01,10,50,72,2.14,3.4,1.4,3.57,1.2,1.0,1.6,1.8
1,2019-12-01,10,2,49,7.1,1.46,2.0,4.56,0.4,2.2,1.0,1.0
0,2019-12-01,10,31,3,2.21,3.28,0.8,3.56,1.8,1.2,1.8,2.2
2,2019-12-01,9,60,92,2.81,2.48,1.4,3.5,2.0,1.2,1.4,1.8
0,2019-12-01,9,61,98,2.34,2.82,0.6,3.84,2.4,1.0,2.0,3.0
1,2019-12-01,1,5,88,1.16,13.31,1.0,8.18,2.2,1.2,1.0,2.4
2,2019-12-01,1,8,122,1.77,4.05,0.6,4.18,1.6,1.2,2.0,2.2
0,2019-12-01,1,56,86,4.77,1.72,3.0,3.94,1.0,2.6,0.4,1.4
2,2019-12-01,6,127,97,6.88,1.47,2.6,4.55,1.6,2.4,0.6,1.0
0,2019-12-01,10,21,4,3.89,2.01,0.4,3.46,1.2,0.6,2.2,0.6
1,2019-12-01,10,35,18,1.69,5.13,0.6,3.67,2.0,0.4,1.8,2.0
2,2019-12-01,10,82,96,3.31,2.17,0.8,3.74,0.2,1.6,2.8,1.2
0,2019-12-01,6,59,30,3.09,2.45,1.6,3.12,2.2,1.4,1.4,1.2
2,2019-12-02,10,66,93,13.73,1.18,3.0,7.0,0.8,2.2,0.8,1.4
1,2019-12-02,6,54,101,9.16,1.37,1.4,5.02,1.8,1.4,1.2,2.0
0,2019-12-02,6,19,9,7.43,1.49,1.6,4.07,1.0,1.2,1.0,0.8
0,2019-12-02,4,103,22,3.01,2.34,2.2,3.47,1.8,1.0,0.4,2.0
1,2019-12-02,4,89,69,,1.96,2.0,,2.6,2.0,1.8,3.0
2,2019-12-02,10,33,120,3.01,2.37,1.4,3.38,1.6,1.2,1.0,2.0
2,2019-12-03,10,43,37,6.91,1.48,1.2,4.32,0.6,0.6,0.6,0.6
0,2019-12-03,10,78,38,1.61,5.74,0.8,3.92,2.4,0.8,1.8,2.2
2,2019-12-04,10,28,21,6.7,1.54,1.6,4.15,0.4,1.4,1.6,0.8
1,2019-12-04,10,4,35,3.05,2.47,1.6,3.16,0.6,1.6,1.4,0.6
2,2019-12-04,10,18,91,10.94,1.34,1.6,4.69,0.8,1.8,0.6,0.6
2,2019-12-05,4,69,70,5.65,1.58,2.2,3.92,1.8,2.6,0.8,1.8
2,2019-12-05,10,107,33,5.32,1.75,1.6,3.63,1.4,1.6,0.6,0.8
0,2019-12-05,10,120,10,5.85,1.56,1.4,4.23,3.0,2.0,1.2,2.2
1,2019-12-06,10,49,50,2.97,2.58,0.6,3.16,1.4,1.2,1.6,1.2
2,2019-12-06,6,127,30,6.81,1.53,2.6,4.18,2.6,1.4,0.4,1.4
2,2019-12-06,10,38,43,6.61,1.47,2.4,4.49,1.6,2.2,1.0,0.6
2,2019-12-06,6,9,59,2.35,3.33,1.4,3.12,1.0,0.8,0.8,1.2
2,2019-12-06,4,68,22,2.33,3.01,1.6,3.49,1.8,2.0,2.0,2.4
2,2019-12-07,6,101,73,2.7,2.79,2.0,3.13,1.0,1.8,1.0,0.8
1,2019-12-07,6,54,19,3.17,2.31,1.4,3.34,1.4,1.2,1.0,1.0
0,2019-12-07,6,6,112,3.88,2.28,1.4,2.9,1.2,1.0,0.8,0.6
2,2019-12-07,1,88,104,28.16,1.06,2.2,13.1,0.6,2.4,1.0,1.0
2,2019-12-07,10,21,78,3.0,2.57,0.2,3.15,0.2,0.8,3.4,0.6
0,2019-12-07,1,122,56,2.28,3.02,1.4,3.61,2.4,2.2,1.6,1.2
2,2019-12-07,1,48,99,2.89,2.31,1.8,3.75,1.6,1.4,2.0,1.6
2,2019-12-07,9,125,61,10.61,1.25,1.8,6.31,0.0,2.4,2.8,0.6
1,2019-12-07,9,123,60,2.59,2.78,0.8,3.34,1.8,1.2,1.8,1.4
2,2019-12-07,10,35,28,2.48,3.03,0.8,3.18,1.6,0.8,1.4,1.6
2,2019-12-08,10,33,18,2.6,2.84,1.4,3.18,2.2,0.8,1.2,1.8
0,2019-12-08,4,70,69,2.45,2.83,1.8,3.58,2.6,1.8,1.4,2.8
1,2019-12-08,6,95,85,3.24,2.39,0.4,3.08,0.6,1.0,1.8,0.4
0,2019-12-08,6,97,39,3.67,2.13,1.4,3.34,1.0,1.0,0.4,1.2
1,2019-12-08,1,86,13,4.63,1.68,1.4,4.41,1.4,2.0,1.0,1.8
0,2019-12-08,1,100,8,5.23,1.7,2.0,3.82,1.2,2.6,1.4,1.4
0,2019-12-08,9,128,92,3.29,2.12,3.0,3.84,2.0,2.4,0.8,1.6
0,2019-12-08,9,102,98,1.83,3.83,0.6,4.31,2.4,1.2,2.4,3.4
2,2019-12-08,9,16,94,8.44,1.37,1.4,5.03,0.8,1.8,1.2,1.6
2,2019-12-08,10,93,82,1.95,3.69,0.2,3.95,1.4,0.8,1.6,2.0
1,2019-12-08,10,3,62,6.12,1.51,2.4,4.6,1.6,2.0,1.2,2.0
2,2019-12-08,10,96,31,2.97,2.4,0.2,3.33,0.8,1.0,3.0,1.2
0,2019-12-08,10,71,34,2.13,3.05,1.0,4.02,2.4,1.4,1.4,2.0
0,2019-12-08,10,17,66,2.0,3.55,1.8,3.87,3.0,2.0,1.4,2.2
2,2019-12-08,10,10,107,2.24,3.24,3.0,3.34,2.0,2.0,0.2,2.2
0,2019-12-08,6,55,115,3.75,2.08,0.2,3.36,0.8,0.0,1.2,0.2
0,2019-12-08,1,63,5,2.35,3.0,0.2,3.41,0.6,0.6,2.4,0.6
1,2019-12-09,10,72,2,2.6,2.66,1.2,3.49,1.6,2.0,2.0,2.2
2,2019-12-09,4,22,68,6.79,1.43,1.2,4.94,2.0,2.2,1.6,2.2
0,2019-12-09,10,37,120,1.75,4.59,0.4,3.86,1.4,0.6,1.2,1.6
0,2019-12-13,10,2,71,3.3,2.06,1.2,3.81,1.0,1.6,1.0,1.2
0,2019-12-13,10,28,91,5.56,1.73,1.6,3.4,0.6,1.8,1.4,0.6
1,2019-12-14,1,48,88,1.26,8.93,1.8,6.58,2.2,1.4,2.2,2.8
0,2019-12-14,1,99,8,3.13,2.27,1.6,3.62,1.8,2.0,1.2,1.8
0,2019-12-14,9,98,128,4.87,1.59,2.4,4.4,2.4,3.6,1.4,1.8
2,2019-12-14,9,92,102,5.94,1.49,2.4,4.57,0.6,2.4,0.4,1.0
2,2019-12-14,10,107,37,8.56,1.36,1.4,4.85,0.2,1.4,0.8,0.8
0,2019-12-14,10,78,43,2.32,3.12,0.2,3.22,1.4,0.8,1.6,0.4
0,2019-12-14,1,5,86,1.48,5.87,1.0,4.93,1.6,0.6,0.8,2.0
1,2019-12-14,10,4,33,1.99,3.93,1.6,3.29,1.4,1.8,1.6,0.8
0,2019-12-15,10,120,38,2.69,2.58,1.4,3.47,2.4,1.4,1.0,1.8
1,2019-12-15,9,60,125,2.34,3.04,2.0,3.34,1.8,1.4,1.0,1.8
1,2019-12-15,10,21,35,2.66,2.84,0.8,3.01,1.2,1.2,3.0,1.4
1,2019-12-15,9,94,123,3.55,2.02,0.6,3.69,0.4,1.4,3.2,1.0
1,2019-12-15,1,56,100,6.04,1.52,2.4,4.15,1.4,1.6,1.0,2.0
0,2019-12-15,1,104,63,3.86,1.91,0.0,3.85,0.2,0.6,4.2,0.6
1,2019-12-15,1,13,122,2.36,2.65,1.6,3.98,1.2,1.8,1.0,2.0
2,2019-12-15,10,50,96,3.13,2.44,1.6,3.17,0.8,1.0,1.4,1.2
2,2019-12-15,10,62,93,4.04,1.79,1.2,4.22,0.6,1.8,1.8,1.0
2,2019-12-15,10,82,31,4.25,1.81,1.4,3.88,0.8,1.8,1.8,1.2
1,2019-12-15,10,17,49,7.76,1.41,1.2,4.78,0.6,1.2,1.4,1.0
0,2019-12-15,10,66,3,5.03,1.73,3.0,3.73,2.6,2.2,0.8,2.0
2,2019-12-15,9,61,16,1.68,4.68,0.0,4.19,2.0,0.6,2.4,2.2
2,2019-12-16,10,34,72,5.37,1.63,2.4,3.92,0.8,1.8,1.2,1.4
2,2019-12-16,10,18,10,8.52,1.42,1.6,4.52,3.0,1.4,0.6,1.4
2,2019-12-19,10,33,28,4.51,1.85,1.6,3.54,1.4,1.0,1.0,2.0
2,2019-12-20,10,43,120,2.64,2.74,1.4,3.25,1.2,0.6,0.8,1.2
2,2019-12-20,10,10,4,4.84,1.71,2.4,3.82,1.8,1.2,0.6,2.0
2,2019-12-21,10,35,78,4.25,1.99,1.2,3.27,0.2,1.4,1.6,1.0
0,2019-12-21,10,37,18,1.4,8.04,0.2,4.52,2.0,0.8,1.6,1.8
2,2019-12-22,10,38,107,4.85,1.76,2.4,3.66,1.8,1.8,0.8,1.6
2,2019-12-22,10,91,21,5.74,1.62,1.2,3.73,0.8,0.8,1.4,1.2
2,2019-12-27,4,69,22,4.03,1.87,2.6,3.74,1.8,2.2,0.8,2.4
2,2019-12-30,4,22,69,3.89,1.9,1.2,3.92,2.6,1.6,1.6,2.2
0,2020-01-11,4,68,105,3.76,2.0,1.4,3.46,0.8,1.6,1.8,1.0
2,2020-01-11,4,24,89,2.37,2.76,1.2,3.65,1.6,0.8,1.8,2.0
0,2020-01-11,4,26,12,5.78,1.6,1.4,4.03,0.6,1.6,1.6,0.6
2,2020-01-12,4,110,75,2.54,2.71,1.0,3.48,1.4,1.4,1.6,1.2
1,2020-01-12,4,103,11,6.29,1.55,1.6,4.04,0.6,1.2,1.2,1.0
2,2020-01-12,4,47,52,5.26,1.67,2.4,3.74,0.8,2.2,1.2,1.4
2,2020-01-12,4,23,80,5.23,1.57,1.6,4.58,0.8,2.2,1.4,1.4
1,2020-01-17,4,52,110,2.78,2.64,0.8,3.15,1.6,1.2,2.2,1.8
1,2020-01-18,4,69,68,6.2,1.48,2.0,4.41,1.4,1.4,1.0,1.4
0,2020-01-18,4,12,79,3.97,1.96,0.6,3.33,0.8,0.8,2.4,1.2
2,2020-01-18,4,11,26,2.5,3.0,0.8,3.1,1.4,0.6,1.4,1.4
2,2020-01-19,4,22,103,3.13,2.26,1.8,3.27,1.6,1.8,1.4,1.2
0,2020-01-19,4,105,70,3.3,2.12,0.8,3.71,1.2,0.8,2.0,1.4
1,2020-01-19,4,75,47,3.18,2.15,1.4,3.57,2.4,1.4,1.2,2.2
2,2020-01-19,4,80,24,3.22,2.19,0.6,3.5,1.2,1.6,2.6,0.8
2,2020-01-20,4,89,23,3.09,2.13,1.0,3.77,2.0,1.8,2.2,2.6
0,2020-01-25,9,123,92,1.81,4.0,0.4,4.0,2.4,1.0,2.0,2.2
0,2020-01-25,4,79,80,2.53,2.68,1.4,3.48,1.2,1.4,1.0,1.8
1,2020-01-25,4,24,22,2.52,2.77,0.6,3.41,1.8,0.6,2.6,1.2
2,2020-01-25,4,26,89,3.08,2.26,1.2,3.41,1.0,1.4,1.6,1.8
0,2020-01-25,9,128,61,3.24,2.18,2.4,3.41,0.6,2.2,1.6,0.8
2,2020-01-26,9,125,16,3.54,1.94,2.0,3.91,1.8,1.8,1.8,2.2
2,2020-01-26,9,102,94,2.97,2.42,0.6,3.33,0.8,1.2,2.6,1.6
2,2020-01-26,9,98,60,4.18,1.76,1.8,3.92,1.6,3.2,2.0,1.0
1,2020-01-26,4,70,11,3.64,2.08,1.8,3.34,1.4,2.0,1.4,1.0
1,2020-01-26,4,47,105,4.52,1.82,2.6,3.61,0.8,2.2,0.8,1.2
2,2020-01-26,4,103,12,5.81,1.6,1.4,3.81,0.6,1.2,1.4,0.8
2,2020-01-26,4,110,69,2.26,3.05,1.2,3.58,2.0,1.6,1.8,1.6
2,2020-01-26,4,23,75,3.61,1.97,1.4,3.71,1.6,2.2,2.0,1.0
2,2020-01-27,4,52,68,2.61,2.69,1.0,3.39,1.4,1.8,1.8,1.2
2,2020-01-31,10,107,43,4.96,1.78,1.2,3.42,1.8,1.0,1.2,0.8
0,2020-02-01,10,4,37,2.94,2.49,1.2,3.27,0.2,2.0,1.8,0.8
1,2020-02-01,10,35,91,3.18,2.52,1.8,2.88,1.8,1.6,1.0,1.4
1,2020-02-01,9,60,123,4.63,1.73,1.6,3.83,0.4,1.2,0.8,0.8
2,2020-02-01,9,61,125,1.72,4.59,1.2,4.01,2.0,1.2,2.2,1.4
2,2020-02-01,10,28,10,3.35,2.3,1.2,3.29,2.4,1.6,1.6,1.2
1,2020-02-01,4,11,47,3.02,2.43,1.0,3.21,2.2,0.8,1.4,2.0
2,2020-02-01,4,12,24,2.88,2.49,0.6,3.15,0.8,0.8,1.6,0.6
0,2020-02-01,4,68,23,2.44,2.71,0.8,3.63,1.4,0.8,1.6,2.4
0,2020-02-01,4,69,80,6.49,1.47,1.4,4.68,1.2,1.2,1.2,1.4
2,2020-02-01,4,70,79,4.25,1.82,1.4,3.81,1.4,1.6,1.6,1.4
0,2020-02-02,10,21,33,2.02,3.93,0.8,3.23,2.0,1.4,2.8,1.2
2,2020-02-02,10,18,38,5.04,1.97,2.0,3.16,2.4,1.8,0.6,1.8
0,2020-02-02,9,16,98,4.44,1.73,1.2,4.16,2.4,1.6,1.2,3.2
2,2020-02-02,9,92,102,6.44,1.5,2.4,4.44,0.6,2.2,0.6,1.0
1,2020-02-02,9,94,128,2.91,2.34,0.8,3.62,1.8,1.4,2.4,1.8
1,2020-02-02,4,89,110,4.53,1.75,0.8,3.82,1.6,1.4,2.6,1.6
1,2020-02-02,4,105,26,2.37,2.98,1.0,3.31,1.2,1.4,2.2,1.8
0,2020-02-02,4,22,52,7.33,1.46,2.0,4.19,1.0,1.2,0.6,1.8
2,2020-02-02,4,75,103,3.29,2.24,1.0,3.38,1.4,0.6,1.0,1.2
0,2020-02-03,10,78,120,2.09,3.66,0.0,3.29,0.6,0.6,1.6,0.4
0,2020-02-05,4,79,22,2.26,3.41,1.2,3.14,1.4,1.2,1.2,1.0
0,2020-02-06,10,37,38,1.6,5.52,0.6,4.02,2.4,0.8,2.0,1.6
1,2020-02-06,4,70,69,2.17,3.19,1.4,3.52,0.8,1.4,1.2,1.2
0,2020-02-07,10,10,21,5.18,1.74,1.8,3.4,0.8,1.0,1.0,1.0
0,2020-02-07,4,12,68,2.65,2.72,1.2,3.24,0.2,1.0,1.4,0.6
0,2020-02-08,9,128,16,2.17,3.27,1.4,3.62,1.2,1.4,2.0,1.8
1,2020-02-08,10,43,18,1.85,4.55,1.8,3.48,2.4,1.0,1.2,1.8
1,2020-02-08,4,79,89,2.07,3.48,1.2,3.52,1.0,0.8,0.8,1.2
2,2020-02-08,4,26,75,3.61,2.05,1.4,3.46,1.4,2.2,1.6,1.0
1,2020-02-08,4,24,105,4.66,1.77,0.8,3.74,1.2,0.8,1.6,2.0
2,2020-02-08,9,125,94,10.2,1.28,1.4,5.64,1.0,0.6,1.0,1.0
2,2020-02-09,10,91,78,5.1,1.75,2.0,3.62,0.0,1.6,1.0,0.8
0,2020-02-09,10,120,107,3.27,2.28,1.2,3.25,1.8,0.8,1.2,1.6
2,2020-02-09,10,37,28,2.0,3.76,0.6,3.38,1.2,1.0,2.2,1.8
2,2020-02-09,9,98,92,3.36,1.99,2.4,4.04,2.4,2.8,1.4,2.2
2,2020-02-09,9,102,60,2.49,2.9,0.6,3.25,1.2,1.0,2.2,0.8
0,2020-02-09,9,123,61,2.63,2.77,0.6,3.29,1.8,0.8,1.2,1.6
2,2020-02-09,4,103,47,4.53,1.83,0.8,3.46,1.8,0.8,1.6,1.8
2,2020-02-09,4,23,69,2.94,2.27,1.8,3.58,0.4,2.2,1.4,1.2
2,2020-02-09,4,110,11,3.83,2.01,1.6,3.35,1.2,1.6,1.6,1.2
2,2020-02-10,4,52,70,3.37,2.18,1.4,3.32,1.6,2.2,1.8,1.6
0,2020-02-10,4,80,22,3.02,2.41,1.8,3.31,2.0,1.8,1.4,1.0
1,2020-02-10,10,38,4,15.72,1.19,2.4,7.04,1.0,1.6,0.4,1.8
2,2020-02-10,10,33,35,6.82,1.57,2.0,3.75,1.8,1.2,1.0,1.8
0,2020-02-14,10,21,37,2.97,2.46,1.4,3.17,1.2,1.2,1.4,1.2
0,2020-02-14,1,88,56,4.0,1.75,1.8,4.23,2.0,2.6,1.2,1.8
2,2020-02-14,10,31,34,1.93,4.35,0.6,3.35,2.4,1.0,2.0,1.6
1,2020-02-14,10,18,120,6.94,1.51,2.0,4.09,1.2,1.6,0.4,1.0
0,2020-02-15,10,78,107,1.79,4.71,0.0,3.41,1.8,0.6,1.6,1.4
2,2020-02-15,1,122,48,6.52,1.34,0.8,5.7,1.4,1.4,2.0,1.6
2,2020-02-15,4,75,79,5.4,1.63,0.8,3.78,0.8,0.8,1.6,0.6
1,2020-02-15,4,68,24,3.82,2.03,0.8,3.35,1.0,1.2,1.8,0.8
2,2020-02-15,4,11,23,2.72,2.52,1.2,3.5,2.4,1.0,1.6,2.6
0,2020-02-15,4,105,110,2.71,2.45,1.2,3.56,2.2,1.8,1.8,2.4
0,2020-02-15,10,4,43,2.21,3.53,0.6,3.16,1.4,0.8,1.4,0.8
1,2020-02-15,1,8,13,2.33,2.81,1.8,3.76,1.8,1.6,1.4,2.0
0,2020-02-15,9,94,123,2.96,2.32,0.4,3.39,0.6,0.6,1.8,0.8
0,2020-02-15,9,16,102,8.74,1.35,1.2,5.17,1.2,2.0,1.2,1.4
1,2020-02-16,1,99,5,3.41,2.14,1.0,3.57,1.0,1.8,1.8,0.6
2,2020-02-16,9,92,128,5.36,1.62,2.4,4.13,0.8,2.2,0.6,1.2
2,2020-02-16,9,61,98,2.17,3.13,2.4,3.73,2.4,1.6,0.8,2.2
2,2020-02-16,9,60,125,1.85,4.19,0.6,3.71,2.0,1.0,1.6,0.8
0,2020-02-16,10,72,17,2.93,2.41,0.2,3.34,0.8,1.2,2.0,1.2
2,2020-02-16,10,96,49,4.26,1.95,0.8,3.34,0.8,1.4,2.4,1.0
2,2020-02-16,4,22,12,5.98,1.52,2.0,4.38,1.2,1.0,0.8,1.2
0,2020-02-16,1,100,63,4.49,1.75,1.6,3.88,0.8,2.6,1.6,1.2
0,2020-02-16,4,47,26,2.81,2.56,1.2,3.14,1.4,1.2,1.4,2.2
0,2020-02-16,4,70,80,2.85,2.44,1.6,3.38,1.8,1.8,1.4,1.6
2,2020-02-16,10,28,38,1.93,3.81,0.6,3.69,2.0,1.2,1.8,1.2
0,2020-02-16,10,91,33,2.58,2.98,2.0,3.04,2.6,1.6,1.0,1.4
2,2020-02-16,1,86,104,10.32,1.23,2.2,7.32,0.0,2.6,0.6,0.8
1,2020-02-16,4,69,52,7.13,1.44,0.4,4.51,2.0,1.2,2.0,2.4
0,2020-02-16,10,93,2,1.9,3.98,0.6,3.86,1.2,1.0,1.6,1.8
2,2020-02-17,10,66,62,9.46,1.33,2.4,5.41,1.8,2.2,1.4,1.8
2,2020-02-17,4,89,103,3.72,1.95,1.0,3.76,1.4,1.4,2.0,1.0
1,2020-02-17,10,35,10,3.64,2.32,1.6,2.83,1.2,1.8,1.4,1.0
2,2020-02-19,10,71,50,5.93,1.6,1.6,4.2,2.0,1.8,1.0,1.2
0,2020-02-21,10,49,66,1.42,7.68,0.6,4.72,2.4,0.8,1.4,1.8
1,2020-02-22,1,63,8,2.43,2.7,1.4,3.52,2.0,1.4,1.6,2.0
2,2020-02-22,1,104,122,1.76,4.25,0.0,4.08,1.4,0.6,3.4,2.0
0,2020-02-22,4,12,75,2.59,2.73,0.6,3.33,1.4,0.8,1.8,0.8
0,2020-02-22,1,5,100,2.15,3.22,1.2,3.63,1.0,1.0,1.4,2.2
2,2020-02-22,4,23,70,4.84,1.7,1.8,3.82,1.0,2.2,1.6,1.6
2,2020-02-22,4,79,105,2.75,2.48,0.2,3.42,0.6,0.4,1.4,2.0
0,2020-02-22,4,24,47,3.43,2.15,0.6,3.33,0.6,0.6,1.4,1.0
1,2020-02-22,9,128,123,3.48,2.03,0.8,3.7,1.0,1.4,2.6,1.0
2,2020-02-22,10,37,35,2.91,2.65,1.8,2.93,1.2,1.4,1.8,1.4
1,2020-02-22,10,38,21,11.58,1.26,1.4,5.41,0.8,1.0,0.8,1.0
1,2020-02-22,9,102,61,2.46,2.76,1.8,3.47,3.0,1.4,1.4,1.8
1,2020-02-23,1,48,86,1.63,4.87,1.4,4.67,2.2,1.4,2.6,2.4
2,2020-02-23,10,2,17,3.51,2.07,1.6,3.62,0.8,1.6,0.8,1.2
1,2020-02-23,10,93,34,1.61,5.31,0.6,4.15,2.4,0.8,1.6,1.4
1,2020-02-23,10,82,72,3.15,2.25,1.4,3.44,0.2,2.0,1.6,0.6
2,2020-02-23,10,62,31,2.89,2.52,1.2,3.23,1.2,1.0,1.2,1.0
2,2020-02-23,10,71,96,4.96,1.62,2.0,4.26,1.4,2.6,0.6,1.6
1,2020-02-23,10,10,91,3.39,2.39,0.8,2.89,2.0,1.2,1.8,1.6
2,2020-02-23,10,43,28,4.72,1.73,2.0,3.74,1.2,1.4,1.2,1.2
1,2020-02-23,10,120,4,10.04,1.3,0.8,5.53,0.4,0.6,1.2,1.0
1,2020-02-23,1,13,88,1.56,5.07,1.4,4.79,1.2,2.0,1.0,2.4
0,2020-02-23,10,107,18,2.87,2.64,2.4,3.04,2.2,2.4,1.4,1.4
2,2020-02-23,1,56,99,11.34,1.26,2.0,6.19,0.6,2.2,2.0,1.2
1,2020-02-23,9,16,92,3.75,1.9,0.6,3.89,2.4,1.2,1.4,2.0
1,2020-02-23,9,60,94,3.89,2.02,1.0,3.27,0.4,1.2,1.6,0.8
1,2020-02-23,9,98,125,2.38,2.75,1.8,3.78,1.4,1.4,1.2,0.8
2,2020-02-23,4,26,103,3.65,2.05,2.0,3.39,1.2,2.4,1.4,1.2
0,2020-02-23,4,69,22,4.13,1.83,0.4,3.8,2.0,1.0,1.8,1.2
0,2020-02-23,4,110,68,3.56,1.97,2.2,3.96,1.0,2.6,1.4,1.4
0,2020-02-23,4,80,11,3.88,2.05,2.4,3.28,1.6,2.0,1.0,1.6
0,2020-02-24,4,52,89,2.4,3.01,2.2,3.32,1.6,2.6,1.4,1.6
2,2020-02-24,10,33,78,7.11,1.49,2.6,3.99,0.0,1.2,0.4,0.8
0,2020-02-24,10,50,3,2.0,4.02,1.4,3.45,2.6,0.8,2.4,2.4
1,2020-02-28,6,55,73,2.72,2.75,0.2,3.16,1.0,0.4,1.4,0.8
1,2020-02-28,10,91,78,5.05,1.7,1.6,3.94,0.0,1.6,1.2,0.8
0,2020-02-28,10,28,4,5.4,1.67,1.2,3.68,0.4,1.0,1.0,0.8
1,2020-02-28,10,3,49,5.96,1.65,2.6,3.64,0.6,2.0,1.0,0.6
1,2020-02-29,6,6,39,2.57,2.89,1.2,3.13,1.0,0.8,0.8,1.6
0,2020-02-29,6,30,97,3.11,2.6,2.0,2.94,0.8,1.2,1.2,0.6
1,2020-02-29,6,19,115,9.85,1.34,1.6,5.01,1.2,1.2,1.0,0.8
1,2020-02-29,10,33,38,2.45,3.08,3.0,3.12,1.0,1.4,0.4,0.8
1,2020-02-29,4,75,80,3.28,2.21,1.8,3.26,1.8,1.2,1.2,1.4
0,2020-02-29,4,68,26,3.07,2.34,1.4,3.35,2.6,1.4,1.6,2.6
2,2020-02-29,4,105,69,2.45,2.83,0.6,3.58,0.4,1.6,2.2,1.0
0,2020-02-29,4,11,52,4.63,1.81,1.6,3.52,2.0,1.4,1.6,2.0
1,2020-02-29,10,120,37,7.05,1.47,1.0,4.4,2.4,0.6,0.8,1.8
0,2020-02-29,10,31,71,2.08,3.52,0.6,3.61,2.0,0.6,1.8,2.4
0,2020-02-29,4,24,79,5.54,1.66,0.6,3.82,0.8,0.6,1.0,0.8
1,2020-02-29,6,127,59,6.7,1.56,2.6,3.82,1.0,1.6,0.4,1.2
2,2020-03-01,10,107,43,5.51,1.71,1.8,3.62,2.0,2.0,1.6,1.2
0,2020-03-01,6,95,9,3.33,2.36,0.4,3.26,1.8,1.0,1.8,1.4
2,2020-03-01,6,54,112,6.0,1.75,1.4,3.2,1.8,1.2,1.0,0.8
1,2020-03-01,6,101,85,2.35,3.37,2.0,3.05,0.6,1.8,1.0,0.6
2,2020-03-01,1,86,63,11.22,1.26,2.2,5.92,1.6,2.6,0.8,1.2
0,2020-03-01,1,99,122,1.68,4.5,0.4,4.33,0.8,1.0,2.4,1.2
0,2020-03-01,4,22,70,4.37,1.87,2.4,3.38,0.8,1.4,0.8,1.6
2,2020-03-01,4,103,110,4.19,1.85,1.2,3.64,2.0,1.4,1.4,2.0
2,2020-03-01,4,47,23,3.04,2.33,1.0,3.41,2.4,1.2,1.8,2.2
1,2020-03-01,1,100,13,3.38,2.09,1.4,3.76,1.4,2.4,1.6,2.4
1,2020-03-01,1,104,5,3.4,2.05,0.6,3.75,1.0,1.0,3.0,1.0
2,2020-03-01,10,17,62,4.86,1.66,0.8,4.04,1.6,1.4,1.6,1.0
2,2020-03-01,10,34,2,3.91,1.98,2.0,3.52,1.6,1.2,0.8,1.4
0,2020-03-01,10,50,82,2.43,3.05,1.4,3.28,1.4,1.0,2.0,1.4
2,2020-03-01,1,56,48,11.45,1.21,2.0,6.72,1.0,2.6,2.2,1.4
1,2020-03-01,10,72,93,7.11,1.45,0.4,4.7,0.8,0.4,1.2,0.8
2,2020-03-02,10,35,21,4.65,1.93,1.0,3.2,0.8,1.2,1.6,1.0
2,2020-03-02,10,66,96,11.01,1.3,2.4,5.47,1.2,1.8,1.0,1.4
2,2020-03-02,1,8,88,1.5,5.81,2.2,4.85,1.2,1.8,0.8,2.4
2,2020-03-02,4,89,12,6.41,1.51,1.6,4.29,0.6,1.4,1.6,0.8
2,2020-03-02,10,18,10,11.07,1.31,2.2,5.04,1.0,1.4,0.0,1.6
2,2020-03-06,10,10,33,2.59,2.9,0.4,3.1,2.6,1.2,2.0,1.6
2,2020-03-07,1,5,8,2.52,2.91,1.0,3.3,2.2,1.0,1.8,2.0
1,2020-03-07,1,13,99,5.57,1.52,1.0,4.67,0.2,1.6,1.6,1.0
1,2020-03-07,1,122,86,2.63,2.43,1.4,3.82,2.2,1.8,1.2,2.4
2,2020-03-07,10,78,28,2.68,2.83,0.2,3.08,1.2,1.0,2.2,1.0
0,2020-03-07,10,4,120,1.98,3.92,1.0,3.29,1.2,0.8,1.0,0.6
2,2020-03-07,6,30,101,5.78,1.64,1.8,3.91,1.6,1.0,1.4,1.4
0,2020-03-07,1,48,104,2.75,2.41,1.0,3.68,0.8,1.6,2.8,1.0
2,2020-03-07,6,73,9,3.37,2.25,1.0,3.26,1.8,0.8,1.4,1.6
1,2020-03-07,4,110,22,2.69,2.75,1.4,3.07,2.4,1.8,1.6,1.2
1,2020-03-07,4,80,105,3.7,1.96,1.4,3.64,1.0,1.4,1.4,1.6
1,2020-03-07,4,79,103,2.36,3.17,1.4,3.33,1.2,1.0,0.8,1.6
2,2020-03-07,4,26,24,5.38,1.67,2.6,3.83,0.4,2.8,1.6,0.6
1,2020-03-07,4,69,11,5.25,1.62,0.4,4.07,1.4,0.8,1.8,1.2
0,2020-03-08,4,12,47,2.41,3.2,0.6,3.08,1.4,0.6,1.8,1.2
2,2020-03-08,4,75,89,3.45,2.08,2.0,3.66,2.2,1.4,0.8,1.6
1,2020-03-08,10,71,17,3.76,1.89,2.4,4.02,1.4,2.6,0.8,1.4
0,2020-03-08,1,63,56,1.43,6.87,1.4,4.81,2.6,1.4,1.4,3.6
2,2020-03-08,1,88,100,7.08,1.38,1.0,5.27,1.0,2.6,2.2,1.6
1,2020-03-08,10,49,31,2.93,2.64,0.6,3.04,0.6,0.4,1.2,0.6
2,2020-03-08,10,2,62,6.82,1.47,1.4,4.61,1.4,1.6,1.6,0.8
0,2020-03-08,10,34,50,8.92,1.37,2.0,5.0,0.8,1.4,1.0,0.8
2,2020-03-08,10,38,107,3.92,1.99,1.2,3.44,2.4,1.2,1.2,2.4
1,2020-03-08,10,21,91,2.27,3.38,0.8,3.02,1.2,0.8,1.2,1.2
0,2020-03-08,4,70,68,3.07,2.3,0.8,3.41,1.4,1.8,1.8,1.8
0,2020-03-08,10,82,66,1.64,5.14,2.0,4.15,2.4,1.8,0.6,2.0
1,2020-03-08,10,96,72,2.33,3.01,1.2,3.45,0.6,1.4,1.8,0.4
2,2020-03-08,6,59,6,6.14,1.64,1.0,3.62,1.2,1.0,1.8,0.8
2,2020-03-08,6,95,115,3.55,2.11,0.4,3.25,1.4,1.2,1.8,0.8
0,2020-03-08,6,85,55,4.07,2.06,0.6,3.16,0.2,0.6,1.0,0.6
1,2020-03-09,10,37,35,3.39,2.35,2.0,2.99,1.0,1.4,0.8,1.2
0,2020-03-09,6,97,54,3.41,2.24,1.4,3.28,1.8,1.0,1.0,1.2
2,2020-03-09,6,39,19,2.72,2.81,1.0,3.0,1.6,1.4,1.2,1.2
2,2020-03-09,10,93,3,1.7,4.58,1.0,4.24,2.2,0.8,1.2,1.6
0,2020-03-09,4,52,23,2.97,2.44,2.0,3.33,1.8,2.0,1.0,1.6
1,2020-03-09,6,127,112,12.12,1.32,2.6,4.86,1.6,1.4,0.2,0.6
1,2020-03-09,10,43,18,1.74,5.12,1.4,3.6,2.2,1.2,1.4,1.0
2,2020-03-11,6,95,73,3.32,2.22,1.0,3.31,1.0,1.4,1.4,0.8
0,2020-03-13,6,6,30,2.61,3.13,1.0,2.92,1.8,0.8,1.0,1.0
2,2020-03-14,6,127,115,15.36,1.18,2.2,7.36,1.2,1.2,0.2,0.8
0,2020-03-14,6,9,85,3.62,2.23,1.8,3.19,0.6,1.6,1.0,0.6
2,2020-03-14,4,24,75,3.13,2.22,0.4,3.57,2.0,0.8,1.6,1.2
0,2020-03-14,4,11,79,4.77,1.76,1.4,3.75,1.6,1.2,2.0,1.0
0,2020-03-14,6,73,97,2.5,2.82,0.8,3.24,0.8,1.0,2.2,0.6
2,2020-03-14,4,68,80,3.17,2.22,2.0,3.47,1.0,2.0,1.6,1.2
2,2020-03-15,6,95,54,2.23,3.17,1.6,3.44,2.2,2.0,1.0,1.2
1,2020-03-15,6,19,112,7.02,1.57,1.0,3.9,1.6,1.0,1.2,0.6
0,2020-03-15,6,39,59,3.05,2.4,1.6,3.32,1.4,1.8,1.2,1.0
2,2020-03-15,4,23,110,3.76,1.99,1.8,3.53,1.4,2.0,1.6,2.2
2,2020-03-15,4,103,52,6.36,1.57,1.4,3.92,1.4,1.6,0.8,1.6
1,2020-03-15,4,47,69,2.67,2.74,1.8,3.21,0.4,1.2,1.2,0.8
0,2020-03-15,4,105,12,4.12,1.96,1.0,3.41,0.0,1.2,1.4,0.4
0,2020-03-16,4,22,26,2.52,2.68,2.0,3.57,3.0,1.6,1.4,3.0
2,2020-03-16,6,101,55,2.97,2.67,1.0,2.99,0.8,1.0,0.8,0.8
2,2020-03-16,4,89,70,4.8,1.68,2.0,4.09,0.6,1.4,1.0,1.6
1,2020-05-28,10,3,82,3.24,2.27,1.6,3.32,1.4,1.4,1.0,1.2
0,2020-05-29,10,93,71,1.72,4.42,1.0,4.35,2.6,0.8,1.2,3.0
1,2020-05-31,10,31,2,2.32,3.41,0.8,3.2,1.8,0.6,1.6,2.2
2,2020-06-01,10,3,72,4.26,1.93,1.6,3.53,0.6,1.4,1.0,0.6
0,2020-06-01,10,62,34,1.62,5.36,1.2,4.1,1.4,0.6,1.2,1.2
0,2020-06-01,10,66,50,12.38,1.24,2.4,6.15,1.2,2.0,0.6,1.0
0,2020-06-01,10,82,49,6.17,1.59,1.6,3.9,0.6,1.2,0.8,0.6
2,2020-06-02,10,17,96,5.3,1.62,1.6,4.24,0.8,1.6,1.2,1.2
2,2020-06-02,1,13,5,4.7,1.68,1.0,4.11,1.0,1.2,1.2,1.0
0,2020-06-02,1,104,99,3.33,2.15,1.4,3.52,0.4,1.4,1.2,0.6
1,2020-06-02,1,63,8,2.5,2.85,1.4,3.35,1.6,1.2,1.2,1.6
2,2020-06-03,1,88,86,6.71,1.38,1.0,5.35,2.2,2.0,2.0,2.4
0,2020-06-03,1,100,122,2.22,3.1,1.0,3.64,1.6,1.4,1.6,2.0
0,2020-06-03,1,56,48,11.14,1.24,2.6,6.43,0.4,3.2,1.4,1.0
1,2020-06-06,1,99,13,2.56,2.77,1.0,3.48,1.4,1.6,2.0,1.2
0,2020-06-06,1,5,63,2.98,2.42,1.0,3.38,1.0,1.0,1.2,0.8
1,2020-06-06,1,8,104,4.17,1.79,1.2,3.87,1.4,1.2,1.4,1.2
2,2020-06-07,10,34,82,6.22,1.53,1.4,4.41,1.0,1.6,1.2,0.6
1,2020-06-07,10,49,62,3.04,2.44,1.0,3.27,0.6,0.6,1.2,0.6
2,2020-06-07,10,50,17,2.17,3.45,1.2,3.47,2.0,0.8,2.0,1.6
0,2020-06-07,1,48,88,1.19,12.1,0.8,8.48,1.4,1.0,2.8,2.0
0,2020-06-07,10,2,3,3.04,2.31,2.0,3.49,1.6,2.2,1.2,1.0
2,2020-06-07,10,72,31,3.33,2.27,0.6,3.34,1.0,0.4,1.0,0.8
1,2020-06-07,10,96,93,3.73,1.93,0.8,3.89,1.0,1.0,1.6,0.8
2,2020-06-07,1,86,100,3.67,1.96,1.6,3.77,0.8,1.8,1.4,1.0
1,2020-06-07,1,122,56,2.27,2.94,2.0,3.79,2.4,2.2,1.0,2.8
0,2020-06-07,10,71,66,2.04,3.36,2.6,3.91,2.4,2.8,0.8,1.8
0,2020-06-09,1,13,8,3.57,2.03,1.4,3.69,1.2,1.0,0.8,1.0
0,2020-06-09,1,99,5,3.08,2.38,1.0,3.32,0.8,1.4,1.8,0.6
1,2020-06-09,1,104,63,3.29,2.18,1.6,3.7,1.0,1.4,1.4,0.8
0,2020-06-10,1,100,88,1.32,8.15,0.8,6.02,2.0,0.8,1.8,2.8
0,2020-06-10,1,122,48,7.1,1.35,1.6,5.47,0.8,2.2,1.6,1.0
0,2020-06-10,1,56,86,4.13,1.77,2.0,4.24,1.6,2.8,1.4,2.2
2,2020-06-12,10,31,82,2.58,2.75,0.4,3.4,0.8,0.8,1.8,0.8
1,2020-06-13,10,49,50,3.03,2.5,1.2,3.2,1.8,0.8,1.0,1.4
2,2020-06-13,1,8,99,3.89,1.87,1.6,3.87,1.0,1.4,1.2,1.2
0,2020-06-13,1,63,13,2.23,3.02,1.0,3.67,1.2,1.0,1.2,0.6
0,2020-06-13,1,5,104,3.4,2.13,1.4,3.56,1.2,1.2,0.8,1.2
1,2020-06-13,10,91,35,5.08,1.77,1.2,3.45,1.0,1.0,1.0,1.0
2,2020-06-13,10,37,4,3.96,2.0,2.2,3.35,1.0,1.4,0.6,1.0
0,2020-06-14,1,48,100,2.31,2.75,1.2,3.87,0.2,1.4,3.4,0.6
2,2020-06-14,10,18,38,4.38,1.97,1.8,3.22,1.2,0.8,0.2,1.6
2,2020-06-14,10,120,78,6.05,1.58,1.2,4.04,0.8,0.8,0.8,1.0
0,2020-06-14,10,2,66,1.85,4.25,1.4,3.82,2.4,2.2,1.8,1.6
2,2020-06-14,10,96,62,4.0,1.89,0.4,3.78,0.8,0.8,1.8,1.0
1,2020-06-14,10,71,34,2.04,3.49,2.0,3.84,2.0,1.6,1.0,2.0
2,2020-06-14,1,86,122,3.01,2.21,2.0,3.95,1.6,2.0,1.0,2.6
1,2020-06-14,10,17,3,2.5,2.77,1.4,3.58,1.6,1.6,1.6,1.2
2,2020-06-14,1,88,56,6.68,1.43,2.4,5.13,1.4,3.4,0.8,2.0
1,2020-06-15,10,10,43,3.63,2.04,1.0,3.37,1.6,1.4,1.6,1.0
2,2020-06-15,10,93,72,2.11,3.46,1.2,3.6,1.2,1.2,1.4,1.0
1,2020-06-16,10,50,31,2.46,2.93,2.0,3.32,1.0,1.4,1.0,1.6
2,2020-06-16,1,99,63,3.03,2.35,1.0,3.5,1.0,1.2,1.2,1.0
2,2020-06-16,1,13,104,3.87,1.88,1.6,4.07,1.6,1.2,0.8,1.6
1,2020-06-16,1,5,8,2.3,3.13,1.2,3.4,1.6,1.0,1.2,1.2
2,2020-06-16,10,82,49,4.45,1.9,0.2,3.35,1.4,0.8,2.0,1.0
0,2020-06-16,10,91,37,4.03,2.05,0.8,3.12,2.2,1.0,1.2,1.6
2,2020-06-17,10,3,71,3.47,2.07,1.6,3.67,1.6,1.2,1.0,1.4
2,2020-06-17,10,34,2,4.51,1.72,2.0,3.98,0.8,2.0,1.2,1.6
0,2020-06-17,1,48,86,1.4,6.67,1.2,5.48,2.0,1.4,2.8,1.8
1,2020-06-17,1,122,88,1.34,7.44,1.0,5.98,3.0,2.0,2.4,3.6
2,2020-06-17,10,21,120,3.79,2.08,1.0,3.35,1.8,1.0,1.2,1.0
2,2020-06-17,1,56,100,5.45,1.56,0.8,4.64,0.6,1.2,1.8,0.8
0,2020-06-18,10,78,4,3.99,2.01,0.8,3.34,0.8,1.2,2.0,1.0
2,2020-06-18,10,72,96,3.34,2.21,1.0,3.48,1.0,1.0,2.0,0.8
1,2020-06-18,10,62,93,2.97,2.3,0.2,3.57,1.6,0.6,2.2,2.2
1,2020-06-18,10,66,17,7.68,1.4,2.4,4.83,1.6,1.6,0.2,1.2
2,2020-06-19,10,107,10,6.97,1.46,1.8,4.4,1.2,2.0,2.0,1.2
2,2020-06-19,6,95,39,,1.07,2.0,,1.6,2.2,0.8,1.8
0,2020-06-19,6,55,6,3.09,2.69,0.8,2.9,0.4,0.8,1.6,0.8
2,2020-06-19,9,125,128,8.0,1.36,1.4,5.33,0.4,1.4,1.4,1.0
2,2020-06-20,1,63,99,2.66,2.67,1.0,3.44,1.4,1.0,1.4,1.4
0,2020-06-20,1,104,13,2.29,2.98,1.0,3.66,2.0,1.0,1.6,1.4
0,2020-06-20,9,94,98,1.84,4.0,0.4,3.96,2.0,0.6,1.2,1.8
1,2020-06-20,1,8,5,4.33,1.86,1.8,3.72,0.8,1.4,0.6,0.8
0,2020-06-20,10,2,71,2.55,2.56,0.8,3.89,1.0,1.2,1.6,1.2
1,2020-06-20,10,50,82,2.5,2.97,2.2,3.28,0.8,1.6,1.0,1.6
2,2020-06-20,9,123,102,2.8,2.46,1.0,3.46,2.0,1.0,1.2,1.4
0,2020-06-20,6,19,127,2.19,3.6,0.6,3.1,2.2,0.8,1.2,2.2
0,2020-06-20,6,9,97,2.26,3.41,1.8,3.19,1.2,1.4,0.8,1.2
0,2020-06-20,6,115,85,2.78,2.77,1.0,3.07,1.2,1.0,2.4,0.6
0,2020-06-20,10,33,18,2.02,3.64,2.0,3.57,2.2,1.4,1.0,1.0
1,2020-06-21,9,92,60,3.74,1.99,2.0,3.49,1.0,2.0,1.0,1.2
0,2020-06-21,10,93,96,2.68,2.53,1.6,3.59,1.0,2.0,1.0,0.8
0,2020-06-21,10,31,49,4.53,1.84,1.2,3.6,1.2,1.8,1.8,1.0
1,2020-06-21,10,17,34,2.16,3.35,1.2,3.52,2.0,1.0,1.0,1.8
1,2020-06-21,10,38,43,3.76,2.06,1.0,3.24,1.6,1.6,1.4,1.0
0,2020-06-21,10,28,91,3.37,2.31,0.6,3.14,0.8,0.6,1.2,1.2
2,2020-06-21,9,61,16,2.01,3.66,2.6,3.72,0.8,1.6,0.6,1.4
0,2020-06-21,10,66,3,4.51,1.84,2.0,3.54,2.2,1.0,0.2,1.4
2,2020-06-21,10,37,78,3.07,2.46,2.2,3.2,0.8,1.6,0.4,0.8
0,2020-06-21,1,100,56,1.81,4.25,0.6,3.84,0.8,0.8,3.2,1.8
1,2020-06-21,1,88,122,15.88,1.15,2.6,8.79,1.0,3.2,0.4,1.6
0,2020-06-21,1,86,48,7.24,1.37,2.4,5.27,1.2,1.6,0.6,1.4
2,2020-06-21,6,112,101,3.57,2.29,1.6,2.95,1.6,0.4,0.4,1.2
2,2020-06-21,6,59,73,6.74,1.54,1.4,3.91,0.8,1.0,1.4,1.0
2,2020-06-22,10,4,21,3.03,2.52,1.4,3.05,1.0,0.8,1.2,1.0
2,2020-06-22,10,120,35,5.17,1.72,1.6,3.69,1.2,1.2,1.0,1.0
0,2020-06-22,10,62,72,2.35,3.03,0.4,3.44,1.4,0.6,2.0,1.2
2,2020-06-23,10,107,33,6.03,1.61,1.8,3.94,1.4,2.0,2.0,1.0
1,2020-06-23,1,99,104,2.9,2.34,0.8,3.63,1.0,0.4,1.6,1.2
0,2020-06-23,1,5,13,2.06,3.45,1.0,3.69,2.0,1.0,1.4,1.6
1,2020-06-23,1,8,63,3.98,1.91,1.8,3.69,1.4,1.4,0.6,1.2
2,2020-06-23,9,102,125,1.51,5.9,1.4,4.69,1.4,1.2,1.4,1.6
0,2020-06-24,9,123,16,1.86,4.07,1.6,3.79,0.8,1.2,1.0,1.6
2,2020-06-24,9,60,61,2.75,2.72,1.2,3.18,2.6,1.2,1.2,1.4
0,2020-06-24,1,86,88,1.4,6.72,2.4,5.38,2.2,1.6,0.4,3.2
2,2020-06-24,1,122,100,3.62,1.9,0.6,4.05,0.6,1.6,2.2,0.6
0,2020-06-24,1,48,56,1.34,8.0,1.2,5.88,1.4,1.2,2.2,2.0
1,2020-06-24,9,94,92,1.93,3.75,0.4,3.76,1.6,0.6,1.2,1.8
0,2020-06-25,9,98,128,4.93,1.64,2.0,4.28,0.4,1.6,1.2,1.0
1,2020-06-26,6,6,95,2.54,2.93,0.8,2.96,2.4,1.4,1.6,4.0
2,2020-06-26,6,127,55,21.29,1.11,2.2,9.04,0.8,2.8,0.2,1.2
0,2020-06-26,10,35,4,3.62,2.16,1.0,3.22,1.8,0.8,1.6,1.0
0,2020-06-26,10,3,2,4.75,1.68,2.6,4.18,0.2,2.0,1.2,0.6
0,2020-06-26,10,43,33,3.27,2.39,1.2,2.99,0.8,0.8,0.8,1.0
2,2020-06-27,6,39,9,,2.34,1.4,,1.2,2.0,3.4,1.6
0,2020-06-27,1,104,8,2.33,2.95,1.0,3.58,1.8,1.2,1.0,1.4
0,2020-06-27,1,63,5,2.53,2.84,1.0,3.47,1.0,1.0,1.4,1.0
0,2020-06-27,6,73,54,,5.98,0.8,,1.6,1.0,2.0,0.8
0,2020-06-27,6,85,59,2.13,3.83,1.6,2.98,2.0,0.8,0.6,1.0
0,2020-06-27,1,13,99,3.64,1.98,2.4,3.71,0.8,1.8,0.8,0.4
1,2020-06-27,6,97,112,6.32,1.96,1.8,4.32,1.6,1.8,1.6,0.6
2,2020-06-27,10,96,93,5.02,1.64,1.4,4.5,1.0,1.0,1.2,1.8
0,2020-06-27,10,21,78,3.09,2.37,1.0,3.18,0.8,0.8,1.0,0.6
1,2020-06-27,10,91,120,2.57,2.74,1.2,3.23,2.0,1.4,1.2,2.0
2,2020-06-27,9,125,123,8.07,1.37,1.4,5.19,1.4,1.6,1.6,1.2
1,2020-06-27,6,30,19,2.1,3.74,1.8,3.11,0.6,1.2,1.6,0.8
1,2020-06-27,9,61,92,2.67,2.66,2.0,3.49,1.2,1.0,0.8,1.6
0,2020-06-28,10,18,107,4.88,1.83,2.6,3.43,1.8,1.4,0.2,1.4
0,2020-06-28,1,56,122,4.2,1.71,1.8,4.17,1.0,2.4,1.0,1.4
2,2020-06-28,1,88,48,33.57,1.05,2.2,15.98,1.2,3.4,1.2,1.4
0,2020-06-28,10,34,66,2.67,2.71,2.2,3.36,1.4,2.0,0.8,1.2
0,2020-06-28,10,71,17,3.2,2.09,1.4,3.8,1.2,1.6,0.8,0.8
0,2020-06-28,1,100,86,1.93,3.68,0.6,3.86,1.8,0.6,2.8,1.2
0,2020-06-28,10,28,37,3.05,2.36,0.6,3.34,2.2,0.6,1.4,1.4
2,2020-06-28,9,98,102,4.25,1.75,1.4,4.33,2.0,1.2,1.8,1.4
2,2020-06-28,10,49,31,2.04,3.68,1.6,3.6,1.0,1.4,1.6,1.8
0,2020-06-28,10,82,50,4.32,1.9,0.8,3.52,1.8,1.4,1.4,1.4
2,2020-06-28,6,115,101,3.08,2.36,0.8,3.21,1.4,1.2,2.8,1.4
2,2020-06-28,9,16,94,5.83,1.55,1.4,4.5,0.4,1.8,1.2,0.6
2,2020-06-28,9,128,60,2.72,2.51,0.8,3.58,1.6,1.6,2.4,1.4
2,2020-06-29,10,10,38,1.79,4.21,1.0,3.88,1.2,1.0,1.2,1.8
2,2020-06-29,10,72,62,5.24,1.68,1.8,3.73,0.4,1.4,1.8,0.8
2,2020-06-30,6,19,97,3.26,2.3,0.6,3.37,2.0,0.6,1.6,1.6
1,2020-06-30,6,59,55,7.31,1.44,2.6,4.36,0.8,1.4,0.2,1.0
2,2020-06-30,1,63,104,2.72,2.49,0.8,3.57,0.8,1.0,1.6,1.0
0,2020-06-30,1,5,99,3.1,2.49,1.0,3.11,1.4,0.8,1.6,1.4
0,2020-06-30,10,78,35,3.34,2.22,1.2,3.32,1.0,0.8,0.8,0.8
0,2020-06-30,1,8,13,3.2,2.18,1.8,3.78,2.4,1.2,0.6,2.2
1,2020-06-30,9,92,125,1.9,3.82,1.4,3.98,1.4,2.0,1.4,2.6
2,2020-07-01,9,60,16,2.2,3.37,1.6,3.52,1.4,1.0,0.6,1.4
2,2020-07-01,9,102,128,2.57,2.62,1.4,3.81,1.4,1.2,1.2,1.8
2,2020-07-01,10,37,21,4.75,1.76,2.6,3.75,0.8,1.6,0.4,0.6
0,2020-07-01,9,123,98,1.88,3.71,1.4,4.1,1.4,1.2,2.2,1.6
2,2020-07-01,1,86,56,2.28,3.1,1.8,3.68,1.8,1.6,2.2,2.4
2,2020-07-01,1,88,100,11.64,1.12,2.2,11.12,0.6,3.0,1.0,0.8
0,2020-07-01,6,9,6,3.01,2.47,0.6,3.1,1.0,1.0,1.8,1.6
2,2020-07-01,10,4,91,2.35,3.19,1.8,3.19,1.2,1.0,1.2,1.8
0,2020-07-01,6,101,127,1.25,9.84,0.8,6.15,2.2,1.0,1.0,2.6
1,2020-07-01,6,95,30,3.22,2.42,2.6,3.07,1.4,4.0,0.6,0.8
0,2020-07-01,6,73,115,,,0.6,,0.8,0.8,2.4,1.0
1,2020-07-01,6,39,54,,3.07,1.4,,2.0,1.6,3.4,1.4
1,2020-07-01,6,112,85,3.22,2.58,1.2,2.79,1.4,0.4,0.6,0.6
1,2020-07-02,1,48,122,1.6,5.17,0.6,4.79,1.6,0.6,2.2,1.2
0,2020-07-02,9,94,61,2.65,2.62,0.4,3.61,1.6,0.6,1.4,1.2
2,2020-07-02,10,120,28,5.74,1.53,2.0,4.58,0.0,2.6,1.8,0.2
0,2020-07-03,10,31,50,2.8,2.47,0.8,3.65,1.8,1.8,2.4,1.8
0,2020-07-03,10,43,107,1.52,6.78,0.6,3.53,2.4,0.6,1.2,2.0
1,2020-07-04,6,59,95,3.66,1.97,2.6,3.53,2.2,1.6,0.4,3.8
2,2020-07-04,1,99,8,2.27,2.76,2.0,3.76,1.2,2.0,1.0,1.0
1,2020-07-04,10,96,72,2.95,2.62,2.0,3.0,2.4,1.2,1.0,2.0
2,2020-07-04,10,93,62,2.61,2.39,1.0,3.98,0.4,1.8,1.0,0.8
1,2020-07-04,10,38,33,4.62,1.75,1.0,3.8,0.8,2.0,1.8,1.0
1,2020-07-04,6,55,39,,2.58,0.8,,1.4,1.0,2.0,1.6
0,2020-07-04,6,30,9,3.73,2.11,1.6,3.24,0.0,1.0,1.0,0.8
1,2020-07-04,1,104,5,2.57,2.66,0.2,3.38,1.0,0.6,1.8,0.8
0,2020-07-04,6,6,19,2.29,3.28,1.4,3.14,1.0,2.0,1.6,0.8
2,2020-07-04,1,13,63,4.63,1.62,2.4,4.54,1.4,1.8,1.4,1.6
2,2020-07-04,9,16,123,6.01,1.51,1.4,4.48,0.8,1.6,1.4,1.0
2,2020-07-04,9,128,92,2.56,2.58,1.4,3.73,1.0,2.0,1.4,1.4
0,2020-07-04,6,97,101,5.44,1.63,1.4,3.86,0.6,1.2,1.2,1.2
0,2020-07-05,10,49,82,1.91,3.92,1.6,4.01,0.8,1.6,1.8,1.4
0,2020-07-05,10,4,28,2.4,3.04,2.4,3.19,0.0,0.8,0.6,0.2
2,2020-07-05,10,3,34,2.85,2.41,2.0,3.48,1.6,2.0,2.0,1.4
2,2020-07-05,10,2,17,2.27,3.17,0.6,3.5,1.2,1.2,2.4,1.0
1,2020-07-05,10,10,18,1.52,6.32,1.4,4.31,2.0,1.2,1.2,1.4
2,2020-07-05,10,78,91,2.3,3.07,0.6,3.25,1.0,1.0,1.4,1.6
2,2020-07-05,6,85,73,,1.3,1.4,,0.0,0.6,0.8,0.4
0,2020-07-05,1,56,88,1.64,4.28,1.8,4.95,2.2,2.4,1.0,3.4
2,2020-07-05,9,125,60,6.42,1.49,1.6,4.49,1.6,2.6,1.4,1.0
2,2020-07-05,9,98,94,6.64,1.43,2.0,4.8,0.4,2.0,2.2,0.4
2,2020-07-05,9,61,102,3.26,2.14,1.6,3.58,1.4,1.4,1.2,1.6
0,2020-07-05,10,71,66,1.95,3.79,0.8,3.69,2.0,1.2,1.2,1.6
0,2020-07-05,6,54,127,2.08,3.4,2.0,3.51,2.6,1.4,0.6,3.0
2,2020-07-05,1,122,86,3.96,1.74,1.8,4.4,1.8,1.6,1.0,1.8
0,2020-07-05,1,100,48,2.94,2.06,0.0,4.11,0.8,0.8,3.2,1.0
1,2020-07-05,6,112,115,3.3,2.55,1.4,2.78,1.2,0.4,0.2,1.4
0,2020-07-06,10,21,35,2.42,3.16,0.8,3.05,1.0,0.6,1.4,1.2
1,2020-07-06,10,37,120,2.21,3.05,3.0,3.62,2.0,1.8,0.2,2.2
0,2020-07-07,6,101,6,2.5,2.97,1.2,3.15,1.4,1.8,1.6,2.0
1,2020-07-07,9,123,128,2.89,2.31,0.6,3.87,1.8,0.8,2.6,2.2
0,2020-07-07,6,9,55,3.51,2.2,0.6,3.21,0.4,1.0,1.8,0.8
2,2020-07-08,1,13,8,3.11,2.21,2.4,3.58,1.0,1.8,1.4,0.8
2,2020-07-08,10,82,31,2.91,2.1,1.4,3.81,0.8,1.8,1.8,1.8
2,2020-07-08,10,50,49,10.55,1.24,1.8,5.18,1.4,1.6,0.8,1.6
0,2020-07-08,10,72,93,1.76,3.95,2.0,3.46,1.4,1.6,1.8,1.8
1,2020-07-08,10,62,96,1.86,3.66,0.2,4.19,2.0,0.4,1.6,1.0
2,2020-07-08,9,94,16,1.65,4.88,0.2,4.13,1.8,0.6,1.8,1.6
2,2020-07-08,9,125,102,7.52,1.35,2.0,5.52,1.2,2.6,0.8,1.4
2,2020-07-08,9,92,61,4.12,1.85,0.8,3.76,2.0,1.0,1.4,1.8
1,2020-07-08,6,97,59,2.73,2.65,1.4,3.23,2.2,1.6,1.6,1.4
0,2020-07-08,6,39,112,,1.96,1.0,,1.4,1.0,3.0,0.6
2,2020-07-08,6,127,95,4.48,1.67,3.0,4.37,1.8,3.8,1.0,2.8
0,2020-07-08,6,73,19,1.46,6.66,0.0,4.49,1.6,0.2,2.2,1.2
2,2020-07-09,10,17,71,2.8,2.39,1.2,3.65,0.8,0.6,0.6,1.2
2,2020-07-09,6,85,54,2.26,3.32,2.0,3.32,1.4,0.8,0.6,1.4
2,2020-07-09,6,115,30,2.27,3.28,1.4,3.02,1.6,1.6,2.2,1.0
1,2020-07-09,9,60,98,2.2,3.02,1.4,3.88,2.4,1.0,1.2,1.8
2,2020-07-09,10,2,3,2.07,3.31,1.2,3.7,2.0,1.2,1.8,1.6
2,2020-07-09,10,66,34,4.17,1.89,2.0,3.47,1.0,1.6,1.0,1.0
1,2020-07-10,10,33,10,3.66,2.09,0.8,3.31,1.6,0.8,1.2,1.4
2,2020-07-11,9,16,125,2.53,2.63,1.8,3.66,2.0,1.4,0.8,2.8
2,2020-07-11,10,120,4,8.64,1.33,1.6,5.26,2.4,1.8,1.2,1.0
2,2020-07-11,10,35,37,3.26,2.37,1.4,3.05,2.6,1.2,1.6,1.2
0,2020-07-11,1,13,48,3.81,1.86,2.4,4.16,1.4,1.6,1.2,1.8
2,2020-07-11,6,95,97,2.41,2.86,1.2,3.41,1.0,2.6,1.0,1.2
2,2020-07-11,10,82,72,3.24,2.31,2.0,3.15,2.0,2.0,1.2,1.8
1,2020-07-11,6,6,127,2.28,2.95,2.0,3.45,3.0,2.0,1.8,2.8
2,2020-07-11,6,9,101,3.26,2.32,0.6,3.13,0.6,1.4,2.4,1.4
1,2020-07-12,10,71,2,2.86,2.21,0.6,4.0,1.8,1.0,1.8,1.4
1,2020-07-12,9,92,98,3.61,2.01,1.2,3.88,2.0,1.2,1.2,2.0
2,2020-07-12,9,102,123,2.62,2.48,1.2,3.65,0.2,1.2,2.4,0.6
1,2020-07-12,10,28,78,3.7,2.01,0.6,3.45,1.2,0.8,1.4,1.4
2,2020-07-12,10,107,38,4.07,1.81,2.4,4.03,1.0,2.0,1.8,1.8
2,2020-07-12,10,3,66,2.81,2.37,1.8,3.72,2.0,1.6,1.8,1.8
1,2020-07-12,6,73,39,1.9,3.91,0.0,3.67,1.0,0.0,2.4,1.0
2,2020-07-12,6,30,55,3.88,2.11,1.0,3.05,1.0,1.0,1.2,1.6
1,2020-07-12,6,19,85,9.99,1.35,2.0,4.66,2.0,2.0,0.8,0.8
1,2020-07-12,6,59,112,8.0,1.55,1.8,3.77,1.8,1.0,0.4,1.0
1,2020-07-12,10,34,17,4.47,1.73,0.8,3.96,1.6,1.0,1.4,1.4
1,2020-07-12,9,61,60,3.02,2.3,1.4,3.37,1.4,1.4,1.2,1.4
2,2020-07-12,6,54,115,7.95,1.37,0.8,4.98,2.0,1.2,1.6,1.8
2,2020-07-13,10,18,43,14.45,1.18,1.6,6.73,0.6,1.4,1.0,0.6
2,2020-07-13,10,91,21,6.19,1.58,0.8,3.83,0.6,1.6,2.0,0.4
0,2020-07-13,10,49,62,3.56,2.15,1.2,3.22,0.4,1.8,2.4,0.6
2,2020-07-14,9,16,128,,,1.8,,2.0,1.6,1.0,2.0
0,2020-07-15,6,115,9,3.36,2.26,2.0,3.3,1.2,1.6,1.2,1.4
1,2020-07-15,6,55,54,1.73,4.72,1.0,3.84,1.4,1.2,1.4,1.8
1,2020-07-15,9,60,102,4.14,1.84,1.0,3.9,1.2,1.6,2.2,1.6
2,2020-07-15,6,127,73,10.58,1.24,2.6,6.23,0.2,2.2,1.2,0.0
1,2020-07-15,1,48,13,2.21,2.79,1.4,4.2,1.8,2.2,2.8,1.6
2,2020-07-15,6,97,6,3.77,2.1,0.4,3.23,1.6,0.6,1.4,1.4
2,2020-07-15,9,125,92,6.48,1.44,2.0,5.14,1.2,3.2,0.8,1.2
1,2020-07-16,9,123,94,2.91,2.33,0.2,3.61,0.8,0.4,2.8,0.6
0,2020-07-16,6,112,30,2.12,4.07,1.4,2.82,1.0,0.8,0.6,0.8
2,2020-07-16,6,59,19,2.46,2.98,1.4,3.16,2.2,1.0,0.6,2.2
2,2020-07-16,6,101,95,,2.44,0.6,,1.2,1.4,2.0,0.8
1,2020-07-16,6,85,39,2.71,2.79,1.6,3.0,1.2,0.6,0.6,0.8
2,2020-07-16,9,98,61,4.22,1.72,2.2,4.09,1.6,2.2,1.6,2.0
2,2020-07-17,10,4,37,2.27,3.24,1.8,3.2,2.0,0.8,1.6,1.0
2,2020-07-17,10,66,71,5.35,1.54,1.8,4.52,0.8,1.8,1.8,0.8
0,2020-07-17,10,43,10,1.85,4.07,0.4,3.71,1.2,0.6,1.6,1.2
1,2020-07-18,10,35,91,2.63,2.97,1.8,2.93,1.4,1.4,1.6,1.8
0,2020-07-18,9,128,125,1.35,6.44,1.4,5.79,2.0,1.2,1.6,2.8
0,2020-07-19,10,33,107,2.03,3.45,1.0,3.76,3.0,0.8,1.0,2.2
1,2020-07-19,9,94,60,2.53,2.78,0.8,3.24,1.2,0.4,1.2,1.8
2,2020-07-19,9,102,98,1.73,4.27,1.4,4.53,2.2,1.4,2.0,2.4
0,2020-07-19,10,17,2,3.3,2.15,1.6,3.5,2.0,1.4,0.6,1.4
0,2020-07-19,10,34,3,3.12,2.28,0.4,3.43,1.8,0.6,1.4,1.8
0,2020-07-19,9,61,123,3.98,1.87,1.4,3.85,0.4,1.8,1.8,0.4
1,2020-07-19,9,92,16,2.24,2.92,1.0,3.94,1.8,1.2,1.6,2.0
0,2020-07-19,6,54,30,6.08,1.58,1.0,4.06,1.4,1.2,1.2,1.0
2,2020-07-19,10,72,82,3.03,2.23,1.4,3.7,2.0,1.6,1.6,1.6
1,2020-07-20,10,62,49,3.12,2.24,0.8,3.54,1.2,1.0,1.8,2.0
1,2020-07-20,10,78,120,2.0,3.64,1.4,3.64,2.2,1.6,1.2,2.6
0,2020-07-22,9,98,16,3.09,2.08,1.6,4.09,2.0,2.2,1.6,2.2
2,2020-07-22,9,60,128,4.51,1.74,0.8,4.0,0.8,1.6,2.2,1.0
2,2020-07-22,9,102,92,2.51,2.72,1.4,3.55,1.0,1.2,1.8,1.4
0,2020-07-22,9,61,94,3.23,2.19,0.8,3.53,1.0,1.6,2.2,0.6
2,2020-07-22,6,19,101,12.39,1.29,2.0,5.92,1.2,2.4,0.6,1.8
1,2020-07-22,10,71,3,1.98,3.37,0.2,3.95,1.8,0.6,2.6,1.8
2,2020-07-22,6,55,95,,,1.2,,1.0,1.0,1.0,0.6
1,2020-07-22,10,17,66,2.42,2.73,1.4,3.7,2.4,1.2,0.6,2.4
0,2020-07-22,6,115,59,2.28,3.04,1.4,3.51,1.4,1.4,1.6,1.0
1,2020-07-22,6,112,9,2.94,2.64,1.2,2.87,1.8,0.8,0.8,1.8
0,2020-07-22,6,30,73,5.7,1.61,1.8,3.82,0.2,1.2,0.6,0.2
2,2020-07-22,6,54,6,8.44,1.36,0.8,5.05,1.4,1.0,1.4,1.2
0,2020-07-22,6,39,127,3.28,2.11,0.8,3.64,2.6,0.4,0.6,2.6
0,2020-07-22,6,85,97,2.31,3.12,1.8,3.22,0.8,0.6,0.2,1.2
2,2020-07-23,10,72,50,3.83,2.05,1.4,3.36,2.2,1.6,1.4,2.0
0,2020-07-23,10,2,34,1.98,3.64,2.6,3.69,0.2,1.6,0.2,0.8
0,2020-07-23,9,123,125,1.35,7.36,1.0,5.6,2.4,0.6,1.4,3.6
0,2020-07-25,9,128,98,1.85,3.63,0.8,4.49,1.0,0.6,2.2,1.8
0,2020-07-25,10,43,38,2.21,3.24,0.2,3.32,0.4,0.6,2.4,1.2
0,2020-07-25,4,70,103,1.92,4.15,0.6,3.44,1.4,1.6,1.8,1.6
1,2020-07-25,9,94,102,3.04,2.29,1.6,3.48,2.0,1.0,0.8,2.2
2,2020-07-25,10,120,21,8.02,1.39,1.8,4.78,0.0,2.0,0.8,0.0
2,2020-07-26,9,92,123,3.78,1.86,1.0,3.99,1.0,1.6,2.4,0.6
1,2020-07-26,4,47,23,2.45,2.81,2.0,3.49,1.8,1.4,0.8,2.0
2,2020-07-26,4,24,12,4.38,1.84,0.8,3.61,0.6,1.2,1.8,0.8
2,2020-07-26,4,26,89,4.15,1.82,3.0,3.86,2.4,2.6,1.2,1.4
2,2020-07-26,4,110,80,3.62,2.05,0.8,3.5,1.0,1.6,2.6,1.0
2,2020-07-26,10,34,71,5.34,1.55,0.8,4.45,0.4,0.8,1.6,0.8
1,2020-07-26,9,16,60,4.74,1.66,2.0,4.16,1.4,2.8,1.0,1.8
0,2020-07-26,10,66,2,6.5,1.43,2.0,4.82,2.0,2.2,1.6,0.8
2,2020-07-26,9,125,61,12.15,1.22,2.4,6.66,0.2,3.2,1.0,1.2
0,2020-07-26,10,3,17,5.58,1.51,2.0,4.43,1.0,1.8,0.8,1.0
2,2020-07-26,10,37,91,2.93,2.67,1.4,2.81,1.0,1.0,0.8,1.6
2,2020-07-26,10,4,78,2.37,3.08,1.8,3.04,1.6,1.0,1.8,1.8
1,2020-07-26,10,50,72,2.43,2.78,2.0,3.5,1.4,1.8,1.2,1.6
0,2020-07-28,4,75,22,2.61,2.65,2.0,3.37,1.4,1.4,0.8,1.2
0,2020-07-28,4,64,79,3.37,2.22,0.0,3.28,2.0,0.0,0.0,0.8
0,2020-07-28,9,128,94,2.12,3.17,0.2,3.72,1.8,0.4,2.8,1.0
1,2020-07-28,4,11,52,5.16,1.78,1.4,3.43,0.8,1.2,1.4,1.6
2,2020-07-28,10,18,33,9.19,1.38,2.0,4.71,1.0,1.8,1.0,0.8
2,2020-07-29,4,69,105,7.2,1.42,0.6,4.8,0.8,0.8,1.4,1.4
2,2020-07-29,10,21,4,2.88,2.51,0.0,3.2,1.8,0.2,2.2,1.4
2,2020-07-29,10,35,120,2.27,3.22,2.0,3.31,2.2,1.6,1.2,2.2
2,2020-07-29,10,3,72,3.99,1.93,1.4,3.53,1.4,1.6,1.0,1.6
2,2020-07-30,10,78,37,2.3,3.05,1.0,3.28,1.4,1.4,1.8,1.2
0,2020-07-31,9,94,125,1.53,5.82,1.8,4.29,2.4,1.2,0.6,2.6
2,2020-07-31,9,98,123,14.33,1.17,1.4,7.63,0.8,1.8,2.0,0.6
0,2020-07-31,10,38,18,1.56,6.52,1.0,3.77,2.0,1.4,1.6,1.8
2,2020-07-31,9,60,92,4.44,1.68,1.4,4.12,1.0,2.0,1.8,2.0
2,2020-07-31,9,61,128,3.34,2.06,0.2,3.64,0.0,1.2,2.4,0.2
1,2020-07-31,9,102,16,2.19,2.82,2.2,4.31,2.2,2.4,0.8,3.6
0,2020-08-01,10,4,35,2.23,3.41,1.2,3.12,2.6,1.4,2.4,2.0
2,2020-08-01,4,52,70,2.92,2.48,0.8,3.27,0.6,1.6,2.0,1.2
2,2020-08-01,10,33,43,7.49,1.44,1.0,4.19,0.0,0.6,0.8,0.2
1,2020-08-01,4,79,26,1.95,4.06,2.6,3.41,3.0,1.6,0.2,2.6
0,2020-08-01,10,120,91,4.96,1.73,1.6,3.72,0.8,2.0,0.8,1.0
1,2020-08-02,4,103,75,6.04,1.53,2.0,4.44,1.4,2.0,0.8,1.4
2,2020-08-02,4,22,24,3.78,1.94,1.4,3.6,1.2,1.2,1.6,1.6
0,2020-08-02,10,37,28,5.0,1.72,0.8,3.75,0.8,1.0,1.2,1.0
2,2020-08-02,4,105,11,2.99,2.36,0.8,3.48,1.0,1.2,1.8,0.8
2,2020-08-02,10,78,21,4.44,1.88,1.6,3.36,0.6,1.4,1.4,0.8
1,2020-08-02,4,80,64,2.79,2.48,0.4,3.36,0.0,0.8,2.0,1.0
0,2020-08-03,10,107,18,2.64,2.86,3.0,3.0,2.0,2.2,1.0,1.8
1,2020-08-03,9,16,61,4.79,1.6,1.8,4.62,0.6,3.0,1.2,1.0
0,2020-08-03,9,92,94,2.56,2.51,0.8,3.88,1.6,2.0,3.0,1.2
0,2020-08-03,9,123,60,2.32,2.78,0.8,3.81,1.8,0.6,2.4,2.0
2,2020-08-03,9,125,98,4.16,1.66,3.0,4.71,1.8,2.4,0.4,2.8
1,2020-08-03,9,128,102,1.66,4.48,0.0,4.47,1.8,0.4,2.6,1.8
2,2020-08-03,4,89,47,3.09,2.35,1.8,3.3,2.2,1.0,1.0,1.2
0,2020-08-04,4,12,110,2.85,2.49,0.6,3.35,0.8,1.0,2.0,1.6
2,2020-08-04,4,23,69,3.1,2.2,2.0,3.65,1.0,1.8,1.0,1.2
1,2020-08-05,10,35,78,2.87,2.55,2.6,3.09,1.6,1.8,0.6,1.0
1,2020-08-05,10,28,120,3.07,2.25,1.4,3.4,1.4,1.2,1.0,2.0
2,2020-08-05,10,21,37,1.93,3.97,0.6,3.5,0.6,0.8,1.8,1.2
2,2020-08-05,10,91,4,12.13,1.27,1.4,5.56,1.2,1.6,1.4,1.2
2,2020-08-07,9,116,102,2.26,2.93,0.0,3.72,1.8,0.0,0.0,2.2
2,2020-08-07,4,75,80,4.05,1.99,1.0,3.33,0.6,1.2,1.4,1.0
1,2020-08-07,4,24,103,2.08,3.63,1.2,3.46,2.2,1.6,2.4,2.0
1,2020-08-08,4,70,22,2.12,3.39,0.6,3.51,1.4,1.0,1.6,1.8
0,2020-08-08,6,53,19,1.79,4.63,0.0,3.48,2.0,0.0,0.0,2.4
0,2020-08-08,6,101,39,2.12,3.67,1.2,3.16,0.6,1.6,1.6,0.4
2,2020-08-08,4,64,105,2.95,2.32,0.5,3.56,1.4,1.0,2.5,1.8
0,2020-08-09,6,112,54,2.01,4.04,1.2,3.15,1.4,0.8,0.8,1.4
1,2020-08-09,6,9,6,3.08,2.48,2.0,2.96,0.8,1.6,1.2,0.6
1,2020-08-09,6,97,95,5.39,1.62,1.4,3.93,0.8,1.6,1.2,0.4
1,2020-08-09,4,110,52,4.16,1.83,1.4,3.8,1.4,1.8,2.4,1.6
1,2020-08-09,4,69,89,4.56,1.76,1.0,3.84,1.8,1.2,1.4,1.0
2,2020-08-09,10,21,67,,2.01,1.2,,0.0,1.2,1.6,0.0
2,2020-08-09,4,26,23,3.25,2.17,2.6,3.51,2.0,2.4,1.0,1.6
0,2020-08-09,4,47,79,3.52,2.13,1.6,3.25,2.2,1.0,0.8,1.4
1,2020-08-10,4,11,12,3.36,2.19,0.4,3.4,0.6,1.0,2.0,1.2
0,2020-08-10,6,115,30,2.19,3.5,0.8,3.13,1.8,0.8,1.8,1.2
2,2020-08-10,9,102,116,6.25,1.44,1.2,4.82,3.0,1.8,1.4,2.0
0,2020-08-11,6,85,59,2.32,3.1,1.6,3.16,1.8,0.8,0.6,1.0
0,2020-08-11,6,81,127,1.35,8.98,0.0,4.9,2.6,0.0,0.0,2.6
2,2020-08-11,4,70,64,3.75,1.98,0.2,3.67,1.3333333333333333,0.6,1.8,1.3333333333333333
2,2020-08-12,4,80,26,1.9,4.24,0.4,3.49,2.6,0.8,2.0,2.0
1,2020-08-12,10,67,21,2.51,2.86,0.0,3.23,1.8,0.0,2.0,1.6
2,2020-08-12,4,103,79,8.11,1.47,1.8,4.18,2.2,1.4,0.6,1.4
0,2020-08-12,4,75,23,2.59,2.73,1.4,3.39,2.0,1.2,1.2,1.6
1,2020-08-13,4,110,69,2.38,2.88,1.6,3.52,1.2,2.0,2.0,1.6
0,2020-08-13,4,24,11,3.92,1.91,1.4,3.77,0.6,1.6,2.2,1.2
0,2020-08-13,4,52,47,2.63,2.82,1.0,3.16,1.0,1.2,1.8,0.6
0,2020-08-14,6,9,112,3.5,2.35,1.6,2.9,1.0,1.4,1.2,0.6
1,2020-08-14,6,95,53,4.2,1.92,0.8,3.36,0.0,0.8,2.0,0.0
2,2020-08-14,6,97,6,5.09,1.66,1.6,3.65,1.0,1.6,1.0,0.6
0,2020-08-14,4,12,105,3.01,2.35,0.8,3.49,0.8,1.4,2.0,1.6
2,2020-08-14,4,22,89,3.62,2.03,1.6,3.62,1.4,2.0,1.2,1.2
0,2020-08-15,4,79,75,2.3,3.29,2.0,3.22,0.8,1.6,0.8,1.0
2,2020-08-15,4,47,11,3.96,2.05,1.0,3.25,1.0,0.6,0.8,1.2
1,2020-08-15,6,85,115,4.61,1.75,1.0,3.48,0.6,0.6,1.0,0.6
2,2020-08-15,6,59,54,2.45,2.96,2.2,3.2,2.0,1.4,0.6,2.0
2,2020-08-15,6,19,101,8.47,1.45,2.0,4.16,0.6,2.0,0.6,1.0
1,2020-08-15,6,30,81,5.74,1.69,2.4,3.43,0.0,1.4,0.2,0.0
0,2020-08-15,6,39,127,1.88,4.21,1.0,3.5,2.6,0.6,0.8,2.2
1,2020-08-16,4,64,110,3.17,2.22,1.0,3.49,1.6,1.0,1.75,1.6
2,2020-08-16,4,26,52,8.21,1.39,2.0,4.7,1.0,1.2,0.4,1.0
1,2020-08-16,4,69,70,5.55,1.6,1.2,4.11,0.8,1.4,1.2,0.6
2,2020-08-16,4,105,103,2.39,2.94,1.2,3.53,2.2,1.8,2.2,1.8
1,2020-08-17,4,89,12,3.85,1.89,1.4,3.67,0.8,1.4,1.6,1.4
2,2020-08-17,4,80,22,2.28,3.08,0.8,3.48,2.0,0.8,1.8,2.0
2,2020-08-18,4,23,24,5.87,1.52,2.0,4.43,1.4,1.0,0.6,1.2
2,2020-08-18,6,54,9,7.17,1.42,1.4,4.42,1.6,1.4,0.6,1.4
2,2020-08-18,6,101,53,2.68,2.78,0.6,3.01,0.5,1.0,1.4,0.5
2,2020-08-18,6,95,85,3.1,2.42,1.0,3.04,0.6,0.8,1.8,0.6
2,2020-08-19,6,6,81,3.79,2.23,0.4,2.92,0.5,0.2,2.0,0.0
2,2020-08-19,6,127,19,4.31,1.81,2.6,3.78,2.0,2.2,0.6,1.6
2,2020-08-19,6,30,39,3.89,2.11,2.0,3.0,1.0,1.0,0.2,0.4
1,2020-08-19,6,115,59,1.77,4.64,0.2,3.49,2.6,0.4,2.0,1.4
1,2020-08-19,6,112,97,2.03,3.99,1.0,3.17,2.0,0.8,1.4,1.8
0,2020-08-21,10,32,33,,3.93,0.0,,1.0,0.0,0.0,1.0
1,2020-08-22,10,120,111,8.07,1.39,1.0,4.89,0.0,1.2,1.6,0.0
1,2020-08-22,4,52,23,1.97,3.89,1.0,3.6,2.0,1.0,1.4,0.8
2,2020-08-22,4,70,89,2.45,2.84,1.0,3.38,1.0,0.6,1.2,1.0
2,2020-08-22,4,12,80,2.56,2.87,0.4,3.17,1.4,0.8,1.6,1.6
0,2020-08-22,10,10,38,1.9,3.92,1.6,3.62,0.8,2.0,1.2,1.0
0,2020-08-22,6,19,85,5.17,1.71,1.8,3.66,0.4,1.6,1.0,0.8
2,2020-08-22,6,127,101,18.87,1.2,3.0,8.19,1.2,2.4,0.6,1.0
2,2020-08-22,6,9,30,1.93,4.36,1.0,3.27,2.0,1.0,1.2,1.2
0,2020-08-22,6,53,6,2.89,2.58,0.3333333333333333,3.11,0.8,0.3333333333333333,1.3333333333333333,0.6
0,2020-08-22,10,91,107,2.09,3.63,2.0,3.27,2.4,1.6,0.8,2.0
0,2020-08-22,6,81,95,2.28,3.43,0.3333333333333333,3.03,1.0,0.3333333333333333,1.6666666666666667,1.2
2,2020-08-22,6,115,54,1.61,5.44,0.4,4.03,1.8,0.6,1.6,1.8
1,2020-08-23,4,103,110,6.07,1.56,1.6,4.13,1.8,1.6,1.0,1.4
2,2020-08-23,6,97,59,3.05,2.51,2.2,3.1,2.6,2.0,0.8,1.4
0,2020-08-23,6,112,39,2.8,2.98,1.0,2.85,0.8,0.8,1.4,0.4
0,2020-08-23,10,4,18,1.4,8.74,1.2,4.39,2.6,1.2,1.4,2.0
2,2020-08-23,4,105,47,2.7,2.67,1.8,3.26,1.4,2.0,2.0,0.8
0,2020-08-23,4,22,69,2.6,2.58,2.0,3.6,1.2,2.2,1.4,1.4
2,2020-08-23,10,78,21,3.17,2.31,1.6,3.1,2.0,1.2,1.4,1.6
2,2020-08-24,4,24,79,4.37,1.95,0.8,3.3,1.4,0.8,1.8,1.4
2,2020-08-24,10,37,43,3.74,2.05,0.6,3.26,0.0,1.0,1.6,0.4
1,2020-08-24,10,28,35,3.05,2.49,1.6,3.04,2.2,1.4,1.0,2.0
0,2020-08-24,4,11,26,1.78,4.41,1.0,3.81,2.0,1.4,1.4,1.6
2,2020-08-25,4,75,64,4.46,1.87,1.4,3.38,1.0,0.8,0.8,0.8
0,2020-08-25,6,101,95,2.07,3.73,0.6,3.26,1.6,0.6,1.8,1.6
1,2020-08-25,6,9,53,4.5,1.87,1.0,3.41,0.25,0.8,1.0,0.5
0,2020-08-26,6,59,6,4.15,1.88,2.0,3.58,1.4,1.2,0.6,1.0
0,2020-08-26,6,81,97,1.61,5.95,0.25,3.82,2.2,0.5,1.75,1.8
2,2020-08-26,6,85,112,4.7,1.91,0.8,3.15,1.0,1.2,1.8,0.8
2,2020-08-26,6,39,115,5.51,1.65,1.2,3.7,1.0,0.6,1.2,0.6
2,2020-08-26,6,30,127,1.85,4.36,1.4,3.54,3.0,0.8,0.6,2.4
1,2020-08-26,6,54,19,3.19,2.25,1.8,3.43,1.8,1.8,0.4,1.6
1,2020-08-28,10,111,37,3.1,2.34,1.0,3.31,1.2,1.0,1.0,1.2
2,2020-08-28,10,43,32,,2.06,0.0,,0.0,0.4,2.6,2.0
1,2020-08-29,10,18,91,5.8,1.68,3.0,3.39,1.4,2.0,0.4,1.2
2,2020-08-29,6,97,9,6.15,1.57,2.2,3.89,1.0,1.6,0.8,1.0
1,2020-08-29,10,35,4,4.85,1.79,1.8,3.31,0.6,1.8,1.0,1.0
1,2020-08-29,4,64,103,2.02,3.77,1.0,3.48,1.2,1.2,1.4,1.2
2,2020-08-29,4,79,105,2.51,2.87,0.8,3.33,2.4,0.6,1.0,2.0
1,2020-08-29,6,53,81,4.31,1.97,0.4,3.25,0.2,0.6,1.4,0.4
1,2020-08-30,6,54,39,5.03,1.86,1.4,3.57,1.8,1.2,0.6,0.6
1,2020-08-30,6,95,115,5.38,1.63,2.2,3.92,1.0,1.8,1.2,0.6
2,2020-08-30,4,26,70,6.29,1.54,2.0,4.0,1.6,1.8,1.0,1.0
1,2020-08-30,6,112,30,2.07,4.17,0.8,2.93,2.0,0.8,2.0,1.0
1,2020-08-30,6,59,127,1.67,5.03,1.4,3.84,2.4,1.4,1.2,2.0
2,2020-08-30,4,110,24,3.59,2.06,1.4,3.51,0.8,1.0,0.8,0.4
1,2020-08-30,4,47,75,3.04,2.43,1.2,3.14,2.0,0.8,1.0,1.4
1,2020-08-30,6,85,101,5.46,1.66,1.4,3.75,0.6,1.6,1.4,0.6
0,2020-08-30,6,6,19,1.97,3.83,2.0,3.44,1.4,1.6,1.2,1.4
2,2020-08-30,10,33,78,6.06,1.51,1.4,3.72,2.0,1.4,1.2,1.2
2,2020-08-30,10,107,10,5.8,1.57,2.4,3.9,1.6,1.6,1.0,1.8
2,2020-08-30,10,38,120,4.55,1.8,1.4,3.67,1.0,1.2,1.0,1.2
0,2020-08-30,4,11,22,2.48,2.83,0.8,3.41,1.4,1.4,1.8,2.0
2,2020-08-31,4,69,52,6.33,1.47,1.2,4.71,1.0,1.4,1.2,0.8
2,2020-08-31,4,89,80,3.31,2.16,1.0,3.4,1.4,1.2,1.4,1.2
2,2020-08-31,10,21,28,1.65,5.2,1.4,3.92,1.8,1.0,0.6,1.6
2,2020-09-01,4,23,12,5.4,1.68,2.0,3.68,1.0,0.8,0.6,0.8
2,2020-09-03,4,22,64,6.06,1.55,1.4,4.22,1.0,1.6,2.0,1.2
2,2020-09-04,4,75,11,4.23,1.86,2.0,3.67,0.8,1.2,0.8,1.2
2,2020-09-04,4,80,105,3.5,2.08,1.2,3.56,1.8,1.2,1.0,1.6
1,2020-09-05,4,52,89,2.24,3.06,0.4,3.5,1.0,0.8,1.6,1.2
0,2020-09-05,4,70,23,1.85,3.97,1.6,3.89,2.0,1.0,1.2,1.0
2,2020-09-05,4,110,79,4.61,1.76,1.4,3.94,1.2,1.2,0.6,1.2
2,2020-09-05,4,24,69,2.16,3.2,0.8,3.58,1.8,0.4,1.4,1.8
2,2020-09-06,4,12,26,1.78,4.44,1.0,3.75,2.4,0.8,1.0,2.2
0,2020-09-06,4,103,47,4.07,2.0,1.2,3.32,1.4,1.2,1.2,0.8
2,2020-09-08,4,11,70,2.91,2.42,0.6,3.4,1.4,1.2,2.0,0.8
1,2020-09-09,4,23,103,4.08,1.87,2.6,3.58,1.0,1.4,0.4,1.4
0,2020-09-09,4,79,22,1.96,3.72,0.6,3.69,1.8,1.2,1.8,2.0
1,2020-09-09,4,47,80,4.13,1.97,2.0,3.53,1.8,1.4,0.6,2.0
1,2020-09-09,4,69,12,6.32,1.51,1.6,4.31,1.4,1.6,1.2,0.8
0,2020-09-09,4,105,52,4.21,1.75,1.8,4.15,0.4,1.6,2.2,0.8
2,2020-09-10,4,26,75,3.39,2.14,1.8,3.52,2.0,1.8,1.0,1.6
0,2020-09-10,4,89,110,3.65,2.02,1.0,3.52,1.8,1.0,1.4,1.8
2,2020-09-10,4,64,24,3.0,2.4,0.4,3.32,1.2,1.0,1.8,0.8
2,2020-09-11,1,56,13,5.94,1.51,1.2,4.64,2.0,1.6,1.6,1.2
1,2020-09-11,10,28,33,2.92,2.5,1.2,3.15,1.8,1.0,1.0,2.2
2,2020-09-11,1,86,5,7.4,1.37,1.2,5.21,1.0,1.8,2.8,0.6
2,2020-09-11,10,96,66,1.92,3.92,1.6,3.59,1.4,1.0,1.0,2.2
1,2020-09-11,10,32,111,,2.58,0.0,,1.0,1.0,2.5,0.5
1,2020-09-12,10,4,21,3.19,2.38,0.2,3.13,2.0,0.8,2.0,1.2
1,2020-09-12,1,8,48,3.32,2.04,0.8,4.04,1.6,0.6,1.2,2.0
0,2020-09-12,6,6,95,3.05,2.46,1.8,3.28,2.2,1.6,1.8,1.4
2,2020-09-12,6,115,53,3.42,2.31,1.2,3.15,0.6,0.6,0.6,0.8
2,2020-09-12,6,101,112,3.21,2.64,0.8,2.8,1.0,1.0,1.8,1.0
2,2020-09-12,10,37,38,1.47,6.88,0.8,4.6,1.8,0.8,1.4,1.6
0,2020-09-12,10,78,43,3.25,2.45,2.0,3.02,0.6,1.2,1.4,0.8
1,2020-09-12,4,12,64,3.24,2.24,1.6,3.43,1.0,0.8,0.6,1.2
2,2020-09-12,4,52,79,3.69,2.09,1.0,3.27,0.6,1.0,1.2,1.4
0,2020-09-12,4,70,47,2.26,3.12,0.8,3.42,1.6,0.8,1.8,1.2
0,2020-09-13,6,30,85,4.57,1.88,1.6,3.27,1.6,0.8,0.6,2.0
2,2020-09-13,4,110,11,4.11,1.85,2.2,3.65,0.6,2.0,0.6,1.2
1,2020-09-13,4,22,105,4.55,1.73,1.8,4.01,1.2,2.0,2.2,1.2
2,2020-09-13,4,103,89,3.59,2.06,0.6,3.58,1.0,1.2,1.8,1.0
2,2020-09-13,10,17,71,3.7,2.01,1.6,3.7,0.4,1.2,0.4,1.0
2,2020-09-13,1,83,104,3.49,2.0,0.0,3.99,0.4,0.0,0.0,0.6
1,2020-09-13,1,99,100,2.32,3.01,2.0,3.72,0.0,2.2,1.0,1.0
0,2020-09-13,1,122,88,1.34,7.68,2.2,6.08,2.6,2.2,1.2,4.0
0,2020-09-13,6,81,54,1.32,9.91,0.4,5.37,1.0,0.6,1.4,0.8
1,2020-09-13,10,10,91,2.62,2.77,1.0,3.19,1.4,1.2,1.4,0.8
2,2020-09-13,10,18,35,7.94,1.47,2.6,4.17,1.8,1.6,0.4,1.8
0,2020-09-13,10,50,82,2.27,3.07,2.0,3.62,1.8,2.0,1.4,1.6
1,2020-09-13,10,62,2,1.99,3.59,1.0,3.83,2.0,1.2,1.8,0.8
2,2020-09-13,10,72,34,2.13,3.44,1.4,3.49,1.4,1.6,1.2,1.2
2,2020-09-13,6,19,97,3.21,2.39,1.4,3.3,2.6,1.6,1.2,1.6
2,2020-09-14,6,127,9,10.95,1.27,2.0,6.07,0.8,1.6,0.6,1.2
0,2020-09-14,4,24,26,2.31,3.06,1.2,3.58,2.4,0.8,1.4,2.0
0,2020-09-14,10,120,107,2.58,2.9,0.4,3.33,2.4,0.4,2.0,1.6
0,2020-09-14,4,80,23,2.26,3.16,1.4,3.52,2.2,2.0,1.2,1.4
1,2020-09-14,6,39,59,3.29,2.38,1.4,3.16,1.0,0.6,1.0,1.0
2,2020-09-14,10,3,117,5.29,1.69,2.0,3.82,0.0,2.0,1.0,0.0
1,2020-09-15,4,75,69,3.18,2.19,2.0,3.72,1.6,1.6,1.0,1.6
0,2020-09-18,10,10,18,1.57,6.27,1.0,4.04,2.6,1.2,1.4,1.6
0,2020-09-18,10,21,35,2.81,2.81,1.6,2.99,1.2,0.8,0.4,1.4
2,2020-09-18,6,54,53,8.9,1.36,1.6,5.22,0.4,1.4,0.6,0.8
2,2020-09-19,1,88,8,18.27,1.09,3.0,11.29,0.8,4.2,1.0,0.6
1,2020-09-19,1,104,56,1.48,6.16,0.4,4.78,1.2,0.8,1.8,1.4
1,2020-09-19,6,115,127,1.35,8.28,1.6,5.64,2.0,1.0,0.6,1.8
2,2020-09-19,9,125,128,15.02,1.2,3.0,7.42,0.2,2.2,0.2,1.0
0,2020-09-19,4,70,79,3.47,2.15,0.6,3.39,0.6,0.8,2.0,1.4
0,2020-09-19,4,64,26,2.25,3.15,1.0,3.5,2.4,1.4,1.8,1.8
0,2020-09-19,4,12,75,2.57,2.96,1.6,3.13,1.6,1.0,0.8,1.6
2,2020-09-19,6,39,81,,1.34,1.6,,0.2,0.6,0.6,0.6
2,2020-09-19,10,66,62,10.31,1.31,0.8,5.81,1.2,1.6,2.2,1.0
1,2020-09-19,1,100,86,1.72,4.31,0.2,4.45,1.8,1.0,2.8,2.6
2,2020-09-19,9,60,61,3.78,2.08,2.2,3.37,0.8,2.0,1.2,0.8
1,2020-09-19,10,91,120,3.37,2.34,1.6,3.14,0.4,1.2,0.6,0.6
2,2020-09-19,10,107,37,5.92,1.58,2.4,4.14,1.4,2.0,0.8,1.0
2,2020-09-20,10,38,32,,1.88,1.8,,0.3333333333333333,1.6,0.8,1.0
2,2020-09-20,6,9,95,2.8,2.75,0.8,3.1,2.6,1.0,1.6,1.4
2,2020-09-20,1,13,83,3.43,2.01,1.4,3.83,3.0,0.8,0.8,3.0
0,2020-09-20,1,48,122,1.81,3.88,1.8,4.4,2.0,2.2,1.4,2.0
0,2020-09-20,1,5,99,2.25,3.1,0.8,3.58,2.2,0.6,2.0,2.2
0,2020-09-20,6,112,19,1.83,4.83,0.4,3.47,1.4,0.4,1.6,1.8
2,2020-09-20,4,103,80,4.58,1.78,1.2,3.79,0.8,1.2,1.2,1.6
0,2020-09-20,10,34,17,3.46,2.1,1.4,3.52,1.6,1.4,1.6,1.0
0,2020-09-20,10,111,78,3.54,2.18,1.0,3.23,1.4,0.6666666666666666,0.6666666666666666,1.0
1,2020-09-20,10,82,3,2.43,2.86,2.4,3.55,2.0,2.2,1.2,2.2
1,2020-09-20,10,72,71,3.4,2.1,2.0,3.8,0.4,2.0,1.2,1.4
2,2020-09-20,4,22,47,3.08,2.33,2.0,3.46,1.6,2.0,1.6,1.2
0,2020-09-20,4,105,89,2.46,2.75,0.8,3.7,0.8,0.8,2.0,1.0
2,2020-09-20,9,98,94,5.01,1.64,1.2,4.14,2.0,2.2,2.2,1.4
2,2020-09-20,9,57,92,2.95,2.38,0.0,3.61,0.8,0.0,0.0,1.8
0,2020-09-20,6,85,97,2.29,3.31,2.0,3.36,2.0,2.0,1.2,1.4
2,2020-09-20,6,59,101,7.58,1.52,0.6,4.06,1.4,0.8,1.2,1.2
1,2020-09-20,9,16,116,8.84,1.33,1.4,5.71,1.5,2.2,1.2,2.5
2,2020-09-20,10,117,96,2.72,2.7,0.0,3.33,2.2,2.0,4.0,1.4
1,2020-09-20,10,33,4,4.93,1.75,2.0,3.76,0.4,2.4,1.0,0.6
2,2020-09-21,10,2,50,6.36,1.52,1.6,4.48,1.4,0.6,0.4,1.4
0,2020-09-21,4,11,69,1.83,3.92,0.6,4.05,1.6,1.0,2.4,1.6
2,2020-09-21,6,30,6,3.75,2.14,1.4,3.25,1.8,0.8,0.8,1.6
0,2020-09-21,10,43,28,2.11,3.68,1.2,3.33,1.2,1.6,1.6,1.0
2,2020-09-22,4,23,110,4.69,1.69,2.2,4.18,2.6,1.6,0.8,2.6
0,2020-09-25,10,32,107,1.48,6.72,0.25,4.47,2.4,0.75,2.25,2.0
0,2020-09-25,10,37,91,2.74,2.76,1.4,3.1,1.2,1.0,1.2,0.8
1,2020-09-25,4,75,105,5.87,1.55,1.6,4.35,0.2,1.0,0.6,0.8
2,2020-09-26,6,127,112,20.66,1.18,1.6,7.07,0.2,1.6,0.8,0.2
1,2020-09-26,4,79,80,2.69,2.72,1.2,3.23,0.8,1.6,1.8,1.6
0,2020-09-26,4,52,12,3.17,2.42,1.6,3.18,1.0,0.8,0.6,0.8
2,2020-09-26,4,47,64,5.23,1.71,1.6,3.87,1.0,1.2,0.8,1.2
0,2020-09-26,1,8,104,3.61,1.93,0.2,3.95,0.4,0.6,2.0,0.8
1,2020-09-26,6,95,54,2.13,3.37,2.0,3.57,1.6,1.2,0.8,2.4
0,2020-09-26,6,101,97,1.5,6.55,0.8,4.19,2.4,1.0,1.6,1.6
1,2020-09-26,9,94,125,1.53,5.77,1.4,4.57,3.0,1.0,0.8,1.6
2,2020-09-26,10,66,82,5.03,1.71,1.4,3.85,2.0,1.8,1.6,1.8
2,2020-09-26,10,120,10,5.24,1.7,0.6,3.87,0.8,0.8,2.0,1.2
2,2020-09-26,10,4,43,3.33,2.44,0.6,3.13,1.2,0.6,1.0,1.8
0,2020-09-26,1,83,88,1.22,10.71,1.5,6.85,3.0,2.0,2.0,3.6
0,2020-09-26,1,99,86,1.85,3.96,2.6,3.98,2.0,3.0,0.4,2.4
1,2020-09-26,9,128,60,2.05,3.4,0.2,3.9,2.6,1.2,2.4,2.2
1,2020-09-27,9,61,57,2.5,2.69,0.8,3.61,3.0,0.8,1.2,2.0
1,2020-09-27,10,117,34,1.83,3.97,1.5,4.12,1.2,3.0,2.5,1.6
2,2020-09-27,9,92,16,2.49,2.72,0.6,3.75,1.4,1.6,2.6,2.2
2,2020-09-27,10,3,72,3.44,2.1,1.6,3.59,1.6,1.6,1.2,1.8
0,2020-09-27,4,11,23,1.76,4.33,0.6,4.13,2.6,1.0,2.2,2.0
0,2020-09-27,4,69,103,2.7,2.62,1.6,3.32,1.6,1.4,1.2,1.6
1,2020-09-27,4,110,70,3.25,2.14,2.4,3.62,0.0,2.4,0.8,0.4
0,2020-09-27,9,116,98,1.66,4.27,1.3333333333333333,4.63,1.8,2.3333333333333335,2.0,2.2
2,2020-09-27,10,17,50,7.23,1.45,2.0,4.6,0.8,1.4,1.0,1.0
2,2020-09-27,10,96,2,2.22,3.2,1.6,3.56,2.0,1.2,1.2,0.8
1,2020-09-27,1,48,100,2.08,3.09,1.6,4.08,0.4,1.6,1.2,1.2
0,2020-09-27,6,9,39,2.58,3.06,1.4,3.02,2.2,1.6,1.6,1.2
2,2020-09-27,6,6,115,4.52,1.86,1.2,3.54,1.6,1.0,1.6,1.0
1,2020-09-27,10,18,21,12.43,1.32,2.6,4.69,1.0,1.6,0.4,0.6
1,2020-09-27,1,13,5,6.82,1.45,1.4,4.86,0.8,1.0,1.0,0.6
2,2020-09-27,10,78,38,2.07,2.84,1.4,4.03,1.8,1.4,2.4,2.0
0,2020-09-27,6,81,85,1.49,7.1,0.2,4.26,2.0,0.4,2.0,1.6
0,2020-09-27,6,19,59,3.86,1.98,2.0,3.56,1.0,1.8,0.8,0.8
2,2020-09-27,1,56,122,4.66,1.68,0.8,4.48,2.0,0.6,1.6,2.0
2,2020-09-28,10,35,33,2.12,3.3,1.2,3.35,2.2,1.6,1.4,2.4
0,2020-09-28,10,28,111,7.13,1.51,1.2,3.89,0.75,1.2,1.0,1.0
1,2020-09-28,4,26,22,4.23,1.88,2.4,3.61,2.6,1.8,0.8,2.0
2,2020-09-28,10,71,62,4.58,1.72,0.4,4.21,1.2,1.6,2.6,1.0
2,2020-09-28,6,53,30,1.68,5.2,0.4,3.88,1.4,1.2,2.8,0.6
2,2020-10-01,4,24,52,3.55,2.11,1.2,3.5,1.4,0.8,1.4,0.8
2,2020-10-02,10,107,78,6.57,1.49,3.0,4.27,1.8,2.2,0.6,2.0
0,2020-10-02,10,82,17,2.68,2.61,1.4,3.53,2.6,1.2,1.0,1.8
1,2020-10-03,9,60,94,3.39,2.15,2.2,3.47,1.4,2.4,1.6,0.8
2,2020-10-03,9,57,128,4.41,1.72,2.0,4.29,0.4,2.0,1.5,1.4
0,2020-10-03,1,104,13,2.33,2.95,1.0,3.65,1.0,1.2,1.6,1.2
0,2020-10-03,10,10,37,2.45,2.89,0.2,3.45,1.4,0.6,2.6,1.2
2,2020-10-03,10,38,28,3.66,2.11,1.8,3.53,1.0,2.4,1.4,1.0
1,2020-10-03,6,97,127,2.09,3.5,2.4,3.5,1.6,1.6,0.8,2.0
1,2020-10-03,6,112,81,5.48,1.79,0.2,3.28,0.2,0.2,2.6,0.4
1,2020-10-03,6,101,9,2.48,3.09,0.8,3.04,0.8,0.8,1.2,1.6
0,2020-10-03,6,115,19,1.63,5.46,1.0,4.08,2.0,0.8,1.0,1.6
2,2020-10-03,10,91,32,6.18,1.61,1.2,3.87,0.2,1.0,1.0,0.8
2,2020-10-03,1,5,83,2.28,3.08,0.4,3.72,1.0,0.6,2.8,1.6666666666666667
0,2020-10-03,4,79,89,2.28,3.1,0.8,3.55,1.4,1.4,2.2,1.2
2,2020-10-03,4,23,64,8.09,1.38,2.6,5.14,0.8,2.0,0.6,1.2
0,2020-10-03,4,12,70,3.41,2.33,1.6,3.13,0.2,0.8,0.6,0.6
0,2020-10-03,1,122,99,4.49,1.75,1.4,4.14,2.0,2.0,2.0,2.2
1,2020-10-04,10,2,3,3.15,2.34,1.4,3.69,2.0,0.8,1.0,2.2
1,2020-10-04,10,62,96,2.19,3.29,1.0,3.56,1.6,1.0,1.6,1.6
0,2020-10-04,10,72,117,3.9,1.98,1.0,3.52,1.3333333333333333,1.6,2.0,2.6666666666666665
2,2020-10-04,9,16,61,4.31,1.78,0.8,3.93,1.0,1.2,1.4,1.0
2,2020-10-04,9,98,92,3.48,2.0,2.4,3.91,1.2,2.4,0.8,1.6
2,2020-10-04,9,125,116,19.43,1.14,2.6,9.04,1.0,1.4,0.4,1.75
1,2020-10-04,4,52,75,1.86,4.34,1.4,3.6,1.6,0.8,0.8,1.0
1,2020-10-04,10,50,66,1.57,5.95,0.2,4.17,1.4,0.6,2.0,0.8
2,2020-10-04,6,59,53,6.66,1.56,1.6,4.0,1.0,0.8,0.6,1.2
1,2020-10-04,6,85,6,4.4,1.9,2.0,3.46,1.2,1.8,1.0,1.0
2,2020-10-04,1,88,48,30.51,1.05,3.0,15.01,1.2,3.6,1.0,1.0
2,2020-10-04,1,100,8,3.91,1.91,0.6,4.01,0.2,1.0,2.2,0.4
2,2020-10-04,1,86,56,3.0,2.16,2.0,4.05,1.4,2.2,1.4,1.2
2,2020-10-04,6,95,39,3.09,2.5,1.6,2.97,2.2,1.0,0.8,1.6
2,2020-10-04,6,30,54,2.54,2.99,1.4,3.09,1.8,0.6,0.6,2.6
1,2020-10-04,10,120,18,2.06,3.55,1.0,3.53,2.2,1.4,2.0,1.0
1,2020-10-04,10,43,35,2.84,2.64,1.2,3.19,1.6,1.6,1.6,1.6
0,2020-10-04,10,33,21,5.77,1.66,1.6,3.65,1.0,1.8,1.0,0.4
2,2020-10-04,10,34,71,3.7,1.91,1.4,4.08,1.0,1.6,1.6,1.8
2,2020-10-04,4,103,11,7.59,1.44,2.0,4.54,0.6,1.8,0.8,0.8
1,2020-10-04,4,22,110,3.4,2.11,2.2,3.57,2.0,1.6,0.8,2.0
2,2020-10-04,4,105,26,1.9,3.76,0.4,3.98,2.0,0.6,1.6,1.2
0,2020-10-05,4,80,69,2.72,2.51,1.0,3.6,1.0,2.0,2.2,1.0
1,2020-10-05,4,24,47,2.78,2.67,1.2,3.29,2.0,1.0,1.6,1.6
1,2020-10-05,10,111,4,2.92,2.5,1.2,3.26,1.2,1.0,1.0,1.0
2,2020-10-12,4,89,24,5.15,1.68,1.4,3.95,1.4,1.2,1.2,1.0
2,2020-10-16,4,11,80,2.14,3.48,0.6,3.48,0.4,0.6,2.2,1.4
2,2020-10-16,10,32,10,2.81,2.49,0.2,3.39,0.2,0.4,1.8,1.0
2,2020-10-17,6,59,112,6.31,1.63,2.2,3.65,0.4,0.8,0.2,0.2
2,2020-10-17,6,54,85,4.03,1.91,1.6,3.66,1.6,2.4,1.2,1.4
2,2020-10-17,6,127,95,7.42,1.42,1.8,4.65,1.6,2.2,0.6,1.6
2,2020-10-17,10,21,43,2.84,2.86,1.6,3.16,1.4,0.8,0.6,1.6
0,2020-10-17,10,78,91,2.11,3.71,1.2,3.28,1.8,1.8,2.6,1.2
2,2020-10-17,10,18,33,26.98,1.15,1.8,7.24,1.0,0.8,0.2,1.2
1,2020-10-17,9,92,125,2.37,2.92,0.6,3.7,2.6,0.8,1.6,1.4
1,2020-10-17,9,116,60,2.13,3.34,0.8,3.63,2.2,1.4,1.6,2.0
0,2020-10-17,6,53,97,1.52,5.27,0.8,4.39,2.0,1.2,2.6,1.6
2,2020-10-17,10,66,72,5.55,1.62,1.4,4.31,0.8,1.0,1.2,1.4
2,2020-10-17,4,64,52,4.11,1.91,0.8,3.62,1.4,1.2,1.6,0.8
2,2020-10-17,4,69,79,6.18,1.53,1.6,4.52,0.8,1.2,1.2,1.2
2,2020-10-17,4,70,24,3.57,2.16,0.8,3.26,0.8,0.8,1.2,0.6
0,2020-10-18,6,81,101,2.62,3.05,0.4,2.99,1.0,0.4,2.0,1.0
2,2020-10-18,6,19,30,3.32,2.17,2.4,3.31,1.4,1.8,0.4,0.8
2,2020-10-18,6,39,6,3.36,2.38,1.6,3.05,0.8,1.8,1.4,0.6
2,2020-10-18,10,117,62,5.56,1.59,1.75,4.33,0.6,2.25,1.75,1.0
2,2020-10-18,10,3,50,5.67,1.56,2.2,4.38,0.4,2.4,1.4,0.8
2,2020-10-18,4,110,105,3.79,1.92,1.6,3.74,1.0,1.6,1.2,0.8
1,2020-10-18,9,61,98,2.35,2.85,1.0,3.76,2.4,1.4,1.6,2.0
2,2020-10-18,6,9,115,3.99,2.09,0.8,3.16,1.0,1.6,2.2,0.8
2,2020-10-18,4,47,12,3.95,2.07,1.6,3.16,1.0,1.0,0.8,0.6
0,2020-10-18,10,28,107,3.13,2.33,0.8,3.43,3.0,1.2,1.4,2.2
1,2020-10-18,10,35,111,5.24,1.8,1.6,3.65,1.2,1.6,1.2,0.8
0,2020-10-18,10,34,2,4.25,1.81,1.4,3.89,1.6,2.0,2.0,1.0
1,2020-10-18,9,94,57,2.46,2.79,1.0,3.51,2.3333333333333335,0.8,1.0,2.6666666666666665
2,2020-10-18,10,96,17,2.35,2.98,1.6,3.55,3.0,1.8,1.6,2.0
0,2020-10-18,4,26,103,3.37,2.13,2.0,3.65,2.6,1.2,1.0,2.2
0,2020-10-19,10,37,120,2.13,3.45,1.4,3.56,1.0,1.4,1.4,1.4
0,2020-10-19,10,4,38,1.64,5.26,1.4,4.03,1.8,0.8,0.4,2.4
2,2020-10-19,10,71,82,2.8,2.38,0.8,3.71,0.8,2.0,2.0,1.0
1,2020-10-19,4,89,75,3.22,2.33,1.8,3.35,1.2,1.4,1.0,0.6
2,2020-10-20,4,23,22,4.38,1.76,2.6,4.11,1.8,2.0,0.8,1.4
0,2020-10-23,10,43,33,2.4,3.27,0.8,2.99,0.4,1.2,1.6,0.6
0,2020-10-23,10,107,4,7.4,1.54,3.0,3.83,1.2,2.0,0.6,0.4
0,2020-10-23,10,62,72,1.85,4.1,0.4,3.86,0.8,1.0,2.0,1.4
2,2020-10-24,1,8,5,4.16,1.81,0.2,4.02,1.0,0.4,2.4,1.2
0,2020-10-24,6,59,81,8.75,1.46,2.6,4.26,0.2,1.0,0.2,0.2
0,2020-10-24,6,54,97,2.57,2.66,2.0,3.7,2.0,2.8,1.2,1.8
0,2020-10-24,6,127,85,6.66,1.49,2.2,4.26,1.4,2.8,0.8,1.2
2,2020-10-24,6,30,95,4.09,2.03,1.2,3.25,1.4,0.8,1.0,1.8
0,2020-10-24,1,83,100,2.09,3.36,0.75,3.87,1.2,1.5,2.5,1.4
0,2020-10-24,1,13,88,1.36,7.31,1.6,5.86,3.0,1.2,0.8,4.0
0,2020-10-24,10,17,66,2.28,3.16,2.4,3.54,2.0,1.8,1.4,1.4
2,2020-10-24,10,10,78,3.21,2.15,0.2,3.7,1.2,1.0,2.4,2.0
2,2020-10-24,10,91,28,2.91,2.54,2.2,3.26,0.8,2.0,1.0,1.2
0,2020-10-24,4,79,23,1.76,4.32,0.8,4.04,3.0,1.0,1.8,2.4
0,2020-10-24,4,80,70,3.41,2.25,0.2,3.34,1.4,1.4,2.6,1.0
0,2020-10-24,9,116,128,2.2,3.07,0.4,3.87,0.4,1.2,1.8,1.4
2,2020-10-24,9,60,98,3.01,2.3,1.8,3.67,2.0,1.6,1.2,1.2
2,2020-10-24,10,111,21,3.27,2.49,1.2,2.91,1.6,1.0,1.0,0.8
0,2020-10-25,10,37,18,1.76,4.99,1.2,3.58,2.2,1.4,1.8,1.2
0,2020-10-25,1,122,86,2.11,3.14,1.2,3.87,2.0,1.8,2.2,2.2
1,2020-10-25,6,115,101,4.09,2.12,0.8,3.1,1.4,0.8,1.4,1.0
0,2020-10-25,6,39,53,4.71,1.79,2.0,3.6,0.6,2.2,1.2,1.4
2,2020-10-25,6,6,112,5.75,1.72,0.8,3.52,0.2,0.6,1.2,0.0
1,2020-10-25,10,50,71,2.01,3.45,0.2,3.96,1.4,0.6,2.2,2.0
0,2020-10-25,10,82,96,3.45,2.08,0.8,3.72,2.0,1.0,1.0,2.0
0,2020-10-25,10,3,34,2.9,2.43,2.2,3.47,0.8,2.6,1.2,1.8
2,2020-10-25,1,56,99,5.41,1.52,1.4,4.69,2.0,1.0,1.6,2.4
2,2020-10-25,4,105,24,4.51,1.82,1.0,3.84,0.8,0.8,0.8,0.6
0,2020-10-25,4,64,69,2.52,2.71,0.8,3.7,2.0,1.6,2.0,1.6
2,2020-10-25,4,22,12,3.57,2.0,1.2,3.64,0.8,1.2,1.2,0.8
2,2020-10-25,9,125,61,9.09,1.36,2.2,5.19,0.6,1.2,0.4,1.4
1,2020-10-25,1,104,48,3.15,2.11,1.0,4.0,0.6,1.0,1.2,0.6
0,2020-10-25,4,47,26,2.32,3.27,2.0,3.24,1.4,1.4,1.0,1.0
1,2020-10-25,4,103,52,8.79,1.39,3.0,5.11,0.8,2.4,0.0,1.0
1,2020-10-25,10,120,32,7.62,1.47,1.6,4.26,0.8,1.8,1.4,0.6
2,2020-10-26,4,89,11,6.65,1.51,2.0,4.28,0.6,1.4,0.8,0.6
0,2020-10-26,10,2,117,4.0,1.94,1.6,3.56,2.0,1.0,1.0,2.4
2,2020-10-26,6,19,9,7.51,1.43,2.4,4.75,1.4,1.8,0.6,1.6
2,2020-10-26,10,38,35,7.61,1.45,1.8,4.24,1.6,2.2,1.8,1.4
1,2020-10-27,4,75,110,4.45,1.84,1.4,3.58,1.6,0.8,0.6,1.4
2,2020-10-30,10,32,37,2.41,3.08,0.8,3.21,0.6,0.8,1.6,1.0
0,2020-10-30,4,11,64,3.18,2.37,0.6,3.41,0.6,0.8,2.0,1.6
0,2020-10-30,10,117,82,2.78,2.52,2.6,3.49,0.2,2.6,1.2,0.6
2,2020-10-31,10,71,66,2.22,2.98,1.6,3.86,2.6,1.8,1.2,2.0
2,2020-10-31,1,99,83,3.69,1.88,1.4,4.17,0.6,2.0,1.6,1.2
2,2020-10-31,1,88,104,22.06,1.1,3.0,10.99,1.0,3.8,0.8,1.2
2,2020-10-31,1,48,13,2.0,3.3,0.6,4.1,1.4,0.8,2.4,1.2
2,2020-10-31,10,4,91,2.05,3.88,1.6,3.23,2.6,0.6,0.4,2.0
2,2020-10-31,4,52,80,2.8,2.54,0.4,3.39,0.2,1.0,1.6,1.0
2,2020-10-31,6,6,54,2.86,2.43,1.4,3.53,1.4,1.2,1.2,2.4
0,2020-10-31,6,97,39,4.7,1.8,2.6,3.45,1.8,2.2,0.8,2.2
2,2020-10-31,6,95,59,3.21,2.43,0.8,3.09,2.4,1.8,2.4,1.2
0,2020-10-31,10,35,107,2.09,3.59,1.6,3.42,2.4,1.4,1.8,1.2
0,2020-10-31,10,33,111,5.23,1.75,0.8,3.4,1.6,0.8,1.4,1.0
2,2020-10-31,4,70,105,3.11,2.29,2.0,3.53,1.4,1.0,0.4,1.0
0,2020-10-31,4,24,75,2.7,2.67,0.8,3.32,1.4,0.4,1.4,0.8
0,2020-10-31,4,12,79,3.27,2.22,0.6,3.49,0.8,0.6,1.2,1.2
2,2020-10-31,6,85,9,6.16,1.63,1.4,3.72,1.4,1.4,1.6,1.6
0,2020-11-01,10,78,120,2.39,2.89,1.2,3.33,1.8,1.8,2.6,2.0
0,2020-11-01,10,18,43,12.96,1.26,2.2,5.4,0.2,1.2,0.4,0.6
2,2020-11-01,10,2,17,3.11,2.24,1.4,3.62,1.8,1.2,1.6,1.6
2,2020-11-01,10,34,62,11.57,1.26,1.4,6.37,0.2,1.6,1.6,1.0
2,2020-11-01,10,72,50,5.75,1.61,0.8,4.04,0.4,1.4,1.8,0.8
2,2020-11-01,4,22,103,2.64,2.65,1.6,3.53,2.6,1.2,1.0,2.2
0,2020-11-01,1,5,122,2.11,3.34,0.8,3.81,0.6,1.6,3.2,1.8
0,2020-11-01,1,100,56,2.13,3.29,1.8,3.83,2.0,1.6,0.4,1.8
2,2020-11-01,1,86,8,7.22,1.41,2.6,5.17,0.8,2.8,1.2,1.2
1,2020-11-01,4,110,47,3.24,2.29,1.2,3.42,1.4,1.0,1.2,1.0
0,2020-11-01,9,98,16,2.43,2.62,2.0,4.08,1.2,1.0,0.6,1.0
0,2020-11-01,6,81,19,1.38,8.38,0.8,5.14,2.4,0.6,1.8,2.2
0,2020-11-01,6,53,127,1.6,5.23,1.2,4.19,1.6,1.6,2.4,2.4
0,2020-11-01,6,112,115,3.78,2.27,0.2,2.92,0.4,0.2,2.2,0.2
2,2020-11-01,4,69,26,2.71,2.52,2.4,3.54,1.4,1.8,1.2,1.0
0,2020-11-01,6,101,30,1.77,5.1,1.0,3.43,1.8,0.6,0.8,1.4
1,2020-11-02,10,96,3,2.05,3.42,2.0,3.73,1.6,2.0,1.6,1.8
0,2020-11-02,10,21,38,1.52,6.09,1.4,4.15,2.4,0.8,0.8,3.0
2,2020-11-03,4,23,89,3.82,1.9,3.0,3.9,2.6,2.2,0.8,1.8
2,2020-11-04,9,128,16,1.92,3.49,1.0,4.17,1.6,2.0,2.4,1.6
0,2020-11-06,10,82,2,2.62,2.54,0.6,3.69,1.4,1.0,1.2,1.4
0,2020-11-06,10,10,4,2.86,2.38,0.6,3.42,2.0,1.4,2.0,1.0
0,2020-11-06,10,107,21,5.56,1.77,2.4,3.25,1.4,1.0,0.4,0.6
1,2020-11-06,6,95,112,5.77,1.71,1.4,3.44,0.2,1.8,2.0,0.4
2,2020-11-07,4,79,11,4.73,1.68,0.8,4.08,0.6,1.2,2.0,0.6
1,2020-11-07,4,52,22,2.33,3.08,1.0,3.66,1.6,1.2,1.4,1.6
2,2020-11-07,4,47,69,2.53,2.84,1.6,3.38,2.4,1.4,1.4,1.6
0,2020-11-07,4,75,70,2.6,2.9,1.4,3.29,2.6,1.0,0.6,1.6
1,2020-11-07,6,115,97,1.87,4.56,0.8,3.49,2.0,0.4,1.2,1.8
1,2020-11-07,10,91,35,5.37,1.78,2.4,3.35,1.0,1.8,0.8,0.8
0,2020-11-07,6,101,6,1.81,4.64,1.0,3.69,2.0,0.8,1.0,1.6
2,2020-11-07,10,37,78,3.97,2.05,0.6,3.42,0.6,1.0,1.8,1.2
0,2020-11-07,9,57,60,3.1,2.4,2.0,3.21,1.8,2.0,0.75,1.6
2,2020-11-07,9,128,61,2.46,2.67,1.4,3.75,0.4,1.6,1.8,1.6
1,2020-11-07,1,8,13,2.12,3.26,0.6,3.78,1.4,1.2,3.0,1.4
2,2020-11-07,1,83,48,2.81,2.28,0.0,3.95,1.0,0.6,2.8,1.0
0,2020-11-07,1,99,104,2.96,2.18,1.8,4.02,1.0,2.8,1.6,0.8
2,2020-11-07,10,38,33,8.27,1.4,2.4,4.75,0.6,2.8,1.4,1.2
1,2020-11-07,6,9,81,4.37,1.86,0.8,3.42,0.8,1.2,2.4,0.6
2,2020-11-08,10,120,28,2.76,2.6,2.2,3.29,0.6,2.4,0.8,1.0
2,2020-11-08,1,56,5,14.65,1.18,2.0,8.12,0.8,2.0,1.0,1.6
0,2020-11-08,4,26,110,5.05,1.72,0.8,3.88,1.4,0.4,1.0,1.4
1,2020-11-08,1,86,88,1.5,5.49,2.6,5.07,3.0,2.6,1.2,4.2
1,2020-11-08,4,103,12,7.58,1.47,2.0,4.26,0.6,1.8,0.8,0.6
1,2020-11-08,4,105,23,1.96,3.46,1.4,4.0,3.0,1.2,0.8,2.2
0,2020-11-08,10,32,18,1.56,6.58,1.4,3.92,1.6,1.2,1.2,1.0
1,2020-11-08,9,125,98,6.98,1.39,2.2,5.53,1.4,1.0,0.4,1.0
2,2020-11-08,6,19,39,6.81,1.5,2.4,4.36,1.8,2.2,0.6,1.8
2,2020-11-08,6,53,85,2.05,3.52,1.2,3.54,2.0,1.2,1.4,2.0
2,2020-11-08,6,30,59,2.81,2.59,1.8,3.29,1.8,1.6,1.2,1.2
0,2020-11-08,10,50,96,2.41,2.92,0.4,3.59,2.2,0.8,1.8,2.0
2,2020-11-08,6,127,54,5.11,1.63,2.0,4.19,0.8,2.6,0.8,1.0
0,2020-11-08,10,62,3,1.92,3.97,0.2,3.71,1.6,1.4,3.2,1.8
1,2020-11-08,10,71,117,3.48,2.07,2.0,3.75,2.0,2.4,1.2,1.8
2,2020-11-08,10,17,72,3.4,2.11,1.2,3.63,1.2,1.4,1.8,1.4
2,2020-11-08,10,66,34,4.32,1.82,2.0,4.01,2.0,2.0,1.8,2.2
0,2020-11-09,10,111,43,3.39,2.28,2.2,3.24,0.8,1.2,0.6,0.8
2,2020-11-09,4,89,64,5.89,1.56,2.0,4.27,1.2,1.6,0.8,2.2
1,2020-11-09,4,80,24,3.64,1.99,0.2,3.65,0.2,1.0,1.8,0.0
1,2020-11-14,10,28,10,4.88,1.73,0.0,3.7,0.6,0.6,1.8,1.4
1,2020-11-20,10,62,50,2.89,2.45,0.2,3.46,0.4,1.4,2.8,0.6
1,2020-11-20,10,78,32,3.52,2.29,0.0,3.1,1.4,0.2,3.2,1.0
2,2020-11-20,10,28,37,3.51,2.18,0.2,3.4,1.2,0.8,1.8,1.6
1,2020-11-21,10,33,107,1.69,5.04,0.6,3.62,1.8,1.2,2.4,0.6
2,2020-11-21,9,125,16,6.99,1.4,1.8,5.37,1.4,0.6,0.2,1.6
0,2020-11-21,1,8,122,2.07,3.18,0.8,4.05,1.2,1.0,2.2,2.2
1,2020-11-21,1,48,56,1.3,8.42,1.0,6.14,2.4,1.0,2.4,2.6
0,2020-11-21,1,88,100,11.19,1.25,2.6,6.28,1.6,3.6,0.6,1.6
2,2020-11-21,10,4,120,1.85,4.17,2.0,3.82,2.2,1.0,0.4,2.0
1,2020-11-21,9,61,116,5.19,1.63,0.4,4.1,0.4,1.4,2.2,0.8
2,2020-11-21,6,54,101,8.82,1.4,0.6,4.51,1.0,1.0,2.2,0.8
1,2020-11-21,6,6,127,1.98,4.02,2.0,3.41,2.0,1.4,1.0,2.0
2,2020-11-21,6,59,9,5.03,1.72,1.2,3.81,1.0,1.2,2.0,1.0
1,2020-11-21,6,97,30,3.45,2.21,1.6,3.32,2.4,1.8,1.4,2.6
1,2020-11-22,1,13,99,4.04,1.88,1.0,3.91,1.2,1.0,1.2,1.8
1,2020-11-22,10,2,71,4.83,1.64,2.0,4.4,1.6,1.6,1.4,1.8
1,2020-11-22,10,72,96,3.72,2.02,1.2,3.6,2.2,1.2,1.4,2.0
0,2020-11-22,10,3,66,2.14,3.25,1.6,3.73,2.0,1.4,0.8,2.6
1,2020-11-22,9,98,57,2.64,2.52,1.0,3.74,1.6,0.8,1.2,1.6
1,2020-11-22,9,94,128,3.01,2.28,1.2,3.61,2.0,0.8,0.8,1.8
1,2020-11-22,9,92,60,3.25,2.31,0.8,3.37,1.8,0.6,1.0,1.4
0,2020-11-22,10,117,17,2.55,2.78,2.0,3.48,1.2,1.6,1.4,1.6
2,2020-11-22,1,104,5,4.82,1.69,1.4,4.27,0.8,0.8,1.6,1.6
2,2020-11-22,1,83,86,1.35,7.84,0.6,6.14,2.6,0.8,2.4,2.6
0,2020-11-22,10,35,10,2.74,2.68,0.6,3.32,0.8,0.6,1.8,1.4
2,2020-11-22,4,47,70,3.3,2.33,1.6,3.21,3.0,1.6,1.4,1.6
0,2020-11-22,4,89,75,3.52,2.17,2.0,3.36,1.2,2.0,0.8,1.0
0,2020-11-22,6,85,39,2.99,2.49,1.4,3.2,1.2,1.4,1.6,1.2
1,2020-11-22,6,81,115,2.7,2.83,1.0,3.13,1.0,0.6,1.0,0.8
1,2020-11-22,6,19,95,5.54,1.61,3.0,4.22,1.4,2.6,0.4,1.8
0,2020-11-22,10,18,111,10.09,1.39,2.0,4.34,1.6,1.4,0.8,1.2
0,2020-11-23,10,43,38,1.52,6.62,1.4,4.2,3.0,1.4,1.2,3.2
0,2020-11-23,10,34,82,3.58,2.01,1.8,3.75,0.6,1.8,2.0,1.2
2,2020-11-23,4,103,105,5.89,1.55,1.6,4.35,1.4,1.6,1.0,1.6
0,2020-11-23,6,112,53,3.0,2.7,0.4,3.01,1.2,0.6,1.4,1.4
0,2020-11-23,10,21,91,2.14,4.02,1.8,3.09,2.0,0.8,0.6,1.6
1,2020-11-23,4,69,79,6.37,1.51,2.4,4.46,1.2,1.8,1.2,0.8
2,2020-11-25,9,94,92,2.17,3.31,0.8,3.55,1.0,0.8,1.0,0.6
2,2020-11-25,9,16,57,3.22,2.18,1.2,3.81,1.2,1.4,1.4,1.6
2,2020-11-26,4,79,23,1.74,4.55,1.4,3.96,2.6,1.2,1.4,2.2
2,2020-11-26,4,47,22,3.12,2.44,2.0,3.21,1.6,1.8,1.4,1.8
2,2020-11-27,10,82,72,3.37,2.2,1.2,3.51,1.4,1.4,1.2,1.4
0,2020-11-27,4,103,26,3.1,2.4,1.6,3.41,0.6,1.4,1.2,0.6
0,2020-11-27,4,75,110,4.42,1.89,1.6,3.54,1.8,1.4,0.6,1.6
1,2020-11-28,10,66,2,4.25,1.82,2.4,3.99,2.0,2.6,1.6,1.6
2,2020-11-28,6,39,30,2.28,3.49,1.8,3.15,2.0,1.2,0.8,2.4
1,2020-11-28,6,6,59,4.41,1.9,2.0,3.52,1.2,1.6,1.2,1.0
2,2020-11-28,6,53,54,1.57,5.56,1.8,4.28,1.2,1.6,1.2,1.2
2,2020-11-28,9,116,94,2.13,3.31,0.4,3.65,1.4,0.6,1.6,1.2
0,2020-11-28,9,92,61,3.22,2.25,1.0,3.52,0.4,0.4,0.8,1.2
0,2020-11-28,1,5,48,2.42,2.76,0.6,3.78,1.0,1.2,3.0,1.0
0,2020-11-28,1,99,88,1.19,12.23,1.4,8.25,2.0,1.8,1.6,3.2
2,2020-11-28,1,100,104,4.45,1.79,2.0,3.99,1.4,2.0,0.8,1.0
1,2020-11-28,6,9,127,1.46,6.54,0.8,4.58,2.0,0.8,2.0,2.2
1,2020-11-29,1,122,83,4.81,1.63,1.2,4.48,1.2,2.2,2.4,1.4
2,2020-11-29,6,115,95,2.44,3.22,1.2,3.08,1.0,0.8,0.8,1.2
2,2020-11-29,6,112,101,4.72,1.95,0.2,3.2,0.8,0.8,1.8,0.6
2,2020-11-29,6,85,19,2.0,3.76,1.2,3.59,2.6,1.2,1.8,2.4
2,2020-11-29,6,97,81,8.82,1.36,1.6,4.89,1.0,1.8,1.4,0.6
0,2020-11-29,9,57,125,1.79,4.29,1.0,4.03,2.2,1.4,1.0,1.0
2,2020-11-29,9,60,16,2.61,2.71,1.8,3.48,1.8,1.2,0.8,1.8
2,2020-11-29,1,56,8,12.04,1.24,2.0,6.94,0.8,2.2,0.8,1.0
2,2020-11-29,10,71,3,2.12,3.23,1.8,3.82,1.4,1.6,0.8,1.4
0,2020-11-29,10,96,34,2.37,2.95,2.2,3.56,1.2,1.8,0.6,1.4
1,2020-11-29,1,86,13,4.54,1.64,2.0,4.77,1.0,2.8,1.8,0.8
2,2020-11-29,4,23,79,10.03,1.32,2.0,5.42,2.0,2.0,1.6,1.4
0,2020-11-29,4,22,47,4.38,1.9,1.4,3.55,2.0,1.4,1.2,1.4
1,2020-11-29,4,110,75,2.03,3.63,2.2,3.74,1.4,1.4,0.8,1.2
2,2020-11-29,10,50,117,2.19,3.21,0.4,3.58,1.4,0.4,1.8,1.4
2,2020-11-30,10,17,62,5.98,1.54,1.2,4.35,0.2,1.6,1.6,1.2
0,2020-11-30,4,26,103,2.79,2.32,1.2,3.75,1.0,1.2,1.2,1.2
2,2020-12-02,9,61,94,4.64,1.77,1.0,3.71,1.2,1.4,1.6,1.4
2,2020-12-02,9,92,128,3.17,2.15,0.4,3.87,2.0,0.4,1.4,1.8
2,2020-12-02,9,57,116,5.05,1.63,0.4,4.24,1.0,0.6,1.6,1.4
1,2020-12-03,4,47,23,2.44,3.07,2.6,3.42,2.0,1.8,0.8,1.8
2,2020-12-04,10,72,2,2.17,3.33,1.4,3.52,1.6,1.4,1.2,1.2
1,2020-12-04,10,37,4,1.6,6.14,0.6,3.7,2.4,1.0,1.6,1.2
0,2020-12-04,10,32,28,2.18,3.33,1.6,3.23,0.8,1.2,1.2,1.0
2,2020-12-04,4,26,110,5.3,1.67,1.2,3.95,1.8,1.2,1.0,1.2
2,2020-12-05,9,16,92,4.04,1.79,1.2,4.33,1.0,1.2,1.2,0.8
2,2020-12-05,6,59,85,3.81,2.08,0.8,3.24,1.8,0.8,1.8,1.2
2,2020-12-05,6,97,101,21.99,1.05,1.6,10.04,0.2,1.6,1.0,0.2
2,2020-12-05,6,54,81,10.12,1.29,0.6,5.31,1.0,0.6,1.8,0.6
0,2020-12-05,1,13,100,2.11,3.34,0.6,3.6,2.4,0.6,1.2,2.0
1,2020-12-05,10,91,33,3.96,2.03,2.0,3.35,0.8,1.8,1.0,1.2
2,2020-12-05,10,38,111,9.53,1.32,3.0,5.03,2.0,3.2,0.6,1.4
0,2020-12-05,1,8,99,2.56,2.65,0.8,3.77,0.8,1.0,2.0,1.4
2,2020-12-05,1,5,88,1.12,17.83,0.0,10.68,2.0,1.0,3.4,3.4
2,2020-12-05,6,127,115,10.7,1.28,1.6,5.72,1.8,1.6,1.0,1.0
0,2020-12-05,10,117,66,1.72,4.78,0.8,4.01,2.0,1.0,2.0,2.0
0,2020-12-06,6,39,112,4.2,2.08,1.8,3.02,0.8,1.4,1.0,1.6
0,2020-12-06,9,61,125,1.78,4.44,1.4,3.92,2.2,1.4,1.2,1.4
2,2020-12-06,6,30,9,6.01,1.6,2.0,3.72,0.4,2.4,1.6,0.6
1,2020-12-06,6,19,53,7.33,1.43,2.0,4.64,2.4,1.8,0.6,1.4
0,2020-12-06,10,62,82,1.88,3.8,0.2,4.1,1.8,1.0,2.8,1.8
2,2020-12-06,10,96,71,3.32,2.17,1.6,3.67,1.8,1.6,1.2,2.0
2,2020-12-06,4,23,47,5.21,1.71,1.6,3.97,2.6,1.6,1.2,1.6
2,2020-12-06,1,56,83,13.04,1.18,2.6,7.74,1.4,2.8,0.2,1.4
2,2020-12-06,9,128,57,2.75,2.48,2.0,3.66,0.8,2.0,1.0,1.2
2,2020-12-06,10,34,50,6.41,1.54,1.8,4.31,1.0,1.8,1.8,1.0
0,2020-12-06,10,78,18,1.45,8.16,0.2,4.1,1.8,0.4,3.2,1.2
0,2020-12-06,1,48,86,1.51,5.68,1.6,5.27,1.6,1.4,1.4,2.4
2,2020-12-06,1,104,122,2.51,2.66,1.4,3.77,1.4,1.0,1.4,2.2
1,2020-12-07,10,10,21,3.51,2.31,1.4,2.97,1.2,1.2,0.8,0.6
2,2020-12-07,10,3,17,3.18,2.19,0.8,3.8,1.8,1.0,1.6,2.4
2,2020-12-07,6,95,6,2.91,2.7,1.0,3.05,2.2,1.0,1.4,1.6
2,2020-12-07,4,110,26,2.23,2.96,1.6,3.72,1.2,1.0,1.4,1.6
2,2020-12-07,10,107,43,6.99,1.47,1.4,4.42,1.2,0.4,0.4,1.6
0,2020-12-09,9,116,92,2.08,3.35,1.0,3.71,0.8,1.4,2.0,0.8
0,2020-12-09,9,128,98,3.4,2.06,2.0,3.84,0.6,2.0,0.8,1.0
2,2020-12-09,9,16,94,7.75,1.39,1.2,5.02,1.0,0.8,1.0,1.0
1,2020-12-11,4,110,23,2.13,3.72,2.0,3.33,1.6,1.4,1.0,1.4
2,2020-12-11,10,28,78,5.01,1.74,1.4,3.76,0.2,1.2,1.0,0.2
2,2020-12-11,6,53,9,3.1,2.42,2.0,3.27,0.4,1.4,1.0,0.4
1,2020-12-11,10,33,10,3.31,2.35,1.0,3.14,1.6,1.4,2.0,1.2
2,2020-12-11,10,82,117,3.91,1.96,2.4,3.63,0.2,2.2,0.8,0.4
0,2020-12-12,10,43,91,2.17,3.59,1.2,3.29,1.6,1.8,2.0,1.4
1,2020-12-12,1,99,48,3.12,2.06,1.4,4.07,1.4,2.2,2.0,1.4
2,2020-12-12,6,81,112,2.47,3.24,0.4,3.02,1.4,0.2,1.8,1.6
2,2020-12-12,6,127,30,5.61,1.63,2.2,3.9,2.0,2.4,0.8,2.0
2,2020-12-12,1,100,5,7.94,1.41,2.4,4.57,0.6,2.0,0.6,0.8
1,2020-12-12,10,21,120,1.85,4.51,0.8,3.43,2.0,0.4,1.0,1.8
0,2020-12-12,1,83,8,3.06,2.18,1.4,3.92,0.2,1.4,2.2,0.2
2,2020-12-12,6,95,97,2.57,2.92,1.6,3.17,1.6,1.2,0.8,2.0
0,2020-12-12,9,94,61,2.07,3.42,0.8,3.63,1.4,1.4,2.4,1.6
0,2020-12-12,9,116,16,1.65,4.72,0.8,4.39,1.8,1.2,2.2,1.6
0,2020-12-13,1,86,104,4.69,1.63,1.6,4.55,1.8,2.2,1.6,1.6
2,2020-12-13,10,35,37,2.11,3.65,0.4,3.53,0.8,0.4,1.8,1.6
2,2020-12-13,10,4,32,4.07,2.02,2.6,3.36,1.0,1.8,0.6,1.0
2,2020-12-13,10,2,62,6.75,1.48,1.6,4.61,0.2,1.2,1.0,1.0
0,2020-12-13,9,57,98,2.59,2.46,0.8,3.82,1.0,1.2,2.2,1.0
0,2020-12-13,10,50,3,1.65,5.05,0.8,4.21,1.4,0.8,1.6,1.6
0,2020-12-13,6,101,85,1.16,17.36,0.0,8.01,1.2,0.4,2.6,1.0
2,2020-12-13,1,88,56,4.84,1.62,1.4,4.53,2.6,3.0,1.4,2.6
2,2020-12-13,1,122,13,3.81,1.94,1.4,3.79,0.6,2.0,2.0,0.6
2,2020-12-13,6,54,59,4.96,1.7,1.2,3.94,1.4,1.4,1.2,1.2
0,2020-12-13,6,6,39,4.0,2.03,1.6,3.25,1.8,1.0,0.8,1.4
1,2020-12-13,6,19,115,10.17,1.34,1.6,5.24,1.6,1.2,0.8,1.2
0,2020-12-13,9,60,128,2.84,2.56,2.2,3.29,1.4,1.0,0.4,2.0
0,2020-12-13,10,71,34,1.93,3.64,1.6,3.85,1.8,2.0,1.2,2.0
0,2020-12-13,9,125,92,8.54,1.35,2.6,5.54,1.2,2.0,0.8,1.0
2,2020-12-13,10,17,96,4.46,1.77,1.8,4.0,1.6,2.2,1.4,1.6
2,2020-12-13,10,18,38,3.19,2.45,1.8,3.01,3.0,1.2,0.6,3.4
0,2020-12-14,10,111,107,1.69,5.48,1.8,3.62,1.4,1.2,1.6,0.8
1,2020-12-14,10,72,66,1.81,4.39,1.4,3.75,2.0,1.2,1.4,1.8
0,2020-12-15,10,120,33,3.89,1.93,1.6,3.56,0.6,1.6,1.0,1.2
2,2020-12-15,10,10,43,3.42,2.27,1.2,3.27,1.2,0.6,0.8,1.6
2,2020-12-15,4,23,110,5.78,1.59,1.6,4.15,1.6,1.2,0.8,1.2
1,2020-12-16,10,78,4,2.61,2.86,0.2,3.18,2.6,0.4,2.8,1.8
1,2020-12-16,10,32,35,2.9,2.57,0.8,3.03,0.8,0.6,1.2,0.8
2,2020-12-16,6,127,97,4.7,1.73,2.2,3.9,1.6,2.6,1.0,2.0
0,2020-12-16,10,37,21,2.67,2.74,0.8,3.19,1.0,2.0,2.2,0.6
1,2020-12-16,9,98,60,3.63,2.02,1.6,3.68,2.0,1.2,1.2,0.8
2,2020-12-16,6,81,9,2.73,2.97,1.0,2.93,0.4,0.4,1.6,0.2
2,2020-12-16,6,95,30,2.89,2.64,1.6,3.14,1.4,1.0,0.6,1.8
0,2020-12-16,9,16,125,1.74,4.31,2.4,4.23,2.0,1.8,0.8,1.8
1,2020-12-16,9,61,128,3.46,2.07,2.0,3.79,1.4,2.0,1.2,1.8
0,2020-12-17,9,116,57,1.95,3.67,0.8,3.82,0.6,1.0,1.8,0.8
2,2020-12-17,6,53,59,1.95,3.86,2.6,3.5,1.4,1.6,0.6,1.0
2,2020-12-17,6,54,112,8.54,1.43,1.8,4.57,1.4,2.4,0.8,1.4
1,2020-12-17,6,6,85,3.56,2.25,1.0,3.15,1.2,0.6,1.0,0.6
0,2020-12-17,6,39,19,2.18,3.41,1.8,3.33,1.2,1.4,0.8,1.4
0,2020-12-17,10,28,18,1.93,4.34,2.0,3.27,1.8,2.0,0.8,1.4
1,2020-12-17,9,92,94,3.87,1.9,1.8,3.91,0.6,1.4,1.2,1.2
2,2020-12-17,10,91,111,6.95,1.49,1.6,3.93,1.2,1.6,1.2,1.2
1,2020-12-18,6,101,115,2.47,3.42,0.0,2.97,1.2,0.2,2.4,1.2
0,2020-12-18,10,107,38,2.35,3.12,2.0,3.18,2.4,1.2,0.6,2.4
0,2020-12-19,1,5,86,1.44,6.23,0.6,5.32,1.0,0.6,2.6,1.6
2,2020-12-19,1,100,99,5.52,1.52,2.4,4.87,1.0,2.2,0.6,1.8
1,2020-12-19,10,21,32,4.28,2.03,1.6,3.11,0.4,1.0,0.6,0.6
2,2020-12-19,1,48,8,3.18,2.1,1.0,4.0,0.8,1.4,2.0,0.8
1,2020-12-19,9,125,60,7.66,1.44,2.4,4.53,1.6,2.2,1.0,0.6
1,2020-12-19,9,16,98,3.23,2.07,1.8,4.11,1.8,1.4,1.0,1.0
2,2020-12-19,10,43,120,1.74,4.53,0.6,3.88,1.4,1.2,2.6,1.4
2,2020-12-20,9,57,61,2.41,2.96,1.2,3.54,2.0,1.0,1.6,1.8
1,2020-12-20,10,33,37,5.09,1.67,1.2,4.02,0.8,1.2,1.6,1.8
1,2020-12-20,10,4,28,2.28,3.27,2.2,3.28,2.0,1.4,0.6,1.8
1,2020-12-20,10,62,117,2.34,2.95,0.2,3.68,0.2,1.0,2.6,0.6
0,2020-12-20,9,128,92,3.41,2.03,1.4,3.88,2.0,1.4,0.8,1.4
0,2020-12-20,10,96,82,2.57,2.83,1.4,3.38,2.4,1.6,1.4,2.2
0,2020-12-20,10,35,78,3.16,2.35,1.0,3.16,0.4,1.2,1.4,0.4
0,2020-12-20,1,88,122,11.91,1.23,1.4,7.05,2.0,2.6,1.6,2.0
2,2020-12-20,10,3,2,3.8,1.97,1.8,3.63,1.6,1.8,1.6,1.4
1,2020-12-20,10,34,72,5.07,1.66,1.8,4.04,1.0,1.4,1.4,1.2
0,2020-12-20,10,50,17,1.89,4.14,0.8,3.67,2.4,1.0,1.8,2.4
2,2020-12-20,9,94,116,3.21,2.23,0.2,3.46,0.6,1.0,2.6,0.8
0,2020-12-20,1,104,83,4.82,1.63,2.4,4.51,1.4,2.2,0.4,1.6
1,2020-12-20,1,13,56,1.37,7.54,0.6,5.34,2.0,0.8,1.8,2.4
1,2020-12-21,10,38,91,5.21,1.69,2.4,3.67,2.2,2.4,1.0,2.2
0,2020-12-21,10,111,10,2.81,2.8,0.6,3.01,1.8,0.6,2.2,1.2
2,2020-12-21,10,66,71,10.52,1.27,2.2,6.09,1.0,1.8,0.4,1.2
0,2020-12-22,9,98,125,1.63,5.01,1.8,4.37,2.0,1.0,0.6,2.2
1,2020-12-22,10,18,107,5.57,1.76,2.4,3.32,1.4,1.6,0.2,1.0
0,2020-12-23,9,61,16,3.24,2.17,1.4,3.77,2.0,1.4,1.2,1.4
1,2020-12-23,9,92,116,5.08,1.68,2.0,3.92,0.0,1.2,0.6,0.2
1,2020-12-23,9,60,57,2.92,2.53,1.2,3.25,1.8,0.8,0.8,1.4
1,2020-12-23,9,128,94,3.84,1.96,1.4,3.59,0.8,1.2,0.6,1.2
0,2021-01-09,4,12,69,2.0,3.55,0.2,3.82,2.0,0.6,1.4,1.8
2,2021-01-09,4,64,70,3.8,2.04,1.2,3.48,2.4,2.0,2.0,1.4
1,2021-01-09,4,24,110,3.81,1.98,0.2,3.62,1.0,0.4,2.0,1.0
1,2021-01-09,4,79,47,2.66,2.87,2.0,3.12,2.0,1.2,1.0,1.0
2,2021-01-10,4,105,80,3.13,2.23,0.8,3.66,0.2,1.4,1.6,0.8
2,2021-01-10,4,22,11,5.15,1.65,1.4,3.95,0.6,1.2,1.0,0.6
2,2021-01-10,4,103,23,3.84,1.98,1.4,3.75,2.2,1.2,1.6,1.4
2,2021-01-10,10,120,35,5.97,1.57,0.8,3.97,1.0,0.8,1.2,1.2
2,2021-01-11,4,89,26,2.77,2.51,1.4,3.58,1.2,1.6,1.4,1.6
1,2021-01-12,10,107,91,3.25,2.42,1.6,3.09,2.2,1.0,0.8,2.2
1,2021-01-12,4,75,52,6.45,1.55,1.4,4.2,1.2,1.0,0.4,1.2
2,2021-01-12,10,43,37,3.11,2.27,0.6,3.46,0.4,0.8,2.4,1.2
1,2021-01-13,10,21,78,3.35,2.36,1.2,2.97,1.0,1.2,1.0,0.6
0,2021-01-13,10,35,28,2.68,2.7,0.8,3.2,2.0,1.2,1.6,1.8
0,2021-01-14,10,33,32,6.04,1.61,1.4,3.62,0.6,1.2,1.0,1.0
2,2021-01-14,10,18,4,8.46,1.45,2.0,4.19,1.8,1.2,0.2,1.2
1,2021-01-15,10,111,120,1.87,4.16,0.6,3.57,0.8,0.4,2.8,0.8
2,2021-01-15,10,38,10,7.65,1.42,2.0,4.5,2.2,1.8,1.0,2.2
0,2021-01-16,10,28,21,3.7,2.15,2.0,3.23,1.4,1.6,0.8,1.2
2,2021-01-16,4,70,11,3.96,1.92,1.8,3.69,0.6,1.4,1.2,0.8
1,2021-01-16,4,52,24,2.74,2.57,1.2,3.4,0.4,1.2,1.2,0.4
1,2021-01-16,4,47,105,4.41,1.85,1.6,3.74,1.4,1.0,0.8,2.0
1,2021-01-17,1,122,100,2.67,2.6,2.0,3.54,3.0,2.0,1.8,2.8
1,2021-01-17,10,32,43,3.15,2.5,1.0,2.94,1.2,1.0,1.2,0.8
2,2021-01-17,4,69,22,4.9,1.67,2.0,4.2,1.4,1.6,1.2,1.4
2,2021-01-17,4,110,64,3.4,2.11,1.0,3.69,1.8,1.0,1.4,2.4
0,2021-01-17,4,26,79,4.97,1.7,1.2,3.73,1.6,1.4,1.4,1.2
1,2021-01-17,10,4,35,3.38,2.19,1.2,3.26,0.8,1.2,1.4,1.2
0,2021-01-17,10,91,18,2.44,3.22,1.8,3.0,2.6,1.8,0.6,1.8
1,2021-01-17,9,94,60,2.12,3.69,1.0,3.32,1.2,1.2,1.6,0.6
1,2021-01-18,10,10,107,2.0,3.98,1.6,3.31,1.6,2.0,0.8,1.0
0,2021-01-18,10,78,33,2.38,3.0,1.0,3.34,1.2,0.6,1.4,1.2
2,2021-01-18,4,80,12,2.99,2.41,0.2,3.37,0.2,0.8,1.8,0.6
2,2021-01-18,4,89,103,2.88,2.47,1.8,3.43,2.0,1.6,1.2,1.4
1,2021-01-19,10,120,38,2.12,3.57,1.0,3.46,2.0,0.8,1.0,1.8
1,2021-01-19,4,23,75,3.61,2.06,1.6,3.52,1.0,1.0,0.8,0.8
0,2021-01-19,10,37,111,2.94,2.65,0.4,3.04,0.2,1.2,2.2,0.2
0,2021-01-20,9,60,125,1.67,5.12,0.8,4.04,2.0,0.6,0.8,2.0
2,2021-01-20,9,98,116,4.98,1.65,1.6,4.13,0.2,0.8,0.6,0.4
2,2021-01-22,4,11,47,2.13,3.63,0.0,3.34,1.2,0.4,2.2,1.0
2,2021-01-22,1,86,100,3.62,2.03,1.4,3.89,2.6,1.6,1.8,2.2
2,2021-01-22,10,38,37,15.68,1.18,1.6,7.0,0.2,1.6,1.0,0.6
2,2021-01-22,10,21,4,3.2,2.58,1.8,2.9,1.2,1.4,0.8,0.6
0,2021-01-23,9,16,128,3.61,1.93,2.0,3.97,1.0,1.6,1.0,0.4
1,2021-01-23,10,107,120,3.96,1.99,1.2,3.51,1.0,0.6,0.8,1.0
0,2021-01-23,10,111,32,4.15,2.06,0.8,2.99,1.2,0.4,2.2,1.2
0,2021-01-23,9,57,94,4.81,1.7,1.4,4.09,1.2,0.8,1.2,1.0
1,2021-01-23,1,122,48,5.7,1.57,1.6,4.33,1.6,1.6,1.8,1.6
2,2021-01-23,10,91,10,4.35,1.92,1.6,3.37,1.6,1.4,0.4,2.2
0,2021-01-23,4,79,24,3.36,2.26,1.6,3.29,0.6,1.2,1.2,0.4
1,2021-01-23,4,64,89,2.32,3.02,1.2,3.63,1.8,1.8,2.2,1.6
1,2021-01-23,1,99,5,3.74,1.9,1.0,3.89,0.6,1.8,2.8,0.6
0,2021-01-23,1,83,13,2.55,2.7,1.4,3.79,0.6,1.8,2.4,1.0
0,2021-01-24,9,98,60,3.09,2.3,1.6,3.42,0.8,0.8,0.4,0.6
1,2021-01-24,9,116,125,1.35,9.04,0.2,5.24,2.0,0.4,1.8,1.8
0,2021-01-24,1,56,104,7.88,1.35,1.6,5.61,1.8,1.8,1.0,2.2
0,2021-01-24,1,8,88,1.16,14.56,0.6,9.07,1.2,0.8,2.2,2.8
0,2021-01-24,4,12,103,2.21,3.33,0.2,3.44,1.8,0.2,1.2,1.2
2,2021-01-24,4,105,70,3.6,2.13,1.0,3.41,1.8,1.8,1.8,1.4
2,2021-01-24,10,43,78,3.92,2.08,1.4,3.05,1.0,0.8,1.4,0.6
2,2021-01-24,10,33,28,4.11,1.97,1.6,3.27,1.4,1.0,0.8,1.4
0,2021-01-25,10,35,18,1.59,6.67,0.4,3.71,2.6,0.6,1.4,1.6
2,2021-01-25,4,80,110,3.45,2.17,0.8,3.33,1.6,0.8,1.4,1.6
0,2021-01-26,4,75,26,4.45,1.9,1.2,3.54,0.6,0.8,0.4,0.8
1,2021-01-26,10,37,107,1.56,5.9,0.2,4.07,0.8,0.4,1.6,0.4
1,2021-01-26,10,32,38,1.44,7.68,1.8,4.25,2.2,1.6,1.2,2.0
0,2021-01-26,1,5,13,2.0,3.4,0.8,3.77,1.0,1.0,1.8,1.0
2,2021-01-26,1,100,48,4.85,1.64,2.0,4.1,1.6,2.2,0.8,1.4
1,2021-01-26,10,120,91,3.35,2.28,1.2,3.28,1.6,1.0,1.0,1.6
2,2021-01-27,10,28,43,3.76,2.11,0.8,3.18,2.0,0.6,1.6,1.2
0,2021-01-27,10,78,111,2.77,2.72,1.0,2.99,0.8,0.6,0.8,0.4
2,2021-01-27,10,4,33,2.3,3.26,0.6,3.16,2.0,0.6,1.2,1.6
0,2021-01-27,1,122,56,1.93,3.77,1.6,3.85,1.4,1.4,1.6,2.0
0,2021-01-27,9,128,116,4.02,1.97,1.6,3.55,0.4,1.0,0.4,0.4
2,2021-01-27,1,86,99,7.77,1.36,2.0,5.41,1.0,1.8,1.2,2.0
2,2021-01-27,1,88,83,21.94,1.11,1.8,10.04,0.8,3.0,1.4,1.0
2,2021-01-27,1,104,8,4.19,1.83,1.8,3.93,0.6,2.4,1.4,0.8
2,2021-01-27,4,22,52,4.25,2.0,0.8,3.23,1.4,0.8,1.2,0.8
0,2021-01-28,9,94,16,1.83,3.99,1.8,3.97,1.4,1.0,0.6,1.0
1,2021-01-28,10,35,21,3.07,2.67,0.2,2.85,2.2,0.4,1.6,1.6
1,2021-01-28,10,18,10,9.05,1.41,2.6,3.97,1.4,1.8,0.4,2.2
1,2021-01-29,4,103,70,6.75,1.59,1.8,3.77,1.2,1.2,1.0,0.8
1,2021-01-29,10,107,32,7.65,1.49,1.0,3.87,1.8,0.6,0.6,1.2
2,2021-01-30,10,38,78,15.69,1.21,1.8,6.43,0.8,1.6,0.8,0.8
2,2021-01-30,1,8,100,1.78,4.58,0.6,3.84,2.0,1.0,2.2,1.8
0,2021-01-30,1,48,88,1.18,13.49,1.0,8.08,1.8,1.0,1.4,2.0
1,2021-01-30,10,91,37,7.16,1.51,1.2,3.9,0.4,1.6,1.2,0.6
1,2021-01-30,10,43,4,3.26,2.35,2.0,3.24,1.0,1.4,0.8,1.0
2,2021-01-30,4,64,75,2.18,3.4,1.4,3.46,0.6,1.6,1.8,0.2
0,2021-01-30,9,98,128,3.25,2.07,1.0,3.87,1.0,0.6,0.6,0.8
1,2021-01-30,1,83,5,3.58,1.98,0.6,3.87,0.8,0.8,2.4,0.6
1,2021-01-31,9,16,60,3.28,2.24,1.4,3.42,1.2,1.2,1.8,0.8
1,2021-01-31,9,92,57,2.6,2.65,2.2,3.64,1.4,1.4,0.6,0.8
1,2021-01-31,4,110,12,2.86,2.71,1.0,3.12,0.2,0.8,1.0,0.2
2,2021-01-31,9,125,94,10.18,1.28,2.2,6.09,1.6,1.6,0.6,1.2
0,2021-01-31,4,47,52,4.09,1.96,0.6,3.45,1.2,0.8,1.4,0.6
1,2021-01-31,1,13,104,2.75,2.56,1.4,3.65,2.4,1.6,1.6,3.0
0,2021-01-31,1,99,122,1.78,4.02,1.0,4.22,1.6,1.8,1.8,1.2
0,2021-01-31,1,56,86,4.1,1.82,1.4,4.12,2.4,2.0,1.6,2.0
2,2021-01-31,10,33,35,5.95,1.71,1.4,3.46,0.4,1.4,0.8,0.6
1,2021-01-31,10,10,120,2.03,3.54,1.0,3.55,1.4,1.8,1.8,1.6
0,2021-01-31,10,111,28,3.13,2.47,1.4,3.12,1.4,0.8,1.8,1.0
2,2021-01-31,4,26,80,4.99,1.73,1.2,3.7,1.4,1.0,1.2,1.2
2,2021-01-31,4,24,105,4.05,1.87,1.2,3.89,1.6,0.6,0.8,1.8
1,2021-02-01,4,89,22,3.65,2.03,2.0,3.54,1.2,1.4,0.6,1.0
0,2021-02-01,10,21,18,1.93,4.81,1.8,3.06,2.2,1.4,1.0,1.6
2,2021-02-02,4,23,11,5.42,1.68,1.6,3.8,0.6,0.8,0.6,0.8
0,2021-02-02,10,78,107,1.55,6.36,0.2,3.92,1.0,0.8,1.8,0.8
2,2021-02-02,10,82,50,5.32,1.7,3.0,3.74,0.8,2.2,0.6,1.2
1,2021-02-02,10,117,3,1.98,3.88,0.2,3.64,1.8,0.4,2.0,2.0
1,2021-02-03,10,35,43,2.58,2.96,0.4,3.07,1.6,0.4,1.4,1.4
1,2021-02-03,4,79,69,1.99,3.99,1.4,3.48,2.0,0.8,1.0,1.4
0,2021-02-03,10,72,62,4.89,1.77,1.2,3.78,0.4,1.2,1.2,0.8
0,2021-02-03,10,2,34,1.88,4.11,1.0,3.86,2.0,1.0,1.6,1.6
0,2021-02-03,10,37,10,2.32,3.17,0.4,3.37,0.6,0.8,1.6,0.8
0,2021-02-03,10,28,38,1.5,6.84,1.8,4.14,2.2,1.0,1.2,2.0
2,2021-02-03,9,94,98,2.05,3.51,1.0,3.7,0.8,1.0,1.2,1.0
1,2021-02-03,9,60,116,4.4,1.94,1.2,3.34,1.0,0.8,1.0,0.6
0,2021-02-03,9,128,125,1.67,5.09,1.4,3.92,2.2,1.4,1.0,1.6
0,2021-02-04,10,66,96,9.2,1.36,2.2,5.19,0.8,1.6,0.6,1.0
0,2021-02-04,10,71,17,1.94,3.84,0.8,3.89,2.4,1.2,1.6,2.2
0,2021-02-04,10,4,111,3.26,2.37,1.0,3.04,1.4,1.0,1.4,0.8
0,2021-02-04,10,21,33,2.76,2.85,1.6,2.98,1.8,1.0,0.8,1.4
2,2021-02-04,9,61,92,3.15,2.2,0.8,3.57,1.8,1.2,1.6,1.2
0,2021-02-04,9,57,16,2.37,2.74,1.6,3.71,1.6,1.0,0.6,1.6
2,2021-02-04,10,18,120,6.53,1.6,2.6,3.54,1.0,1.8,0.6,1.4
2,2021-02-05,4,80,75,2.31,3.09,1.4,3.34,0.6,1.4,1.8,0.2
1,2021-02-05,4,11,24,3.59,2.06,0.6,3.6,1.8,1.0,1.6,1.2
1,2021-02-05,10,91,78,6.84,1.5,1.2,4.47,0.0,1.8,1.4,0.6
2,2021-02-06,9,116,128,2.19,3.23,1.2,3.49,1.4,0.6,0.8,1.6
1,2021-02-06,4,12,89,2.55,2.92,0.4,3.24,1.6,0.2,1.2,0.8
0,2021-02-06,4,70,26,1.88,4.32,0.8,3.58,1.2,0.8,1.4,1.0
0,2021-02-06,10,10,32,3.41,2.21,1.2,3.18,1.8,1.4,1.6,1.0
2,2021-02-06,10,107,28,7.0,1.52,1.4,4.06,1.2,1.4,0.8,0.6
2,2021-02-07,9,92,61,2.47,2.79,1.2,3.65,1.4,0.8,1.2,1.4
2,2021-02-07,9,125,57,7.69,1.39,2.6,4.95,1.0,2.0,0.6,0.8
1,2021-02-07,9,16,94,5.28,1.57,2.0,4.44,1.4,2.2,2.0,1.6
0,2021-02-07,10,38,4,11.08,1.29,2.2,5.6,1.0,1.6,0.8,0.8
1,2021-02-07,10,111,35,3.79,2.17,1.8,3.16,0.6,1.4,0.8,0.6
2,2021-02-07,10,3,62,6.72,1.5,2.0,4.46,0.8,1.8,1.0,0.8
2,2021-02-07,4,22,79,5.07,1.72,1.4,3.69,1.0,1.2,1.0,0.4
2,2021-02-07,10,43,21,3.0,2.66,1.2,2.89,1.4,1.2,1.2,1.2
2,2021-02-07,4,105,64,4.25,1.86,1.4,3.81,1.4,1.8,1.4,0.8
1,2021-02-07,10,17,2,4.22,1.91,2.4,3.45,0.8,2.0,1.2,1.2
0,2021-02-07,10,50,34,1.62,5.84,0.6,3.93,2.6,1.0,2.0,2.0
2,2021-02-07,4,69,110,8.01,1.46,1.6,4.43,1.0,1.2,1.0,0.6
0,2021-02-07,10,71,72,2.6,2.7,0.6,3.62,1.0,1.0,1.6,1.0
0,2021-02-07,10,96,117,2.83,2.71,1.2,3.05,0.4,1.2,1.6,0.4
2,2021-02-08,10,33,18,2.11,3.82,2.4,3.13,2.6,2.0,0.8,1.6
0,2021-02-08,10,120,37,6.86,1.54,0.8,3.92,0.4,1.6,1.8,1.0
0,2021-02-08,10,82,66,1.93,4.2,3.0,3.59,1.6,2.4,0.4,1.4
2,2021-02-09,1,100,83,5.62,1.61,1.4,4.0,0.8,1.4,1.4,0.8
2,2021-02-09,1,86,122,4.43,1.76,2.4,4.08,1.6,1.8,1.2,1.0
0,2021-02-09,4,23,47,4.14,1.87,1.6,3.63,0.4,1.2,0.8,0.8
2,2021-02-10,1,88,13,14.62,1.18,2.4,7.86,1.6,2.6,0.8,2.0
2,2021-02-10,1,5,8,2.68,2.7,0.4,3.31,1.2,0.4,2.0,1.4
2,2021-02-10,9,125,57,9.94,1.32,2.6,5.42,0.4,2.4,0.8,0.8
1,2021-02-10,9,92,98,2.9,2.38,1.6,3.62,0.6,1.4,1.4,1.4
1,2021-02-10,9,61,60,3.89,2.07,0.8,3.45,1.2,1.4,1.6,1.0
0,2021-02-10,1,99,56,1.31,8.92,0.4,6.11,0.8,1.0,2.2,1.6
2,2021-02-12,10,32,120,2.23,3.57,1.8,3.03,0.6,1.2,0.6,1.2
2,2021-02-13,1,122,5,5.24,1.67,1.0,4.01,1.0,0.4,0.8,1.0
1,2021-02-13,10,21,111,3.65,2.32,0.8,2.9,1.4,1.0,1.4,1.4
1,2021-02-13,10,28,91,2.52,2.93,1.2,3.23,1.2,0.6,1.4,2.4
1,2021-02-13,1,8,86,1.53,5.51,0.6,4.81,3.0,0.8,2.0,2.0
0,2021-02-13,1,104,88,1.29,8.54,2.0,6.69,2.4,2.6,1.6,2.6
2,2021-02-13,4,79,52,3.12,2.56,1.0,2.95,1.2,0.4,0.6,0.8
1,2021-02-13,9,94,98,2.04,3.32,1.4,3.87,0.8,1.8,1.8,1.6
2,2021-02-13,4,24,23,2.39,2.87,1.8,3.6,1.4,1.2,0.8,1.2
0,2021-02-13,4,64,11,3.41,2.14,1.4,3.54,0.8,1.0,1.8,1.4
2,2021-02-13,9,57,92,2.78,2.44,0.2,3.61,1.2,0.8,2.0,1.6
2,2021-02-14,9,61,116,4.68,1.78,0.8,3.71,1.6,1.6,1.8,1.0
0,2021-02-14,10,78,10,2.3,3.1,0.2,3.38,1.0,1.2,2.6,1.2
1,2021-02-14,10,4,114,1.73,4.87,1.4,3.65,0.0,1.0,1.4,0.0
2,2021-02-14,1,56,100,5.43,1.58,1.4,4.42,1.4,2.0,1.6,1.2
1,2021-02-14,10,2,82,2.58,2.79,0.8,3.27,2.4,1.4,2.2,2.2
1,2021-02-14,10,117,71,3.16,2.37,1.0,3.3,0.0,0.4,1.0,0.4
0,2021-02-14,10,62,17,1.84,4.24,0.8,3.79,2.0,0.6,1.4,1.4
2,2021-02-14,10,66,50,10.74,1.31,2.0,5.68,0.0,1.8,1.0,0.4
0,2021-02-14,9,60,125,1.65,5.39,1.2,3.83,2.6,1.0,1.2,2.2
1,2021-02-14,10,72,3,2.33,3.18,1.6,3.41,2.6,1.2,0.8,1.8
1,2021-02-14,4,47,70,4.89,1.78,1.0,3.65,0.8,1.4,1.6,0.8
2,2021-02-14,4,22,80,4.2,1.94,2.0,3.43,1.8,1.2,0.6,1.6
2,2021-02-14,10,35,38,1.37,8.31,0.6,4.83,2.0,0.8,1.4,1.2
0,2021-02-14,1,13,48,3.48,2.06,1.6,3.68,1.0,1.8,1.2,0.8
2,2021-02-14,4,105,110,4.07,1.9,2.0,3.68,1.0,2.4,1.2,0.6
2,2021-02-14,9,128,16,2.12,3.23,1.2,3.76,1.6,2.0,2.2,2.2
1,2021-02-14,1,83,99,2.92,2.28,0.8,3.84,0.2,0.8,1.4,0.8
1,2021-02-15,10,18,37,13.46,1.29,2.0,5.22,1.0,1.6,1.0,1.2
2,2021-02-15,10,33,43,4.79,1.83,2.4,3.42,1.6,2.2,1.0,1.2
2,2021-02-15,10,34,96,6.16,1.55,2.6,4.25,1.2,1.8,0.6,1.0
2,2021-02-15,4,89,69,2.23,3.23,1.8,3.42,2.2,1.0,0.4,1.2
1,2021-02-16,10,32,91,2.39,3.59,2.2,2.8,1.4,1.2,0.4,2.4
0,2021-02-16,4,75,12,4.32,1.97,0.4,3.21,0.4,0.4,1.2,0.2
1,2021-02-17,9,60,92,2.84,2.54,1.2,3.33,1.0,1.2,1.4,1.6
2,2021-02-17,9,98,61,2.47,2.75,0.4,3.66,1.4,1.4,2.0,2.2
0,2021-02-18,4,103,26,3.74,2.07,2.0,3.47,1.8,1.2,0.6,1.4
2,2021-02-19,10,114,35,8.51,1.43,1.0,4.3,1.2,0.0,0.0,0.8
0,2021-02-19,10,37,32,2.67,2.92,1.2,2.95,1.8,1.0,1.2,1.0
0,2021-02-19,10,2,66,1.66,5.3,1.0,3.98,2.0,1.2,1.8,1.6
2,2021-02-19,4,11,89,3.04,2.46,1.4,3.28,1.8,1.8,1.4,1.0
1,2021-02-20,10,91,4,4.57,1.89,1.0,3.32,1.6,1.8,1.8,0.8
2,2021-02-20,10,38,21,7.46,1.48,1.4,4.02,0.4,0.8,0.6,0.8
1,2021-02-20,1,48,83,2.83,2.37,1.4,3.65,0.4,0.6,1.0,0.4
1,2021-02-20,9,16,57,3.07,2.23,1.6,3.75,0.8,2.0,1.8,1.4
2,2021-02-20,9,116,98,2.16,3.22,1.6,3.69,1.0,1.0,1.4,1.8
0,2021-02-20,1,104,99,4.19,1.74,1.4,4.35,0.4,2.4,2.4,1.0
2,2021-02-20,4,52,64,3.51,2.17,1.0,3.35,0.8,0.6,1.6,0.4
1,2021-02-20,4,70,69,1.96,4.16,1.0,3.36,2.0,0.8,1.4,0.8
2,2021-02-20,1,13,8,4.26,1.79,1.4,3.97,0.8,1.6,1.2,0.8
0,2021-02-21,4,12,22,2.87,2.68,1.0,3.09,2.0,0.4,0.8,1.2
1,2021-02-21,9,128,94,3.61,2.0,1.2,3.76,1.0,1.6,2.0,1.8
1,2021-02-21,4,80,79,3.55,2.21,1.8,3.25,1.4,1.6,1.4,1.0
0,2021-02-21,4,110,23,1.95,3.75,0.8,3.75,0.8,0.6,0.8,0.8
2,2021-02-21,4,26,105,4.97,1.72,2.4,3.88,2.0,1.8,0.4,2.0
0,2021-02-21,9,60,61,2.27,3.14,0.8,3.45,1.4,1.2,1.6,2.2
2,2021-02-21,10,17,117,5.55,1.69,2.6,3.76,1.2,2.0,0.6,0.8
2,2021-02-21,10,3,96,4.24,1.91,2.2,3.48,0.6,1.2,0.2,1.0
2,2021-02-21,9,125,92,6.22,1.51,3.0,4.62,1.0,2.8,1.0,1.6
1,2021-02-21,10,50,72,2.04,3.69,0.0,3.51,1.2,0.4,2.0,0.8
2,2021-02-21,1,88,86,5.69,1.51,3.0,5.11,2.6,3.0,0.6,1.8
1,2021-02-21,10,82,71,4.16,1.88,2.0,3.75,0.2,1.6,0.6,0.6
0,2021-02-21,1,5,56,1.34,8.77,1.0,5.64,1.8,1.2,1.8,2.2
0,2021-02-21,1,100,122,3.4,2.23,1.2,3.37,1.4,1.2,2.0,0.8
2,2021-02-21,10,10,28,2.62,2.86,1.6,3.13,1.4,1.6,1.4,0.6
0,2021-02-21,10,43,18,1.56,6.51,1.0,3.78,1.6,1.0,1.2,1.0
2,2021-02-22,4,103,24,4.82,1.73,1.4,3.75,2.2,1.0,1.0,1.6
1,2021-02-22,10,111,33,2.3,3.39,1.6,3.23,2.4,1.4,0.8,1.8
1,2021-02-22,10,62,34,1.45,6.85,0.8,4.7,2.6,0.6,1.6,2.0
1,2021-02-23,4,75,47,3.73,2.16,0.2,3.18,1.0,0.2,1.2,1.6
2,2021-02-23,1,48,104,2.6,2.71,1.0,3.5,1.4,0.6,1.2,2.2
1,2021-02-24,9,116,61,1.86,4.27,2.0,3.67,1.4,1.4,1.6,2.2
0,2021-02-26,10,28,120,2.56,2.96,0.8,3.17,0.4,0.2,0.8,1.0
0,2021-02-26,6,101,81,2.18,3.5,0.2,3.3,1.4,0.4,2.4,0.4
1,2021-02-26,10,117,50,4.16,2.06,1.2,3.16,0.2,0.8,0.8,0.2
1,2021-02-26,4,11,103,2.34,3.21,2.0,3.3,1.4,2.0,1.2,1.2
2,2021-02-27,9,98,16,3.72,1.88,1.0,4.04,1.2,1.6,1.8,1.4
2,2021-02-27,9,92,128,4.04,1.86,1.0,4.04,1.4,1.6,2.0,1.8
0,2021-02-27,10,43,111,3.22,2.34,1.0,3.17,1.2,0.8,1.0,1.0
0,2021-02-27,1,56,48,8.5,1.34,2.4,5.41,1.4,2.2,0.8,0.8
2,2021-02-27,4,64,80,3.23,2.29,0.8,3.38,1.4,0.4,1.6,1.6
2,2021-02-27,4,79,70,3.63,2.24,1.0,3.18,0.6,1.0,0.6,0.8
2,2021-02-27,1,86,83,7.69,1.38,2.0,5.31,0.6,1.4,1.2,0.6
1,2021-02-27,10,4,10,2.9,2.67,1.2,2.99,2.0,0.4,0.8,1.8
2,2021-02-27,6,95,9,5.3,1.73,2.0,3.69,0.2,1.2,0.4,0.0
2,2021-02-27,6,59,19,2.22,3.25,1.4,3.49,1.2,1.2,1.8,1.6
2,2021-02-27,6,53,112,3.67,2.2,2.6,3.07,1.2,1.8,1.0,1.2
1,2021-02-27,1,5,104,2.2,3.23,0.8,3.6,0.8,1.0,1.8,1.4
1,2021-02-27,4,105,12,3.46,2.11,1.8,3.47,1.0,2.2,1.4,0.4
2,2021-02-27,10,21,114,2.0,4.15,0.2,3.13,2.0,0.6,1.4,0.5
1,2021-02-27,6,127,39,9.7,1.37,2.2,5.09,1.8,2.6,1.0,1.6
0,2021-02-28,4,23,26,3.0,2.45,1.4,3.28,3.0,1.0,1.2,2.4
1,2021-02-28,10,71,2,2.33,2.92,0.4,3.7,0.4,0.8,1.8,0.6
2,2021-02-28,10,66,17,5.07,1.75,2.4,3.77,2.6,1.8,0.8,2.0
0,2021-02-28,9,94,116,3.28,2.2,1.2,3.47,1.6,1.6,1.6,1.4
1,2021-02-28,9,61,125,1.99,3.56,1.6,3.82,3.0,2.0,1.2,2.8
2,2021-02-28,9,57,60,3.48,2.25,0.8,3.18,0.6,1.2,1.8,1.2
2,2021-02-28,1,100,88,1.41,6.95,1.2,4.99,3.0,1.2,1.6,3.4
0,2021-02-28,1,122,8,5.08,1.68,1.8,3.77,0.8,1.2,1.2,1.0
2,2021-02-28,10,72,82,2.65,2.75,1.2,3.34,1.6,0.6,0.4,1.2
0,2021-02-28,1,99,13,1.99,3.32,0.8,3.99,1.4,0.8,1.6,2.4
0,2021-02-28,10,33,38,2.04,3.76,2.6,3.44,1.8,1.6,0.8,1.0
1,2021-02-28,4,69,24,5.45,1.64,1.6,3.93,2.0,0.6,0.4,2.0
2,2021-02-28,4,22,75,3.56,2.32,2.6,3.03,0.2,1.6,0.4,0.4
1,2021-02-28,6,54,115,7.02,1.48,2.4,4.34,1.2,2.4,0.2,1.0
0,2021-02-28,6,6,30,3.25,2.39,0.6,3.2,0.8,0.4,1.0,0.8
0,2021-02-28,6,97,85,4.36,1.89,1.4,3.45,1.4,1.8,1.2,0.6
0,2021-02-28,10,35,91,2.26,3.58,1.0,3.02,1.0,0.6,0.8,1.2
1,2021-02-28,10,34,3,3.86,2.04,2.2,3.48,2.2,2.2,1.4,1.2
2,2021-03-01,4,89,52,4.7,1.83,1.2,3.39,1.4,0.6,0.6,0.6
2,2021-03-01,4,47,110,4.68,1.86,1.0,3.45,0.2,1.6,1.8,0.0
0,2021-03-01,10,96,62,3.67,2.11,0.6,3.4,1.0,0.8,1.6,0.6
0,2021-03-01,10,78,37,2.76,2.67,0.2,3.13,1.0,1.4,2.8,0.8
2,2021-03-01,10,18,32,10.33,1.4,2.0,4.27,2.2,1.0,0.6,1.2
2,2021-03-02,4,12,11,4.07,2.08,1.2,3.2,1.6,0.4,0.6,1.8
0,2021-03-03,10,3,71,5.8,1.57,1.8,4.43,0.6,1.2,0.6,1.0
2,2021-03-03,10,50,2,,3.29,0.4,,0.6,0.0,1.2,1.0
2,2021-03-03,10,34,117,,1.6,2.2,,1.2,2.6,1.8,0.8
0,2021-03-03,4,23,79,5.41,1.7,1.2,3.69,1.6,1.0,1.4,1.2
0,2021-03-03,4,103,105,5.7,1.6,1.6,4.24,1.4,1.6,1.4,1.8
0,2021-03-03,9,98,92,2.57,2.51,1.6,3.83,1.0,1.8,1.4,1.4
1,2021-03-03,9,16,125,1.43,8.06,1.0,4.51,2.6,1.2,1.6,2.4
0,2021-03-03,9,116,57,2.42,2.93,2.0,3.39,1.4,1.6,1.6,1.4
0,2021-03-04,4,52,69,1.95,3.86,1.2,3.67,1.2,1.0,2.0,0.6
2,2021-03-04,4,26,64,8.06,1.41,3.0,4.55,1.2,2.4,0.6,1.0
0,2021-03-04,4,24,22,2.82,2.55,1.6,3.34,2.6,2.0,1.6,1.6
0,2021-03-04,9,128,61,2.13,3.27,0.8,3.57,1.6,1.4,2.2,2.2
0,2021-03-04,9,94,60,2.25,3.53,1.2,3.11,0.4,1.4,1.6,1.0
1,2021-03-04,10,17,82,4.7,1.78,2.0,3.73,1.0,1.6,0.6,1.2
1,2021-03-04,10,96,72,2.46,3.01,0.6,3.31,1.6,1.0,2.2,0.8
2,2021-03-04,10,62,66,1.46,6.94,1.4,4.58,2.4,1.4,1.6,1.4
1,2021-03-04,4,80,47,2.37,3.01,0.8,3.35,1.6,1.2,2.2,1.8
2,2021-03-05,4,110,89,2.29,3.26,0.2,3.26,1.6,0.2,1.0,1.2
1,2021-03-05,4,70,75,2.56,3.02,0.6,3.14,0.2,0.8,1.4,0.4
1,2021-03-05,10,120,4,5.03,1.81,0.8,3.51,1.2,1.4,1.0,0.4
0,2021-03-05,10,91,21,4.71,1.97,1.4,2.93,0.8,1.2,1.0,0.8
1,2021-03-06,6,81,53,3.09,2.63,1.8,3.14,2.6,1.0,1.6,1.8
2,2021-03-06,9,92,16,3.39,2.02,1.4,3.64,0.6,1.2,1.4,0.8
1,2021-03-06,9,125,116,10.11,1.32,2.2,5.4,1.4,1.8,0.8,1.0
1,2021-03-06,6,39,95,2.45,3.24,1.4,3.13,2.4,1.6,1.4,1.8
0,2021-03-06,1,8,56,1.42,7.42,1.4,4.95,1.8,1.0,1.8,1.8
2,2021-03-06,6,19,6,5.95,1.65,1.0,3.75,0.4,1.4,1.6,0.2
2,2021-03-06,10,114,33,4.22,2.01,1.3333333333333333,3.23,2.0,0.3333333333333333,0.3333333333333333,1.4
0,2021-03-06,10,111,18,1.56,6.3,1.8,3.84,2.0,1.4,0.6,1.8
2,2021-03-06,1,48,5,3.19,2.22,2.0,3.51,1.0,1.0,1.0,1.2
1,2021-03-06,1,104,100,2.33,2.99,0.4,3.61,1.2,1.0,1.8,1.2
1,2021-03-06,4,11,105,2.75,2.59,1.6,3.32,2.0,1.8,1.4,1.6
1,2021-03-06,4,79,103,2.46,3.21,2.0,3.11,1.0,1.6,0.6,1.2
2,2021-03-06,4,12,52,5.28,1.74,1.6,3.61,1.2,1.0,0.8,1.2
2,2021-03-07,4,69,80,8.23,1.4,1.6,5.11,1.0,1.8,0.8,1.4
0,2021-03-07,10,66,3,3.95,2.05,2.4,3.3,1.6,1.2,0.6,1.2
2,2021-03-07,10,17,34,2.45,2.99,1.6,3.3,2.2,1.4,0.6,2.4
1,2021-03-07,10,71,50,3.49,2.11,1.2,3.54,1.0,1.2,1.4,0.4
0,2021-03-07,10,82,62,3.46,2.17,0.6,3.42,1.4,0.6,1.0,1.6
2,2021-03-07,6,97,54,3.04,2.29,1.2,3.55,2.0,1.6,1.4,2.6
0,2021-03-07,1,83,122,1.83,4.11,0.6,4.02,1.8,0.6,1.0,1.2
2,2021-03-07,1,88,99,22.97,1.07,2.4,12.71,0.8,3.0,1.4,0.6
0,2021-03-07,9,57,94,5.23,1.66,2.0,3.96,0.6,1.6,0.4,0.8
0,2021-03-07,9,60,128,3.41,2.26,0.8,3.23,0.8,1.4,1.8,1.4
2,2021-03-07,9,61,98,3.28,2.12,1.6,3.86,1.4,1.8,1.6,1.4
2,2021-03-07,6,30,101,46.94,1.05,1.2,11.52,0.2,1.0,2.0,0.6
2,2021-03-07,10,117,72,2.66,2.93,1.0,3.15,1.8,1.0,1.2,1.0
1,2021-03-07,6,115,112,3.3,2.48,1.2,3.02,1.2,1.4,2.0,1.2
1,2021-03-07,1,13,86,1.76,4.17,1.4,4.35,2.0,2.0,1.4,1.2
2,2021-03-07,10,10,35,3.46,2.33,2.0,3.05,1.0,1.8,1.2,0.8
2,2021-03-07,10,38,43,11.99,1.3,1.8,5.2,0.8,0.8,0.4,0.8
2,2021-03-07,4,22,23,3.83,2.09,3.0,3.26,0.6,1.8,0.2,0.6
1,2021-03-07,4,64,47,2.41,3.06,0.6,3.2,1.8,0.8,1.8,2.0
2,2021-03-08,10,2,96,3.67,2.12,0.6,3.35,0.2,0.8,1.4,0.8
2,2021-03-08,6,85,127,1.69,5.12,2.0,3.88,2.2,1.0,0.6,2.6
2,2021-03-08,10,32,78,4.2,2.03,2.0,3.12,0.2,1.0,1.2,1.2
0,2021-03-08,6,9,59,2.66,2.95,0.2,3.11,1.4,0.0,1.4,1.4
1,2021-03-08,10,37,28,2.44,3.19,1.4,3.01,0.2,0.8,0.8,0.0
0,2021-03-08,4,110,26,1.67,5.41,0.6,3.85,3.0,0.4,1.0,1.8
2,2021-03-08,4,89,70,6.19,1.59,1.4,3.86,0.6,1.0,1.0,1.0
2,2021-03-09,4,75,24,3.9,2.02,0.4,3.34,1.0,0.8,1.8,1.4
1,2021-03-11,4,69,23,5.47,1.63,1.6,4.05,0.6,2.0,1.0,0.6
0,2021-03-12,10,62,71,2.63,2.57,2.0,3.57,1.4,2.0,1.6,1.6
0,2021-03-12,10,43,114,1.68,5.21,0.6,3.69,1.75,0.6,1.2,0.5
2,2021-03-12,6,53,39,2.86,2.76,2.2,2.99,1.0,1.6,1.0,0.8
0,2021-03-13,6,30,97,2.78,2.59,1.8,3.34,1.2,1.2,1.2,2.4
1,2021-03-13,10,35,120,2.23,3.49,0.8,3.13,0.8,0.8,1.2,1.4
0,2021-03-13,10,111,38,1.61,5.76,1.2,3.89,1.8,0.8,0.8,0.8
0,2021-03-13,10,4,37,3.89,2.14,1.4,3.04,1.6,0.6,0.4,0.8
2,2021-03-13,1,88,5,31.61,1.07,2.4,13.55,0.8,3.2,1.6,1.4
0,2021-03-13,4,79,12,2.57,3.06,2.2,2.93,2.0,1.8,0.6,1.2
2,2021-03-13,6,127,6,10.18,1.32,2.0,5.24,0.2,2.8,1.4,0.2
2,2021-03-13,6,9,19,1.6,5.82,0.0,4.04,1.6,0.0,2.0,1.8
1,2021-03-13,4,52,110,3.27,2.3,0.6,3.24,0.6,0.8,3.0,0.4
2,2021-03-13,6,115,81,4.26,2.06,0.8,3.19,2.0,1.2,2.0,1.0
1,2021-03-13,9,128,57,2.35,3.04,1.4,3.46,2.0,1.2,1.2,1.8
2,2021-03-13,9,16,61,2.45,2.76,0.4,3.68,2.2,0.6,1.6,2.4
2,2021-03-14,10,18,78,24.08,1.19,2.0,7.05,0.2,1.6,0.4,1.2
0,2021-03-14,10,21,10,3.48,2.38,1.4,2.88,2.0,0.6,0.6,1.6
1,2021-03-14,10,34,66,2.95,2.52,1.6,3.3,1.8,2.2,2.0,0.8
0,2021-03-14,6,112,85,2.4,3.41,0.8,3.04,2.0,0.4,0.8,1.2
0,2021-03-14,10,72,17,2.7,2.72,1.2,3.33,2.0,0.6,0.8,1.6
0,2021-03-14,10,117,2,2.72,2.89,1.0,3.01,1.0,1.2,1.2,0.8
2,2021-03-14,6,59,95,4.0,2.11,1.8,3.2,2.6,2.0,1.8,1.8
0,2021-03-14,6,101,54,1.07,36.46,0.2,12.11,2.0,0.6,2.4,2.8
2,2021-03-14,10,96,50,3.42,2.28,0.2,3.27,1.2,0.8,2.2,0.8
2,2021-03-14,4,26,69,3.41,2.25,3.0,3.37,1.8,1.6,0.4,2.2
0,2021-03-14,4,24,89,2.61,2.73,0.8,3.34,1.8,1.2,1.6,1.4
1,2021-03-14,9,98,125,1.88,3.82,1.2,3.99,1.8,1.6,1.8,1.8
0,2021-03-14,9,116,60,2.55,3.05,1.6,3.07,0.8,1.2,1.2,1.2
0,2021-03-14,4,105,75,2.58,2.75,1.6,3.4,1.0,0.8,0.6,1.0
0,2021-03-14,4,103,64,7.65,1.48,1.0,4.25,0.8,1.2,1.6,0.8
2,2021-03-14,1,86,48,7.04,1.42,1.6,5.03,2.6,0.8,0.8,1.4
0,2021-03-14,1,122,104,4.29,1.82,1.8,3.98,0.4,1.6,0.8,0.8
0,2021-03-14,1,83,56,1.4,7.37,0.4,5.17,2.4,0.6,1.8,1.8
0,2021-03-14,1,99,8,2.86,2.42,0.8,3.62,0.8,0.8,2.0,0.6
2,2021-03-14,1,100,13,3.8,2.01,1.4,3.61,1.4,1.2,1.4,1.6
0,2021-03-14,9,94,92,1.79,4.16,1.0,3.99,2.0,1.0,1.6,1.4
0,2021-03-15,10,33,91,3.34,2.46,1.4,2.83,1.2,0.8,1.0,0.6
0,2021-03-15,10,28,32,3.12,2.56,0.4,2.84,2.0,0.2,1.8,1.0
2,2021-03-15,4,80,11,3.33,2.24,0.4,3.44,1.6,1.0,2.0,1.4
0,2021-03-15,4,47,22,2.86,2.67,1.4,3.05,3.0,1.6,1.4,2.0
1,2021-03-15,10,3,82,3.52,2.19,1.6,3.39,0.6,1.2,0.8,0.6
2,2021-03-16,10,114,111,8.07,1.48,2.0,4.0,1.0,0.8,0.2,0.6
2,2021-03-16,4,23,70,8.25,1.43,0.8,4.51,0.6,0.8,1.2,1.2
2,2021-03-17,6,6,9,4.48,1.92,0.2,3.35,0.6,0.2,1.8,0.4
1,2021-03-17,10,120,21,5.25,1.88,1.0,3.19,1.4,1.2,0.6,0.6
0,2021-03-17,6,19,127,2.33,3.16,1.4,3.35,2.0,1.6,1.4,2.6
0,2021-03-17,6,81,39,2.41,3.5,2.0,3.01,1.0,1.0,0.4,0.8
0,2021-03-18,6,112,59,2.39,3.57,0.2,3.03,1.8,0.2,1.4,2.0
2,2021-03-18,6,97,115,10.68,1.32,1.2,5.13,1.4,1.8,1.6,1.2
0,2021-03-18,6,54,30,4.38,1.82,2.0,4.01,1.2,2.6,1.6,1.2
1,2021-03-18,10,10,33,2.68,2.91,2.6,2.93,0.8,1.8,0.8,0.6
2,2021-03-19,6,95,101,29.33,1.06,2.0,8.66,0.2,1.6,0.6,0.4
2,2021-03-19,4,75,103,3.28,2.33,1.6,3.23,1.0,1.4,1.2,1.4
0,2021-03-19,6,85,53,6.0,1.64,2.6,3.88,2.6,1.6,0.2,1.4
2,2021-03-19,10,38,18,2.93,2.71,2.4,2.95,2.6,1.0,0.2,2.2
2,2021-03-19,10,37,35,2.72,2.97,1.6,2.9,0.8,0.8,0.4,0.6
0,2021-03-20,1,56,88,1.85,3.93,2.4,4.05,2.4,1.8,0.6,3.2
2,2021-03-20,9,60,16,2.92,2.46,1.2,3.32,1.0,1.6,1.2,1.4
2,2021-03-20,9,57,98,3.2,2.15,1.6,3.9,0.8,1.4,0.8,1.6
0,2021-03-20,4,64,22,2.32,3.37,1.4,3.12,3.0,1.2,0.8,2.2
0,2021-03-20,4,11,110,3.19,2.44,1.0,3.08,0.8,1.0,1.4,0.6
2,2021-03-20,4,70,52,4.08,1.98,0.4,3.45,0.8,1.0,2.0,1.0
1,2021-03-20,10,32,4,3.24,2.52,2.0,3.01,0.8,1.2,1.6,0.4
2,2021-03-20,10,78,28,2.12,3.73,0.2,3.29,0.4,1.2,2.8,0.4
1,2021-03-21,1,48,99,3.95,1.9,2.0,3.74,0.8,1.2,1.4,0.6
0,2021-03-21,9,92,116,5.66,1.61,2.4,4.01,1.0,1.6,1.0,0.8
1,2021-03-21,1,5,100,1.79,4.49,0.2,3.85,1.4,1.0,2.0,1.2
2,2021-03-21,1,8,83,3.26,2.38,1.4,3.26,0.4,0.6,1.2,0.4
0,2021-03-21,1,13,122,2.33,2.94,1.4,3.61,1.8,1.6,0.8,2.2
1,2021-03-21,9,61,94,4.73,1.76,1.6,3.73,0.8,2.0,2.0,1.0
1,2021-03-21,10,91,43,5.32,1.76,1.6,3.45,0.0,1.0,0.8,0.4
1,2021-03-21,1,104,86,1.86,3.82,1.0,4.25,1.6,1.4,1.4,1.4
2,2021-03-21,4,24,80,3.93,2.04,0.2,3.28,1.0,0.8,1.8,1.2
2,2021-03-21,4,26,12,4.05,2.17,3.0,2.97,2.0,1.4,0.4,1.2
2,2021-03-21,9,125,128,8.72,1.36,1.4,5.53,1.0,1.6,1.2,1.0
1,2021-03-21,4,105,79,3.1,2.35,1.0,3.28,1.6,0.6,1.0,1.0
0,2021-03-21,10,2,72,3.28,2.3,1.4,3.36,1.0,1.2,1.2,0.6
1,2021-03-21,10,17,3,3.18,2.41,2.0,3.27,1.6,1.4,0.6,1.4
0,2021-03-21,10,50,62,2.67,2.68,1.2,3.41,2.0,0.8,1.0,2.0
2,2021-03-21,10,66,117,6.02,1.61,1.4,3.73,0.8,0.6,0.6,0.8
2,2021-03-21,10,71,96,2.82,2.41,1.8,3.65,0.8,1.8,1.0,0.8
2,2021-03-21,10,82,34,2.0,3.7,0.6,3.67,1.2,0.8,1.2,1.6
0,2021-03-22,4,89,23,2.87,2.45,1.8,3.34,0.8,1.4,1.0,1.2
1,2021-04-02,10,43,10,2.53,3.07,0.2,3.02,2.2,0.4,1.4,1.4
2,2021-04-02,10,4,78,5.82,1.62,0.8,3.6,0.6,0.6,0.8,0.8
2,2021-04-03,4,79,64,4.61,1.95,1.6,3.23,1.4,1.6,1.4,1.2
0,2021-04-03,4,52,26,1.93,4.31,0.2,3.47,3.0,0.8,2.6,1.4
0,2021-04-03,6,81,59,1.84,4.81,1.4,3.44,2.4,0.8,1.2,2.2
0,2021-04-03,1,99,5,2.69,2.59,0.8,3.49,0.4,1.0,2.0,0.8
2,2021-04-03,9,57,61,3.18,2.24,2.0,3.64,1.6,2.2,1.4,2.0
2,2021-04-03,6,30,112,6.35,1.66,1.8,3.67,0.2,1.6,1.4,0.2
2,2021-04-03,6,85,95,3.08,2.44,2.0,3.24,2.0,1.6,0.8,2.4
0,2021-04-03,6,54,6,5.51,1.61,1.4,4.24,0.8,2.0,2.2,0.6
2,2021-04-03,1,13,8,3.66,1.98,1.4,3.78,1.8,2.2,1.6,1.0
2,2021-04-03,1,83,48,2.88,2.48,0.2,3.55,2.0,0.4,2.2,1.6
1,2021-04-03,9,98,128,3.87,1.9,0.8,3.97,0.8,2.0,2.4,0.8
2,2021-04-03,10,35,32,3.28,2.5,0.2,2.89,2.0,0.4,1.2,1.2
2,2021-04-04,4,69,11,7.34,1.44,1.6,4.5,0.4,2.0,1.0,0.8
2,2021-04-04,4,12,24,5.14,1.73,2.0,3.79,0.8,1.6,0.8,1.0
2,2021-04-04,10,71,3,1.78,4.17,2.2,4.11,1.2,2.0,1.0,1.2
1,2021-04-04,10,50,72,2.19,3.46,1.0,3.37,1.4,1.0,1.4,1.0
1,2021-04-04,9,92,60,4.11,1.94,2.4,3.51,1.8,1.8,1.0,1.6
0,2021-04-04,1,122,86,2.2,3.19,1.8,3.63,1.6,2.8,2.0,1.6
2,2021-04-04,1,104,56,1.54,5.27,1.2,4.98,1.8,1.6,1.4,1.4
1,2021-04-04,4,110,75,2.18,3.6,1.4,3.25,2.0,0.8,0.8,1.4
0,2021-04-04,9,94,125,1.33,8.57,0.8,5.59,1.4,1.0,1.8,2.0
2,2021-04-04,1,88,100,12.11,1.23,2.4,6.89,1.6,2.6,1.2,1.2
1,2021-04-04,4,47,89,3.06,2.45,1.2,3.19,1.8,1.2,1.6,1.6
2,2021-04-04,4,22,70,6.5,1.58,3.0,3.85,0.8,2.0,0.2,1.0
1,2021-04-04,10,38,114,3.84,2.15,3.0,3.12,2.4,1.6,0.0,1.2
0,2021-04-04,6,39,97,2.23,3.38,1.0,3.41,1.8,1.4,1.2,2.8
0,2021-04-04,6,101,19,1.18,30.93,0.2,7.08,1.2,0.4,3.0,1.6
2,2021-04-04,6,115,9,3.02,2.59,1.2,3.02,0.6,1.0,1.6,0.4
2,2021-04-04,10,33,120,3.91,2.03,0.4,3.24,1.2,0.4,1.2,1.2
2,2021-04-04,10,111,91,2.23,3.59,0.8,3.0,1.6,0.4,1.0,1.0
2,2021-04-05,10,2,96,3.69,2.17,1.4,3.29,0.8,1.2,1.2,1.0
2,2021-04-05,10,34,82,4.71,1.79,1.0,3.84,1.0,1.4,1.6,1.0
2,2021-04-05,10,66,17,4.64,1.88,1.4,3.45,1.6,1.2,0.6,1.2
0,2021-04-05,9,16,116,3.96,1.84,0.8,3.95,1.4,1.6,1.8,1.0
2,2021-04-05,6,127,53,21.24,1.14,2.0,9.11,2.6,2.6,1.4,1.8
2,2021-04-05,10,18,28,11.56,1.33,2.4,4.77,0.2,2.2,0.6,0.4
0,2021-04-05,4,80,103,2.2,3.35,0.8,3.43,0.4,1.2,2.2,0.8
2,2021-04-05,4,23,105,6.34,1.52,1.4,4.48,1.2,1.6,1.4,1.0
2,2021-04-05,10,21,37,4.86,1.96,1.4,3.11,2.0,0.4,0.4,1.0
1,2021-04-06,10,62,117,3.04,2.42,2.4,3.28,0.8,2.0,1.2,0.6
0,2021-04-08,10,120,78,6.66,1.5,1.2,4.29,0.6,1.2,0.4,0.6
0,2021-04-09,10,72,117,3.81,2.21,1.0,3.1,0.8,0.8,1.4,0.6
1,2021-04-09,10,10,111,3.07,2.5,1.8,3.16,1.2,1.0,0.6,0.8
1,2021-04-09,10,37,33,2.09,3.81,2.0,3.27,0.8,1.0,0.4,0.6
0,2021-04-09,10,28,4,2.4,3.4,0.2,3.0,1.2,0.4,2.0,1.0
2,2021-04-09,10,32,21,2.89,3.06,1.4,2.68,2.0,1.2,2.4,0.6
1,2021-04-10,10,91,38,2.13,3.72,1.4,3.18,2.6,1.0,1.2,1.4
0,2021-04-10,1,5,83,3.66,2.16,1.0,3.48,0.6,0.8,1.2,0.8
2,2021-04-10,9,60,57,2.57,2.91,2.0,3.2,2.0,1.8,0.6,2.2
0,2021-04-10,9,61,16,3.1,2.17,1.4,3.82,0.8,1.8,2.0,1.6
0,2021-04-10,4,12,23,3.68,2.15,2.4,3.34,2.0,1.8,0.8,1.8
2,2021-04-10,4,52,11,3.28,2.31,0.2,3.43,0.2,0.4,2.2,0.4
0,2021-04-10,4,70,110,3.29,2.27,0.8,3.41,1.6,1.2,2.0,1.0
2,2021-04-10,6,53,101,,1.19,2.0,,0.0,1.2,0.8,0.4
2,2021-04-10,1,48,13,2.54,2.68,1.4,3.64,1.4,1.8,2.4,1.6
0,2021-04-10,6,39,85,2.83,2.81,1.0,3.13,2.4,1.6,1.2,1.8
2,2021-04-10,6,112,6,2.52,3.06,0.2,3.14,1.2,0.2,2.0,1.6
2,2021-04-10,1,8,99,3.33,2.26,1.8,3.62,0.2,0.8,0.8,0.8
0,2021-04-11,10,17,34,2.27,3.13,1.6,3.56,1.4,1.2,0.6,1.2
0,2021-04-11,10,3,66,1.96,4.06,1.0,3.58,1.4,0.6,1.0,1.2
0,2021-04-11,10,82,71,3.58,2.02,1.0,3.8,2.6,1.0,1.2,2.0
2,2021-04-11,1,100,104,3.78,1.98,1.6,3.77,1.8,1.2,1.2,2.0
2,2021-04-11,9,116,94,3.34,2.22,1.4,3.29,0.8,1.0,1.8,1.0
2,2021-04-11,9,125,98,5.1,1.56,1.8,4.57,0.4,2.2,0.8,1.6
0,2021-04-11,9,128,92,1.89,3.78,1.0,3.92,2.0,0.8,1.6,1.4
0,2021-04-11,10,96,50,3.65,2.17,0.8,3.23,1.0,1.2,1.4,1.2
0,2021-04-11,1,86,88,1.65,4.61,2.2,4.64,2.4,2.8,0.4,2.4
0,2021-04-11,4,105,69,1.94,3.9,1.0,3.64,2.0,1.2,1.6,2.2
2,2021-04-11,6,9,54,1.86,4.26,0.6,3.61,0.8,0.4,2.4,1.8
1,2021-04-11,10,114,18,3.06,2.68,2.0,2.88,2.4,1.0,0.2,2.2
0,2021-04-11,4,103,22,3.35,2.24,0.8,3.36,3.0,0.6,1.0,2.0
2,2021-04-11,4,26,47,4.85,1.77,3.0,3.59,1.2,1.4,0.4,1.2
2,2021-04-11,6,59,97,2.12,3.47,3.0,3.48,2.4,2.2,0.2,3.2
0,2021-04-11,6,95,127,1.6,5.44,1.4,4.28,2.0,2.0,0.8,2.4
1,2021-04-11,6,30,115,8.97,1.4,2.4,4.57,1.6,2.4,1.0,1.2
2,2021-04-11,1,56,122,5.63,1.58,1.2,4.31,1.2,1.0,1.0,2.6
1,2021-04-12,10,62,2,2.62,2.79,2.0,3.29,1.8,1.2,1.0,1.4
0,2021-04-12,4,24,64,4.4,1.86,0.6,3.61,0.8,0.8,1.4,0.8
2,2021-04-12,4,80,89,2.92,2.5,0.8,3.42,1.4,1.2,1.8,1.2
2,2021-04-12,10,78,35,2.21,3.36,1.2,3.34,0.8,1.0,1.8,1.2
0,2021-04-12,10,120,43,4.39,1.96,0.6,3.38,0.4,0.4,0.8,0.4
2,2021-04-12,6,19,81,13.23,1.26,1.2,6.35,0.8,1.4,1.6,0.6
0,2021-04-13,4,75,79,4.24,1.99,2.2,3.31,1.6,1.8,1.0,2.0
0,2021-04-15,4,52,103,1.98,4.03,0.8,3.31,0.8,0.6,1.2,0.8
1,2021-04-16,10,10,28,3.22,2.54,1.8,2.87,0.2,0.8,0.4,0.6
2,2021-04-16,10,111,120,3.01,2.52,0.8,3.27,0.4,0.4,0.8,0.2
1,2021-04-16,10,117,2,2.86,2.69,1.4,3.11,2.0,0.6,1.4,1.6
1,2021-04-17,1,83,8,3.18,2.33,1.2,3.42,1.8,1.2,2.2,0.8
1,2021-04-17,9,94,128,2.3,3.17,0.8,3.45,1.0,1.0,2.0,0.8
1,2021-04-17,6,54,127,1.7,4.82,0.6,4.3,2.4,1.4,3.0,2.4
0,2021-04-17,6,81,30,1.81,5.0,0.2,3.5,2.0,0.0,1.8,2.4
2,2021-04-17,6,59,39,4.84,1.83,3.0,3.63,0.8,2.2,0.2,1.2
1,2021-04-17,4,64,12,2.18,3.5,1.4,3.35,1.8,1.4,1.6,1.4
1,2021-04-17,4,70,80,2.85,2.51,0.6,3.42,1.2,0.8,1.8,1.0
0,2021-04-17,1,5,48,2.69,2.58,0.8,3.53,1.4,0.6,1.4,1.6
0,2021-04-17,4,11,79,2.49,2.9,0.2,3.31,1.6,0.4,1.4,2.2
2,2021-04-17,6,6,53,4.77,1.91,1.2,3.39,2.0,1.4,1.8,1.0
1,2021-04-17,10,114,91,5.74,1.8,2.2,3.22,1.0,1.0,0.0,0.8
1,2021-04-17,10,43,37,3.18,2.49,1.0,2.98,1.6,0.6,0.8,0.8
2,2021-04-17,10,21,35,3.45,2.36,1.4,2.98,0.8,0.6,0.8,1.0
0,2021-04-17,1,99,13,2.38,2.86,0.2,3.75,0.8,0.8,2.0,1.2
1,2021-04-17,9,98,61,3.33,2.02,0.4,3.96,0.8,1.6,2.6,2.0
2,2021-04-18,9,16,92,3.01,2.23,1.2,3.86,2.0,2.2,2.0,1.6
0,2021-04-18,6,97,112,7.43,1.48,2.4,4.32,0.8,3.2,1.4,0.6
2,2021-04-18,9,125,60,8.94,1.37,2.2,4.97,2.0,2.4,0.6,1.4
1,2021-04-18,10,32,78,4.75,1.86,2.0,3.59,1.8,1.8,1.6,1.0
2,2021-04-18,10,18,4,10.38,1.36,2.0,4.54,1.6,1.2,0.6,1.4
2,2021-04-18,10,38,33,5.15,1.7,2.2,3.64,1.0,1.2,0.2,0.8
1,2021-04-18,4,110,103,2.25,3.29,1.6,3.39,1.2,1.0,0.8,1.2
1,2021-04-18,4,22,26,2.87,2.71,3.0,3.03,3.0,2.2,0.6,1.4
2,2021-04-18,4,47,24,4.73,1.78,0.6,3.69,0.6,0.8,1.6,1.2
2,2021-04-18,6,95,19,2.46,2.95,0.8,3.39,1.8,1.4,1.2,1.8
2,2021-04-18,6,9,101,14.24,1.12,1.2,6.69,0.0,0.6,1.6,0.2
2,2021-04-18,9,57,116,5.21,1.7,1.4,3.79,2.0,1.6,1.8,1.6
2,2021-04-18,1,88,56,6.17,1.48,3.0,4.8,1.8,2.8,0.6,1.2
2,2021-04-18,1,122,104,3.52,1.95,1.2,3.94,1.6,2.8,3.6,2.2
1,2021-04-18,1,86,100,3.73,1.88,1.6,4.19,1.6,2.6,1.0,1.4
0,2021-04-18,6,115,85,1.79,4.57,1.6,3.79,2.4,1.2,1.4,1.6
1,2021-04-18,10,17,3,3.47,2.19,1.4,3.34,1.0,1.4,1.2,0.8
1,2021-04-18,10,34,71,7.0,1.44,1.4,5.09,2.6,1.4,1.2,2.6
1,2021-04-18,10,72,96,3.83,2.16,0.8,3.18,0.6,0.6,1.4,1.4
0,2021-04-18,10,50,62,2.33,3.08,1.0,3.6,1.6,1.4,1.8,1.2
2,2021-04-19,4,89,105,4.59,1.76,1.4,3.94,0.4,1.2,1.0,1.2
0,2021-04-19,4,69,75,6.05,1.56,2.0,4.26,2.0,1.4,0.8,1.6
1,2021-04-19,10,82,66,1.64,5.17,0.8,4.26,2.0,1.6,2.0,2.0
0,2021-04-20,10,35,10,3.43,2.5,0.8,2.91,1.4,0.8,1.0,0.4
2,2021-04-20,10,120,43,4.62,1.9,0.2,3.28,1.2,0.2,1.2,0.8
0,2021-04-20,10,28,111,3.37,2.34,0.2,3.05,1.4,0.4,1.4,0.6
2,2021-04-20,4,23,52,8.47,1.36,2.6,5.26,0.8,2.2,1.0,1.0
1,2021-04-20,1,13,83,4.57,1.71,1.2,4.22,1.4,1.6,1.8,1.2
1,2021-04-20,1,48,99,3.68,1.98,1.4,3.74,0.2,1.4,2.0,0.8
0,2021-04-20,1,8,5,3.19,2.46,2.0,3.16,0.8,0.8,0.6,0.4
2,2021-04-21,10,2,72,3.62,2.16,1.6,3.33,1.0,1.6,1.4,0.8
1,2021-04-21,1,56,86,3.11,2.16,1.2,3.81,1.6,1.0,1.2,2.6
0,2021-04-21,10,91,18,1.9,4.45,1.2,3.36,2.0,0.8,1.0,1.6
1,2021-04-21,10,33,114,2.21,3.66,1.0,3.06,1.8,1.0,1.2,0.8
0,2021-04-21,10,32,21,3.45,2.55,1.6,2.73,1.4,1.4,1.4,0.8
2,2021-04-21,1,104,88,1.24,10.66,1.4,6.96,3.0,2.0,1.8,2.4
0,2021-04-21,1,100,122,2.92,2.35,1.6,3.52,1.2,1.2,1.2,2.4
1,2021-04-21,9,116,16,1.95,3.62,1.8,4.01,1.8,1.6,1.4,3.0
2,2021-04-21,9,60,98,2.86,2.48,2.0,3.39,0.6,1.4,1.0,1.2
2,2021-04-21,9,61,57,3.04,2.34,0.4,3.55,2.0,1.2,2.2,1.8
0,2021-04-21,10,71,17,2.23,3.07,2.6,3.74,1.0,2.6,1.2,1.4
0,2021-04-21,10,62,96,3.53,2.11,1.6,3.46,0.8,1.4,1.4,1.6
2,2021-04-22,10,66,34,3.25,2.18,2.2,3.55,1.6,2.0,0.2,1.6
0,2021-04-22,9,128,125,1.67,4.82,0.6,4.14,2.6,1.0,2.0,2.8
2,2021-04-22,10,117,50,4.54,1.88,1.0,3.47,0.8,0.4,1.6,1.2
2,2021-04-22,10,3,82,3.24,2.3,0.6,3.34,1.0,1.0,2.0,1.4
0,2021-04-22,9,92,94,5.63,1.57,1.4,4.28,0.4,1.2,2.0,0.8
0,2021-04-22,10,4,38,1.55,6.39,1.4,3.9,2.2,1.2,1.4,1.4
0,2021-04-22,10,78,37,2.4,3.09,2.0,3.19,1.6,1.0,0.6,0.8
0,2021-04-22,4,69,47,6.4,1.55,1.4,4.12,1.0,1.0,0.8,0.8
0,2021-04-23,10,111,35,3.24,2.39,2.0,3.06,0.6,0.8,0.4,1.0
2,2021-04-23,10,43,28,2.78,2.83,1.2,2.93,0.2,0.8,0.6,0.2
1,2021-04-24,6,115,6,2.68,2.73,1.4,3.19,1.8,1.2,1.6,2.0
2,2021-04-24,4,26,11,7.59,1.45,2.6,4.5,0.0,1.4,0.6,0.6
2,2021-04-24,6,127,81,36.3,1.07,2.6,12.93,0.0,2.6,1.0,0.0
1,2021-04-24,4,79,110,4.3,1.88,2.0,3.6,1.8,2.8,1.6,1.0
2,2021-04-24,1,83,99,3.08,2.28,1.6,3.67,0.4,1.6,1.2,0.8
1,2021-04-24,1,8,48,2.48,2.8,1.4,3.53,1.6,0.6,0.8,1.4
0,2021-04-24,1,5,13,2.28,3.09,1.4,3.67,1.4,0.4,0.6,1.8
2,2021-04-24,4,64,23,1.87,3.91,1.4,3.89,3.0,1.2,1.4,2.4
2,2021-04-24,4,24,70,3.76,1.92,0.6,3.83,0.8,1.0,1.6,0.6
0,2021-04-24,10,18,114,4.78,1.94,2.0,3.07,1.4,1.0,0.6,0.6
0,2021-04-24,6,101,59,1.09,22.64,0.0,10.39,3.0,0.2,3.2,2.4
1,2021-04-24,9,57,16,3.09,2.2,1.8,3.85,1.4,1.6,1.4,2.4
2,2021-04-24,9,98,116,4.57,1.79,0.4,3.89,2.0,0.8,1.8,1.8
0,2021-04-24,6,30,53,8.44,1.39,2.0,5.07,1.8,2.6,1.2,1.2
0,2021-04-24,10,10,32,2.88,2.71,1.4,2.91,1.0,0.8,0.4,1.0
0,2021-04-25,6,85,54,2.78,2.46,2.4,3.67,0.8,1.4,0.6,1.6
2,2021-04-25,6,39,9,3.52,2.26,0.6,3.23,1.8,1.4,1.8,1.4
0,2021-04-25,6,112,95,2.59,3.03,1.2,3.1,1.2,1.2,1.6,1.8
2,2021-04-25,6,97,19,2.97,2.39,1.8,3.61,1.2,2.0,1.8,1.6
0,2021-04-25,10,38,91,4.69,1.97,2.2,3.05,0.6,1.6,0.4,0.4
2,2021-04-25,4,105,22,2.43,3.03,0.2,3.31,2.6,1.4,2.6,2.0
2,2021-04-25,9,125,94,7.9,1.34,3.0,5.74,1.0,2.8,0.2,1.6
2,2021-04-25,10,72,62,3.41,2.19,1.0,3.61,1.6,1.2,1.2,1.4
2,2021-04-25,9,61,128,3.8,1.91,1.0,3.91,0.4,1.2,1.4,1.0
0,2021-04-25,9,60,92,2.92,2.49,2.0,3.31,0.8,1.2,1.0,1.4
2,2021-04-25,10,21,78,6.04,1.71,2.0,3.35,1.4,1.0,0.6,0.8
2,2021-04-25,10,33,4,4.66,1.89,1.2,3.24,1.4,1.0,1.0,1.2
2,2021-04-25,10,96,117,3.34,2.44,0.8,3.06,1.6,1.4,1.8,1.0
0,2021-04-25,10,3,34,2.62,2.82,1.0,3.31,1.4,1.2,1.8,1.8
2,2021-04-25,4,103,69,2.63,2.77,1.4,3.27,1.2,1.0,1.2,1.0
0,2021-04-25,4,12,47,3.47,2.23,1.4,3.22,1.4,1.0,1.2,1.0
2,2021-04-25,10,50,2,2.06,3.68,0.8,3.63,1.6,1.2,2.2,1.8
2,2021-04-25,10,17,82,5.11,1.63,1.0,4.29,0.8,1.4,1.4,1.2
0,2021-04-25,1,122,88,1.32,7.85,1.8,6.11,2.4,2.0,2.6,2.2
2,2021-04-25,1,86,104,5.78,1.48,1.2,5.15,1.4,2.0,1.2,1.6
2,2021-04-25,1,100,56,2.06,3.46,1.0,3.72,0.8,0.8,1.2,0.6
2,2021-04-26,10,71,66,1.54,5.91,2.0,4.36,2.6,2.0,1.8,2.8
2,2021-04-26,4,80,52,5.15,1.68,1.4,3.95,0.6,0.8,1.0,0.8
2,2021-04-26,10,37,120,2.6,2.95,1.6,2.97,0.6,0.8,0.6,0.4
2,2021-04-27,1,48,8,3.58,2.06,1.6,3.58,1.0,1.2,1.0,0.6
1,2021-04-27,1,99,83,2.67,2.69,0.2,3.42,2.2,0.4,1.2,1.8
2,2021-04-27,4,75,89,3.35,2.19,2.0,3.51,1.4,1.4,1.0,1.2
1,2021-04-27,1,13,5,4.0,1.92,2.0,3.65,1.2,1.6,0.8,0.4
2,2021-04-27,10,32,111,3.68,2.2,1.4,3.05,2.0,1.0,1.2,0.8
0,2021-04-27,10,35,43,3.26,2.58,1.2,2.82,1.6,1.2,1.4,1.4
1,2021-04-28,1,88,122,7.86,1.33,2.4,6.06,1.2,2.4,1.0,1.2
1,2021-04-28,10,21,10,3.55,2.52,2.4,2.68,1.2,1.4,0.6,0.6
1,2021-04-28,1,56,100,3.97,2.01,0.8,3.58,1.4,0.8,1.8,1.4
2,2021-04-28,10,91,4,5.89,1.68,1.0,3.65,1.2,0.6,1.0,1.2
2,2021-04-28,10,18,33,8.02,1.47,2.0,4.18,1.6,1.2,0.4,1.2
0,2021-04-28,1,104,86,1.51,5.35,1.2,5.13,1.6,1.4,2.2,2.6
0,2021-04-29,10,78,120,1.94,4.06,1.4,3.45,0.6,0.6,0.8,0.4
2,2021-04-29,10,28,37,3.4,2.33,0.2,3.08,1.6,0.4,1.8,0.8
2,2021-04-29,10,114,38,3.06,2.45,1.4,3.2,1.6,0.6,0.4,1.2
1,2021-04-30,10,43,32,2.78,2.9,2.0,2.89,2.0,1.8,0.8,1.6
0,2021-04-30,4,11,75,2.01,3.7,0.0,3.65,2.0,0.8,2.4,1.2
2,2021-04-30,10,2,62,3.98,1.84,1.6,4.0,1.0,1.8,1.6,1.0
1,2021-04-30,10,50,117,2.13,3.68,1.4,3.33,1.6,1.2,1.8,1.0
0,2021-05-01,10,111,21,3.65,2.36,1.4,2.87,2.0,0.6,1.0,1.2
2,2021-05-01,10,33,91,2.59,3.05,1.0,2.93,1.6,1.0,1.4,0.8
1,2021-05-01,6,19,112,5.79,1.65,1.2,3.94,1.2,1.4,1.4,1.6
0,2021-05-01,6,54,95,3.71,2.0,0.8,3.82,1.8,1.0,2.2,2.2
0,2021-05-01,9,116,61,2.3,3.13,1.4,3.39,1.4,1.4,1.0,1.6
2,2021-05-01,6,85,30,2.42,3.0,1.8,3.35,2.0,0.8,0.8,2.4
2,2021-05-01,6,81,6,2.21,3.29,0.0,3.49,2.0,0.0,3.4,2.2
2,2021-05-01,9,16,98,2.92,2.19,1.6,4.02,1.0,2.8,1.8,0.4
1,2021-05-01,4,47,103,3.52,2.37,2.0,2.92,2.0,1.2,0.6,1.4
2,2021-05-01,4,23,80,4.9,1.75,2.4,3.7,1.4,2.4,1.4,0.6
2,2021-05-01,4,52,105,2.75,2.53,0.6,3.62,0.8,0.8,1.6,2.0
0,2021-05-01,4,70,12,2.16,3.76,0.8,3.17,0.8,0.4,0.8,0.8
2,2021-05-02,4,69,64,9.24,1.35,1.2,5.18,1.4,1.2,1.2,1.6
0,2021-05-02,10,10,78,6.11,1.6,1.2,3.8,0.8,0.6,0.4,0.2
2,2021-05-02,10,66,71,10.62,1.25,2.0,6.56,2.0,2.2,1.0,2.2
2,2021-05-02,9,92,125,2.08,3.18,1.4,3.99,3.0,1.4,2.4,2.4
2,2021-05-02,6,53,115,3.11,2.44,1.8,3.21,1.0,1.2,1.2,1.2
2,2021-05-02,6,127,59,7.33,1.42,2.6,4.99,3.0,3.0,1.0,2.8
1,2021-05-02,4,26,24,4.45,1.76,2.6,4.03,1.2,1.8,1.0,1.2
2,2021-05-02,10,4,114,1.62,6.6,0.6,3.52,1.8,0.8,1.8,1.0
2,2021-05-02,10,82,17,2.34,3.07,0.2,3.57,1.4,0.8,2.0,1.6
2,2021-05-02,10,96,72,2.69,2.74,1.4,3.28,1.0,1.4,1.4,1.2
1,2021-05-02,9,94,57,1.96,3.78,0.8,3.6,1.4,1.6,2.6,1.4
0,2021-05-02,10,37,35,2.94,2.64,1.6,3.07,0.6,0.8,0.8,0.6
0,2021-05-02,10,120,28,4.24,1.94,1.2,3.4,0.8,0.8,0.8,0.8
2,2021-05-02,6,39,101,,1.06,1.2,,0.0,1.6,1.6,0.6
2,2021-05-02,9,128,60,2.74,2.69,0.4,3.31,1.4,1.2,2.0,0.8
0,2021-05-03,6,9,97,1.78,4.59,1.2,3.9,1.8,1.0,1.0,1.8
2,2021-05-03,10,34,3,3.7,2.02,2.0,3.56,0.8,2.0,1.8,1.2
0,2021-05-03,4,110,22,2.99,2.49,1.8,3.23,2.0,0.8,0.4,1.6
1,2021-05-03,4,89,79,5.62,1.64,0.8,3.93,2.2,1.0,1.2,2.8
1,2021-05-03,10,38,18,2.69,2.88,1.4,3.03,2.0,1.2,1.2,1.4
1,2021-05-04,10,21,43,3.79,2.35,2.6,2.77,1.6,1.2,0.0,1.6
0,2021-05-05,10,10,111,3.13,2.5,1.0,2.92,1.2,0.8,0.8,0.6
0,2021-05-05,10,78,28,1.71,4.92,0.8,3.8,1.4,0.4,1.4,1.0
2,2021-05-05,10,91,114,2.79,2.9,1.4,2.99,1.6,0.8,0.8,1.0
1,2021-05-05,10,35,120,2.86,2.78,1.2,2.93,1.2,0.8,1.4,1.0
2,2021-05-06,10,32,37,3.81,2.21,1.6,2.97,1.4,1.2,0.6,0.6
0,2021-05-06,10,4,18,1.34,9.78,0.6,4.96,2.0,0.4,1.6,1.6
0,2021-05-06,10,33,38,1.88,4.34,1.4,3.36,1.4,1.2,1.4,1.2
2,2021-05-07,6,95,81,9.6,1.35,1.8,5.04,0.6,1.8,1.4,0.2
2,2021-05-07,10,72,2,2.55,2.69,0.8,3.56,1.6,1.0,1.4,2.0
2,2021-05-07,6,6,101,,1.06,1.4,,0.0,1.8,1.2,0.6
0,2021-05-08,6,9,85,2.78,2.81,1.2,3.11,2.4,1.2,1.0,1.0
1,2021-05-08,6,59,30,2.72,2.72,2.4,3.33,1.4,2.8,1.8,1.8
2,2021-05-08,6,19,54,3.94,1.81,1.4,4.31,0.8,1.2,1.0,0.8
2,2021-05-08,9,125,16,5.49,1.57,2.4,4.71,2.2,2.0,0.8,2.8
1,2021-05-08,1,48,83,4.17,1.87,2.2,3.98,1.8,1.2,0.6,1.2
1,2021-05-08,6,112,127,2.22,3.39,1.4,3.51,2.6,1.8,1.6,3.6
2,2021-05-08,10,43,10,2.99,2.58,1.6,2.99,0.8,1.6,1.0,1.0
2,2021-05-08,1,5,99,3.14,2.35,0.8,3.36,0.4,0.2,1.0,0.4
0,2021-05-08,9,60,116,3.14,2.45,1.2,3.12,0.8,0.6,1.4,1.2
2,2021-05-08,1,8,13,2.16,3.3,1.0,3.61,1.6,0.8,1.0,1.2
2,2021-05-08,10,28,35,3.76,2.08,1.8,3.3,1.4,1.4,1.4,0.8
0,2021-05-09,10,82,3,2.3,3.39,0.8,3.36,0.8,1.4,2.0,1.6
2,2021-05-09,4,12,103,4.24,2.03,1.4,3.23,1.6,1.4,1.0,1.2
2,2021-05-09,10,17,66,2.28,3.01,1.4,3.68,2.0,2.0,1.8,2.6
2,2021-05-09,4,89,80,5.66,1.7,1.0,3.6,1.4,0.8,0.8,0.6
0,2021-05-09,9,98,94,4.99,1.65,0.8,4.31,1.0,0.2,1.0,1.8
1,2021-05-09,1,56,104,7.68,1.38,1.0,5.52,0.6,0.8,1.4,1.4
0,2021-05-09,1,86,122,5.17,1.63,1.6,4.47,1.4,1.6,1.2,1.2
1,2021-05-09,9,57,128,3.71,1.91,1.0,4.05,0.8,1.2,1.4,1.6
2,2021-05-09,9,61,92,2.88,2.34,2.0,3.81,1.8,1.8,1.2,1.6
2,2021-05-09,10,117,96,4.06,2.06,1.6,3.23,2.0,1.6,1.0,1.4
0,2021-05-09,10,62,50,4.57,1.72,0.8,4.09,1.4,1.0,2.0,1.6
0,2021-05-09,10,111,78,7.55,1.46,1.2,4.13,0.6,0.8,1.4,0.6
2,2021-05-09,10,120,32,3.95,2.08,1.4,3.21,2.0,1.0,0.6,1.8
0,2021-05-09,10,114,33,5.38,1.72,1.4,3.64,1.4,1.0,1.0,1.2
0,2021-05-09,1,100,88,1.35,7.71,1.6,5.79,2.0,1.2,0.8,2.0
1,2021-05-10,10,71,34,1.65,4.5,1.4,4.55,2.0,1.8,2.6,2.2
2,2021-05-10,4,75,47,3.66,2.22,2.0,3.12,2.0,2.0,1.2,1.0
2,2021-05-10,6,97,53,10.99,1.3,1.8,5.83,1.8,1.2,1.6,0.8
2,2021-05-10,6,115,39,2.68,2.99,1.0,2.94,1.2,1.0,1.0,1.2
1,2021-05-10,10,37,21,3.19,2.67,1.2,2.77,2.2,0.4,1.2,1.0
0,2021-05-10,10,18,91,6.85,1.6,2.0,3.52,1.8,1.2,0.6,1.2
1,2021-05-10,10,38,4,16.93,1.22,1.4,6.18,0.6,1.4,1.2,0.4
1,2021-05-10,4,23,105,6.78,1.5,2.4,4.45,0.6,2.4,1.4,1.2
1,2021-05-11,1,83,5,2.58,2.8,1.4,3.28,1.4,1.0,0.8,0.6
1,2021-05-11,1,99,8,2.59,2.72,0.4,3.42,1.0,0.4,1.2,1.0
2,2021-05-11,1,13,48,3.37,2.05,1.6,3.81,1.8,1.4,1.0,1.2
2,2021-05-11,9,16,60,4.2,1.86,1.6,3.73,0.6,2.0,1.2,0.4
0,2021-05-11,9,116,125,1.78,4.34,0.8,3.97,2.4,1.0,1.2,2.0
0,2021-05-12,1,122,56,1.92,3.64,2.0,4.03,0.6,1.4,0.8,1.0
2,2021-05-12,1,88,86,10.8,1.24,2.0,6.39,1.6,2.0,1.2,1.8
1,2021-05-12,9,128,98,2.27,2.97,1.0,3.6,0.8,1.8,1.8,0.2
1,2021-05-12,9,94,61,2.22,3.07,1.6,3.68,2.6,2.4,1.6,1.8
0,2021-05-12,9,92,57,3.46,2.03,1.2,3.85,1.2,1.2,2.8,1.6
0,2021-05-12,1,104,100,2.26,3.04,0.8,3.66,1.0,1.6,2.8,0.8
2,2021-05-13,4,12,79,4.96,1.84,1.4,3.25,2.2,1.4,1.0,2.0
2,2021-05-13,4,105,26,2.2,3.37,0.8,3.27,2.2,1.4,1.8,1.4
2,2021-05-14,4,75,22,3.06,2.49,2.4,3.18,2.0,2.4,1.2,1.6
0,2021-05-14,10,21,120,1.99,4.2,1.8,3.14,1.4,0.8,0.2,1.0
2,2021-05-14,10,4,33,2.01,3.86,0.8,3.39,1.8,0.8,1.2,1.6
2,2021-05-14,4,89,69,2.83,2.65,1.4,3.08,1.2,1.6,0.6,1.0
1,2021-05-14,10,117,72,2.78,2.51,1.6,3.47,1.4,2.2,1.4,1.2
2,2021-05-15,1,48,5,2.92,2.41,1.2,3.31,1.6,1.2,1.4,0.6
2,2021-05-15,1,13,99,4.86,1.66,1.6,4.14,0.6,1.6,1.0,0.8
2,2021-05-15,9,16,128,4.49,1.74,1.6,4.13,1.0,1.4,1.2,1.8
2,2021-05-15,9,60,94,3.07,2.28,0.6,3.54,1.6,0.4,1.6,2.2
2,2021-05-15,9,98,57,3.3,2.15,0.8,3.6,1.2,0.6,1.6,2.0
0,2021-05-15,9,116,92,2.11,3.33,0.8,3.61,1.2,0.8,1.2,1.4
2,2021-05-15,9,125,61,5.63,1.53,2.4,4.52,2.6,1.8,0.8,2.0
0,2021-05-15,10,78,35,2.13,3.6,1.2,3.27,1.4,1.0,1.8,0.6
0,2021-05-15,10,10,37,3.32,2.28,0.2,3.12,0.8,0.6,1.4,0.2
0,2021-05-15,10,114,18,2.4,3.38,1.2,2.91,1.4,1.2,1.4,1.0
2,2021-05-15,1,8,83,3.95,1.96,1.0,3.49,1.4,1.6,1.8,1.0
0,2021-05-16,1,56,88,2.38,2.79,1.2,3.75,2.0,1.8,1.4,2.0
2,2021-05-16,1,100,86,2.22,3.02,1.4,3.86,1.4,1.4,1.4,1.8
1,2021-05-16,1,104,122,2.18,3.0,0.8,3.96,1.4,2.0,3.0,1.0
2,2021-05-16,10,111,43,3.93,2.04,0.6,3.37,2.2,0.8,1.8,2.0
0,2021-05-16,10,32,28,2.85,3.06,2.0,2.79,2.4,1.8,0.6,1.8
1,2021-05-16,10,91,38,2.48,3.01,2.4,3.09,1.0,1.4,0.6,1.4
1,2021-05-16,10,2,50,7.17,1.46,1.4,4.85,1.4,1.6,1.0,1.8
2,2021-05-16,6,30,19,2.23,3.15,1.0,3.61,1.4,1.0,1.0,1.4
0,2021-05-16,6,39,54,2.39,2.87,1.2,3.54,0.8,0.8,1.2,1.0
1,2021-05-16,6,53,95,1.73,4.59,1.8,3.95,2.4,1.0,1.0,2.2
2,2021-05-16,6,59,115,8.93,1.38,2.0,4.76,1.0,2.4,1.8,0.8
1,2021-05-16,6,85,81,7.09,1.5,2.4,4.15,0.6,1.6,0.6,0.4
0,2021-05-16,6,101,127,,24.54,0.0,,2.2,0.6,3.0,3.2
2,2021-05-16,6,112,9,4.33,2.05,1.6,2.99,1.2,1.8,0.8,1.6
2,2021-05-16,4,79,12,2.86,2.75,1.6,2.98,2.0,1.4,0.6,1.4
2,2021-05-16,4,26,105,9.45,1.39,1.6,4.61,1.4,1.4,1.2,1.6
2,2021-05-16,10,3,71,5.46,1.56,1.4,4.53,1.0,1.6,1.4,1.4
1,2021-05-16,10,66,82,12.86,1.24,1.4,6.43,0.8,2.0,1.4,0.8
1,2021-05-16,6,6,97,2.02,3.71,1.4,3.55,1.8,1.4,1.4,1.0
2,2021-05-16,10,34,17,3.86,1.94,1.6,3.95,2.0,2.0,2.2,2.4
1,2021-05-17,4,69,89,5.09,1.64,0.6,4.04,2.0,0.8,1.4,2.0
2,2021-05-17,4,22,75,4.36,1.84,1.4,3.79,3.0,1.4,1.6,2.8
2,2021-05-17,10,96,62,4.33,1.74,2.0,4.3,0.6,1.4,1.0,1.2
0,2021-05-18,10,33,18,1.53,6.16,1.2,4.2,2.0,1.8,2.4,1.4
2,2021-05-19,10,35,32,3.41,2.25,1.4,3.18,1.4,0.6,0.8,1.8
1,2021-05-19,10,28,21,5.12,1.75,3.0,3.47,1.2,2.0,0.6,0.4
2,2021-05-19,10,34,66,2.88,2.35,2.0,3.62,1.4,2.0,2.0,2.2
2,2021-05-19,10,71,82,2.89,2.24,0.8,3.91,0.8,1.2,2.6,1.0
0,2021-05-19,10,38,114,1.79,4.99,1.2,3.56,0.6,1.6,1.6,1.0
2,2021-05-19,10,120,10,4.19,2.01,2.0,3.43,0.2,1.4,0.4,0.6
2,2021-05-19,10,43,78,15.14,1.23,1.6,5.92,1.2,1.2,1.0,1.0
1,2021-05-19,10,37,111,3.63,2.07,0.8,3.56,1.2,0.6,1.2,1.0
2,2021-05-19,10,2,117,4.19,1.82,1.4,3.85,1.6,1.6,1.0,2.4
0,2021-05-20,10,62,72,2.63,2.58,0.0,3.64,1.4,0.6,2.6,1.4
2,2021-05-20,10,4,91,1.5,6.32,1.4,4.18,2.0,1.4,1.4,1.4
0,2021-05-20,10,50,96,1.98,3.57,1.6,3.82,2.4,1.8,2.0,1.6
1,2021-05-20,4,75,26,2.78,2.76,2.4,3.13,1.6,3.0,1.6,1.8
0,2021-05-20,10,3,17,2.54,2.73,1.8,3.74,1.8,1.8,1.2,2.2
2,2021-05-21,1,83,13,2.32,2.87,1.2,3.73,2.0,0.6,1.0,1.6
0,2021-05-21,9,92,98,6.96,1.36,1.8,5.22,1.4,1.4,1.8,1.6
2,2021-05-21,9,94,16,2.9,2.16,1.0,4.27,2.0,1.4,1.4,2.0
2,2021-05-21,9,128,116,2.19,2.98,1.0,3.86,0.6,1.6,2.2,0.8
1,2021-05-21,1,5,8,1.44,6.55,1.0,4.63,1.6,0.4,0.8,2.2
0,2021-05-21,9,61,60,3.51,1.95,2.0,3.95,0.6,2.2,1.6,0.6
2,2021-05-21,4,89,79,5.87,1.63,1.6,3.8,1.6,1.6,0.6,1.0
0,2021-05-21,1,99,48,2.34,2.85,0.4,3.83,1.6,1.0,1.8,1.6
0,2021-05-21,9,57,125,1.78,3.9,1.2,4.23,2.4,2.0,2.4,2.4
2,2021-05-22,1,86,56,2.71,2.39,1.2,4.0,1.0,1.8,2.0,2.0
2,2021-05-22,1,88,104,18.55,1.11,2.6,11.81,0.4,2.6,1.0,1.8
0,2021-05-22,1,122,100,2.01,3.35,1.0,4.07,2.0,1.2,2.0,2.2
2,2021-05-23,4,26,75,4.81,1.81,1.6,3.57,2.0,1.6,1.2,2.8
0,2021-05-24,10,96,2,2.23,3.13,2.4,3.61,1.4,1.8,1.0,1.4
1,2021-05-24,10,117,62,3.06,2.22,1.0,3.9,0.0,2.0,2.0,0.8
2,2021-05-24,10,66,3,11.69,1.25,0.8,6.37,1.2,1.8,2.2,1.6
2,2021-05-24,4,79,89,3.29,2.24,1.0,3.46,2.2,0.2,0.8,2.2
2,2021-05-24,10,17,71,7.17,1.4,1.8,5.66,1.4,2.0,1.6,1.6
0,2021-05-24,1,48,13,2.53,2.75,2.0,3.65,1.4,1.4,1.0,1.6
2,2021-05-24,10,82,34,1.63,4.8,0.8,4.67,2.6,1.2,1.6,2.6
2,2021-05-24,10,72,50,5.79,1.58,2.0,4.28,1.6,1.4,1.0,2.0
2,2021-05-25,10,18,38,10.38,1.28,2.0,5.77,1.2,1.2,0.6,1.6
1,2021-05-26,10,114,4,5.29,1.65,0.6,4.05,2.0,0.8,1.8,1.8
2,2021-05-26,1,0,99,3.48,2.11,0.0,3.52,0.4,0.0,0.0,0.8
0,2021-05-27,2,102,94,2.45,2.77,0.0,3.51,0.0,0.0,0.0,0.0
0,2021-05-27,10,21,120,2.76,3.12,1.2,2.82,2.0,0.4,0.6,1.0
2,2021-05-27,10,91,33,3.65,2.0,1.4,3.67,1.2,1.4,1.2,1.8
2,2021-05-27,1,13,122,2.84,2.38,1.8,3.67,1.0,2.2,1.4,1.2
0,2021-05-28,4,89,26,3.34,2.5,2.0,2.92,1.6,2.2,0.6,1.2
1,2021-05-28,10,3,2,3.43,2.23,1.2,3.25,2.0,1.4,2.0,2.2
0,2021-05-29,10,20,37,1.96,4.0,0.0,3.4,1.0,0.0,0.0,0.6
1,2021-05-29,10,67,35,2.62,2.9,0.5,3.04,2.0,0.5,1.5,0.6
0,2021-05-29,1,99,0,2.41,2.68,0.2,4.0,3.0,0.8,2.4,4.0
0,2021-05-30,1,122,13,2.73,2.41,0.8,3.81,2.4,1.0,2.6,2.6
0,2021-05-30,2,94,102,3.69,1.93,3.0,3.86,0.0,4.0,1.0,1.0
2,2021-05-30,10,91,120,5.36,1.74,2.0,3.51,2.6,1.4,0.8,1.4
1,2021-05-31,4,26,89,4.15,1.93,2.0,3.51,1.4,1.2,0.6,1.2
0,2021-06-02,10,35,67,6.27,1.56,1.6,3.79,0.6666666666666666,0.4,0.4,0.3333333333333333
2,2021-06-03,10,37,20,12.14,1.24,1.6,5.99,0.0,1.0,0.8,1.0
1,2021-07-15,10,33,38,1.98,3.79,0.6,3.63,1.0,1.4,2.2,1.4
2,2021-07-16,10,91,4,6.86,1.55,2.0,3.92,1.6,1.2,0.8,1.6
2,2021-07-16,10,18,108,8.07,1.45,2.4,4.12,0.0,1.4,0.4,0.0
0,2021-07-16,10,66,72,5.0,1.72,1.4,3.91,2.0,2.2,1.6,1.8
2,2021-07-17,10,43,67,3.62,2.15,1.6,3.25,1.25,1.6,1.2,0.75
2,2021-07-17,10,114,32,6.98,1.56,0.8,3.71,0.8,0.8,1.6,1.0
0,2021-07-18,10,71,119,2.34,2.85,0.8,3.77,0.0,1.0,2.2,0.0
1,2021-07-18,10,111,41,3.45,2.18,1.4,3.21,0.0,0.8,0.8,0.0
2,2021-07-18,10,36,21,3.68,2.41,0.0,3.08,0.6,0.0,0.0,0.6
1,2021-07-18,10,3,17,3.04,2.42,1.4,3.38,1.8,1.2,1.6,2.0
1,2021-07-18,10,34,2,4.74,1.73,2.0,4.06,1.6,2.4,1.8,1.6
0,2021-07-18,10,117,82,2.27,3.22,1.2,3.48,1.4,2.4,2.2,1.6
2,2021-07-19,10,28,37,2.37,3.39,2.6,3.13,2.2,1.6,0.6,1.8
1,2021-07-19,10,93,96,3.5,2.1,1.4,3.54,1.8,1.2,0.8,1.6
0,2021-07-23,10,67,36,2.52,3.05,1.0,3.03,3.0,0.6,1.0,1.0
1,2021-07-23,4,80,22,2.17,3.67,1.4,3.26,1.4,0.6,1.4,1.6
0,2021-07-23,1,100,88,1.7,4.83,2.0,4.11,2.6,2.2,1.4,3.0
0,2021-07-23,10,32,111,3.14,2.53,0.6,2.96,1.6,0.8,1.0,0.8
0,2021-07-23,6,39,30,2.39,3.21,1.2,3.25,1.4,1.0,1.6,1.2
0,2021-07-24,10,37,33,2.84,2.83,2.0,2.99,0.8,2.2,0.8,1.2
0,2021-07-24,10,4,18,1.6,6.35,1.6,3.71,2.4,1.6,1.6,1.8
0,2021-07-24,4,70,89,2.63,2.81,0.2,3.26,1.0,0.4,1.8,1.0
0,2021-07-24,4,52,105,2.94,2.49,1.2,3.36,1.4,1.0,1.4,1.6
2,2021-07-24,4,75,23,3.17,2.26,1.4,3.53,2.0,1.8,1.6,2.4
0,2021-07-24,6,53,127,1.32,9.89,1.4,5.82,2.2,0.8,1.0,3.8
2,2021-07-24,6,59,9,6.13,1.63,2.0,3.87,0.6,2.2,1.8,1.6
0,2021-07-24,9,57,98,3.06,2.19,1.0,3.93,1.4,1.8,2.6,1.8
0,2021-07-24,1,86,48,8.29,1.36,1.2,5.45,1.4,1.6,2.0,1.0
0,2021-07-24,1,8,56,1.56,5.87,1.6,4.4,1.0,2.0,1.4,1.8
1,2021-07-24,1,104,5,3.37,2.08,0.4,3.57,1.2,1.8,3.0,0.6
0,2021-07-24,9,61,125,2.16,3.21,1.4,3.75,2.4,1.8,1.8,2.8
2,2021-07-24,6,85,97,2.04,3.51,2.0,3.77,2.0,1.6,0.8,1.4
0,2021-07-24,10,2,66,2.49,2.82,1.8,3.53,0.8,2.0,1.0,1.8
1,2021-07-25,10,17,119,3.62,2.04,2.0,3.61,3.0,1.8,1.0,2.0
1,2021-07-25,1,0,122,2.38,2.92,3.0,3.66,0.2,2.5,0.0,0.8
0,2021-07-25,4,47,11,5.11,1.82,2.0,3.35,0.0,1.4,1.0,1.0
1,2021-07-25,4,110,12,2.15,3.45,1.2,3.42,1.8,0.6,0.6,1.4
2,2021-07-25,10,38,114,3.44,2.25,0.6,3.24,1.4,0.8,1.4,1.0
1,2021-07-25,10,71,3,2.64,2.66,0.8,3.57,1.0,1.2,2.0,1.2
2,2021-07-25,1,83,13,2.21,3.09,1.2,3.78,2.4,0.8,1.2,2.4
1,2021-07-25,10,34,93,5.89,1.53,1.6,4.42,1.4,2.2,1.8,1.2
1,2021-07-25,10,82,72,3.73,2.07,1.4,3.53,2.6,1.2,1.0,2.2
2,2021-07-25,10,41,43,5.23,1.88,1.0,3.35,2.0,0.0,0.0,1.6
0,2021-07-25,6,55,6,3.86,2.07,1.6,3.52,1.6,1.4,0.8,1.8
2,2021-07-25,6,19,112,5.92,1.66,0.8,3.81,1.6,1.4,1.6,1.6
0,2021-07-25,9,60,128,3.34,2.16,1.2,3.59,1.6,1.0,1.8,2.2
0,2021-07-25,9,94,92,2.25,2.92,1.6,3.91,1.2,2.0,1.0,1.4
0,2021-07-25,6,115,54,2.19,3.53,0.8,3.4,1.4,0.4,0.8,1.6
0,2021-07-25,9,45,16,2.01,3.59,0.0,3.63,1.8,0.0,0.0,1.4
2,2021-07-26,10,108,28,4.09,1.94,0.0,3.48,2.6,2.0,3.0,1.8
2,2021-07-26,10,96,117,3.05,2.41,1.4,3.4,1.0,1.2,1.8,1.8
1,2021-07-26,10,21,91,2.13,4.13,0.4,2.94,2.0,0.4,1.2,1.4
2,2021-07-26,6,76,95,2.1,4.21,0.0,3.05,2.6,0.0,0.0,2.0
1,2021-07-26,4,69,79,5.23,1.72,0.8,3.72,1.4,1.0,1.4,0.4
0,2021-07-26,4,24,103,3.13,2.42,0.8,3.22,1.6,0.8,1.4,1.0
0,2021-07-27,4,26,64,8.87,1.41,2.2,4.49,1.4,1.2,0.4,1.6
1,2021-07-30,10,36,41,3.7,2.2,3.0,3.14,2.0,1.5,0.0,1.0
0,2021-07-30,6,9,85,2.24,3.33,0.0,3.41,2.0,1.0,2.4,1.6
1,2021-07-30,10,43,32,2.77,2.9,1.8,2.81,0.0,1.4,1.2,0.2
0,2021-07-30,6,55,97,2.08,3.77,1.4,3.44,2.0,1.6,1.2,1.4
0,2021-07-31,1,48,8,3.85,2.0,1.8,3.52,1.6,1.2,1.2,1.8
2,2021-07-31,1,5,0,3.09,2.32,1.2,3.5,2.3333333333333335,0.8,0.8,2.0
2,2021-07-31,10,18,21,9.17,1.45,3.0,3.99,0.4,2.2,0.8,0.6
0,2021-07-31,6,112,30,2.11,3.8,1.0,3.22,1.4,1.0,1.2,1.0
2,2021-07-31,4,23,24,6.72,1.54,1.4,4.3,0.8,1.8,2.2,1.0
0,2021-07-31,4,79,47,4.2,2.05,1.4,3.17,1.4,0.6,1.0,1.2
2,2021-07-31,4,64,75,2.28,3.45,2.0,3.14,1.4,1.8,1.2,1.8
1,2021-07-31,1,56,86,3.41,2.06,1.4,3.81,0.6,2.0,2.2,1.0
0,2021-07-31,6,19,59,3.63,2.15,1.4,3.39,2.0,1.4,1.2,2.0
2,2021-07-31,10,37,108,2.87,2.49,1.4,3.32,1.5,1.6,1.0,1.5
2,2021-07-31,9,128,57,3.77,2.02,1.6,3.66,0.8,2.0,1.8,1.8
1,2021-07-31,9,125,45,9.27,1.32,3.0,5.43,0.0,3.4,1.4,0.0
0,2021-07-31,10,119,66,2.24,3.15,2.0,3.57,1.4,1.5,1.0,1.8
2,2021-08-01,4,12,52,7.63,1.46,2.0,4.37,0.6,1.4,0.4,0.8
2,2021-08-01,4,105,103,3.65,2.09,1.4,3.54,1.6,1.6,1.6,0.8
2,2021-08-01,4,22,70,7.06,1.53,1.4,4.24,0.2,1.4,1.6,0.2
2,2021-08-01,4,69,110,7.98,1.42,1.0,4.6,1.2,1.0,1.2,0.2
1,2021-08-01,10,93,2,2.89,2.44,1.6,3.66,1.6,1.0,0.4,1.8
0,2021-08-01,10,3,82,2.48,2.87,0.6,3.41,1.6,0.6,1.6,1.4
1,2021-08-01,9,98,61,3.5,1.97,2.0,4.05,0.8,2.2,1.4,2.0
0,2021-08-01,10,114,33,5.62,1.74,1.4,3.54,0.8,0.8,1.4,0.8
1,2021-08-01,10,111,38,1.96,3.98,1.6,3.34,1.0,0.6,0.4,1.2
0,2021-08-01,1,122,100,2.22,3.04,0.4,3.79,1.8,1.0,2.2,2.4
2,2021-08-01,1,88,83,22.62,1.1,3.0,10.69,1.6,3.4,0.8,1.2
2,2021-08-01,9,16,94,5.78,1.55,1.8,4.27,1.4,1.6,1.2,2.0
1,2021-08-01,1,13,104,3.64,1.99,1.8,3.9,0.6,2.2,1.2,1.6
0,2021-08-01,10,72,34,2.54,2.79,2.2,3.56,1.6,2.2,1.0,1.8
1,2021-08-01,10,117,17,2.43,2.89,0.4,3.55,1.6,1.0,1.8,1.4
1,2021-08-01,6,115,76,4.06,2.12,0.8,3.07,3.0,0.4,1.2,1.0
0,2021-08-01,6,39,127,1.48,6.91,1.2,4.49,2.6,0.8,1.2,4.0
0,2021-08-01,6,54,53,6.36,1.56,1.8,4.38,1.4,1.8,1.4,0.8
0,2021-08-01,9,92,60,4.19,1.94,1.2,3.4,1.2,1.4,2.2,1.0
0,2021-08-02,6,6,95,2.83,2.65,1.6,3.22,2.0,1.6,1.2,1.6
2,2021-08-02,10,28,4,2.85,2.68,2.0,3.2,1.4,1.4,0.8,1.4
0,2021-08-02,10,91,67,6.43,1.63,2.0,3.68,1.0,1.2,0.6,0.6
1,2021-08-02,4,89,26,3.74,2.1,1.4,3.33,1.6,1.4,0.6,0.6
0,2021-08-02,10,96,71,3.22,2.3,2.0,3.48,0.8,1.0,1.0,0.8
1,2021-08-03,4,11,80,3.49,2.28,0.6,3.15,1.0,1.4,3.0,0.4
2,2021-08-06,10,93,119,3.09,2.28,1.8,3.68,1.3333333333333333,1.0,0.2,1.0
2,2021-08-06,10,66,117,5.22,1.59,1.8,4.47,0.4,2.0,1.2,1.0
1,2021-08-06,6,112,59,2.43,3.21,1.0,3.26,2.0,1.0,1.2,1.4
0,2021-08-06,4,80,23,2.14,3.4,1.0,3.45,1.4,0.6,1.6,1.8
2,2021-08-06,10,33,111,3.5,2.25,1.4,3.07,1.8,0.6,0.6,0.6
0,2021-08-06,10,67,18,1.73,5.31,1.4,3.5,3.0,0.8,1.0,1.8
2,2021-08-07,9,94,125,1.47,6.34,0.8,4.69,2.6,1.6,2.4,3.0
1,2021-08-07,4,64,69,2.23,3.39,2.0,3.31,1.6,1.6,1.0,1.2
0,2021-08-07,4,70,26,2.44,3.09,0.2,3.21,1.6,0.4,2.2,0.8
0,2021-08-07,4,24,105,3.92,1.98,0.8,3.65,2.0,0.8,1.4,2.2
1,2021-08-07,4,47,52,5.29,1.78,1.4,3.34,0.6,1.2,1.2,0.4
2,2021-08-07,9,45,57,3.82,1.96,0.5,3.6,0.6,0.0,1.0,1.6
0,2021-08-07,10,32,36,2.86,2.66,0.2,3.02,2.3333333333333335,0.6,1.4,1.0
2,2021-08-07,6,127,54,6.87,1.45,2.6,4.94,1.2,3.6,1.0,1.6
0,2021-08-07,10,4,108,2.58,2.93,0.8,3.1,1.0,0.8,1.6,1.3333333333333333
2,2021-08-07,1,100,8,8.5,1.35,2.4,5.49,1.6,3.0,1.6,1.8
2,2021-08-07,1,83,5,2.29,3.07,1.4,3.49,1.2,1.2,2.6,1.2
2,2021-08-07,6,9,55,2.59,2.92,0.0,3.41,0.8,1.0,2.8,0.8
0,2021-08-07,6,97,76,7.35,1.44,2.0,4.66,2.0,1.4,1.0,1.0
2,2021-08-07,1,0,48,2.62,2.59,1.75,3.78,1.8,1.5,1.25,1.2
2,2021-08-08,9,60,98,3.25,2.29,1.8,3.39,2.2,1.4,1.2,2.6
2,2021-08-08,9,16,92,3.92,1.8,2.4,4.17,1.2,2.8,1.0,1.4
0,2021-08-08,9,61,128,3.28,2.09,0.4,3.93,2.0,1.8,2.8,2.2
1,2021-08-08,6,53,39,2.72,2.86,1.4,3.11,0.6,0.8,1.0,1.0
2,2021-08-08,4,22,79,4.52,1.86,2.0,3.51,1.4,1.6,1.2,0.6
1,2021-08-08,4,103,89,3.75,2.13,1.4,3.28,1.0,1.0,1.2,1.0
0,2021-08-08,4,110,11,3.22,2.33,0.6,3.31,0.8,0.0,0.6,1.4
2,2021-08-08,6,85,6,3.5,2.14,2.6,3.47,1.4,2.2,0.6,1.6
2,2021-08-08,6,30,19,2.83,2.58,2.0,3.22,1.4,1.6,1.2,1.6
2,2021-08-08,10,2,3,3.24,2.25,1.2,3.49,0.6,1.4,0.8,0.6
2,2021-08-08,10,38,43,10.71,1.33,1.0,4.93,1.4,1.0,1.0,1.4
2,2021-08-08,10,21,28,4.12,2.02,0.4,3.33,2.0,0.6,1.2,1.6
2,2021-08-08,10,82,96,5.06,1.72,2.0,3.87,1.4,1.6,1.0,0.6
2,2021-08-08,10,34,17,4.81,1.72,1.6,4.06,1.8,1.8,1.2,1.6
1,2021-08-08,1,104,56,1.89,3.88,0.6,3.79,1.4,1.2,2.2,1.6
2,2021-08-08,1,88,13,19.92,1.13,3.0,9.46,2.0,4.2,0.8,2.0
2,2021-08-08,1,86,122,4.99,1.64,0.8,4.33,0.2,1.0,1.8,0.8
2,2021-08-09,6,95,115,6.1,1.63,2.0,3.9,0.8,1.4,0.8,0.4
2,2021-08-09,10,71,72,2.63,2.59,1.4,3.58,2.0,1.0,1.0,1.8
2,2021-08-09,10,41,91,2.8,2.87,1.6666666666666667,2.98,2.0,0.6666666666666666,0.0,1.2
2,2021-08-09,10,114,37,7.25,1.63,1.4,3.49,1.8,0.8,1.2,2.0
0,2021-08-10,4,75,12,3.35,2.57,0.8,2.9,2.0,1.4,1.4,0.8
0,2021-08-13,10,119,82,2.76,2.74,1.0,3.41,2.6,1.0,2.0,1.6
0,2021-08-13,10,96,66,1.6,5.73,0.8,4.17,2.4,0.2,1.4,2.4
0,2021-08-13,10,17,71,3.21,2.17,1.2,3.87,1.4,1.6,1.6,1.2
2,2021-08-13,10,37,4,3.53,2.35,1.2,3.1,0.2,1.6,1.6,0.6
2,2021-08-13,10,18,41,6.83,1.59,3.0,3.78,2.0,1.8,0.6,0.75
0,2021-08-13,4,11,70,2.64,2.75,1.4,3.32,0.0,1.8,2.2,0.6
2,2021-08-14,6,6,30,2.33,3.08,1.4,3.46,2.6,1.8,1.6,2.0
0,2021-08-14,1,5,88,1.26,11.0,1.0,6.44,3.0,1.4,1.2,4.0
1,2021-08-14,1,48,83,3.56,2.03,1.2,3.71,1.8,1.4,1.8,1.6
1,2021-08-14,1,122,104,4.05,1.84,0.2,4.3,0.8,0.6,2.6,1.0
1,2021-08-14,10,108,21,3.85,2.21,1.5,3.0,0.8,1.5,1.5,0.8
0,2021-08-14,6,76,112,2.51,3.24,2.3333333333333335,2.95,1.0,1.3333333333333333,0.6666666666666666,1.0
2,2021-08-14,6,97,115,8.79,1.4,1.4,4.61,0.8,1.2,1.2,0.4
0,2021-08-14,6,39,19,2.19,3.45,0.2,3.31,1.2,0.8,2.2,1.6
2,2021-08-14,10,111,114,2.48,3.17,1.2,3.03,1.4,0.6,0.6,1.2
1,2021-08-14,4,110,80,2.89,2.67,0.4,3.12,0.4,0.2,1.2,0.4
1,2021-08-14,4,52,24,2.67,2.76,0.8,3.27,0.8,0.8,1.6,0.8
1,2021-08-14,4,79,103,3.09,2.45,0.8,3.19,1.0,0.4,1.6,0.8
0,2021-08-15,10,91,32,6.08,1.68,1.4,3.5,0.2,1.0,0.8,0.4
2,2021-08-15,10,36,38,1.82,4.19,2.5,3.82,1.6,1.0,0.0,1.4
0,2021-08-15,1,56,100,3.42,2.11,1.0,3.71,2.4,1.0,2.0,3.0
1,2021-08-15,1,13,0,5.72,1.59,1.4,4.48,2.0,1.4,1.0,2.0
0,2021-08-15,10,3,34,2.3,3.18,0.6,3.44,1.6,0.6,1.2,1.8
1,2021-08-15,10,72,93,4.09,1.93,1.4,3.79,1.8,1.6,1.4,1.4
0,2021-08-15,4,12,22,3.39,2.39,2.0,3.23,2.0,0.8,0.2,1.8
2,2021-08-15,4,69,75,4.8,1.81,1.2,3.56,0.8,1.2,1.0,1.0
2,2021-08-15,4,26,105,4.21,2.01,1.6,3.28,2.4,1.0,1.0,2.2
2,2021-08-15,4,23,64,6.46,1.59,2.0,4.0,2.0,1.4,1.6,1.8
1,2021-08-15,6,59,127,1.78,4.49,2.2,3.78,2.6,1.4,0.6,3.0
2,2021-08-15,6,54,9,6.71,1.47,1.2,4.66,0.6,1.8,1.6,1.2
1,2021-08-15,6,85,55,2.77,2.54,2.6,3.41,0.8,2.2,0.8,1.0
2,2021-08-15,1,8,86,1.78,4.35,1.4,4.09,1.4,1.4,1.2,1.6
0,2021-08-16,10,28,67,3.0,2.42,1.4,3.18,1.2,1.2,1.0,0.8
1,2021-08-16,4,89,47,4.02,2.05,1.2,3.32,1.0,1.2,0.8,1.4
0,2021-08-16,10,43,33,2.33,3.3,1.4,3.13,2.0,1.6,1.6,1.0
2,2021-08-16,6,95,53,4.87,1.84,2.0,3.52,1.0,1.2,0.6,0.8
0,2021-08-16,10,117,2,2.22,3.14,0.4,3.71,1.2,1.0,2.2,1.0
1,2021-08-17,4,105,64,5.03,1.69,1.8,3.98,1.4,1.8,1.8,1.0
1,2021-08-18,4,24,79,4.06,1.99,0.4,3.48,1.0,0.8,1.6,0.6
2,2021-08-18,4,103,80,5.07,1.77,1.0,3.59,0.6,1.0,1.4,0.2
2,2021-08-18,4,70,110,4.69,1.8,0.6,3.75,0.4,1.0,2.4,0.2
1,2021-08-19,4,26,69,3.55,2.2,1.6,3.28,1.8,1.6,1.0,1.6
1,2021-08-19,4,89,12,3.1,2.54,1.4,3.03,1.4,1.2,0.6,0.6
0,2021-08-19,4,52,22,2.0,3.99,1.0,3.37,2.6,1.0,1.6,1.8
0,2021-08-19,4,47,23,2.74,2.6,1.0,3.37,2.0,1.4,1.6,1.6
1,2021-08-20,10,21,4,4.59,2.03,1.0,2.96,0.0,0.4,0.6,0.6
2,2021-08-20,10,66,93,6.15,1.54,2.4,4.37,1.4,2.0,0.6,1.0
2,2021-08-20,10,41,28,6.74,1.52,1.6,3.97,1.2,0.6,0.2,1.2
1,2021-08-21,10,72,17,3.21,2.24,1.0,3.53,0.6,1.0,1.6,1.2
1,2021-08-21,9,98,94,5.48,1.51,2.0,4.99,1.2,2.4,1.2,1.6
0,2021-08-21,4,64,103,2.41,3.08,1.6,3.27,1.6,1.4,1.4,1.6
1,2021-08-21,4,12,105,5.1,1.73,1.6,3.8,2.0,0.8,0.4,2.0
2,2021-08-21,1,88,0,22.43,1.1,3.0,11.16,1.6,3.2,0.4,1.4
1,2021-08-21,1,104,8,3.87,1.88,0.8,4.14,1.4,1.0,1.8,1.2
0,2021-08-21,10,32,18,1.75,4.86,0.8,3.42,3.0,0.8,1.0,1.6
2,2021-08-21,1,122,5,4.25,1.93,0.4,3.78,1.0,1.0,2.4,1.4
2,2021-08-21,9,128,45,4.01,1.9,2.4,3.71,1.3333333333333333,2.4,1.4,1.0
0,2021-08-21,6,115,30,1.64,5.66,0.2,3.92,2.4,0.2,1.6,2.2
2,2021-08-21,6,19,6,6.13,1.56,1.2,4.36,1.4,1.6,1.6,1.6
1,2021-08-21,6,9,97,1.61,5.57,0.6,4.14,1.4,1.2,2.4,1.0
2,2021-08-21,6,55,95,2.97,2.53,0.8,3.33,2.0,1.2,1.2,1.4
2,2021-08-21,10,114,43,8.87,1.43,1.2,4.28,0.8,1.2,1.4,0.8
1,2021-08-21,6,112,127,1.38,7.91,1.4,5.29,2.6,1.4,1.4,3.2
1,2021-08-22,4,11,26,2.29,3.41,1.4,3.12,1.6,1.4,2.0,1.6
1,2021-08-22,4,69,47,6.42,1.57,1.8,4.09,1.0,1.6,0.8,1.0
2,2021-08-22,4,110,79,2.63,2.92,0.4,3.14,0.6,0.2,1.6,0.6
0,2021-08-22,6,76,39,2.34,3.33,1.75,3.16,0.2,1.25,1.0,1.0
2,2021-08-22,4,22,24,7.51,1.43,2.6,4.96,0.4,1.4,0.4,0.8
1,2021-08-22,10,82,2,2.97,2.35,2.6,3.5,1.6,1.6,0.6,1.0
2,2021-08-22,6,59,54,2.57,2.69,2.2,3.57,1.8,1.6,0.8,2.2
1,2021-08-22,1,56,48,5.66,1.52,1.0,4.85,0.8,0.8,1.6,1.4
2,2021-08-22,1,86,83,8.94,1.31,1.4,5.76,2.0,1.6,1.0,1.8
1,2021-08-22,1,100,13,3.48,2.01,2.4,3.83,1.0,2.8,1.4,1.0
2,2021-08-22,9,92,61,3.92,1.89,1.2,4.14,0.2,1.4,2.2,1.8
1,2021-08-22,9,57,16,1.74,4.16,0.0,4.43,2.4,1.0,3.4,3.4
1,2021-08-22,4,23,89,4.13,1.94,2.4,3.57,1.4,1.8,1.0,1.2
1,2021-08-22,6,53,85,3.27,2.38,1.0,3.39,2.2,0.6,1.4,1.6
0,2021-08-22,10,33,36,3.74,2.16,2.6,3.18,2.6,1.2,0.4,1.0
2,2021-08-22,10,111,37,4.4,1.93,1.6,3.37,1.2,0.8,0.6,1.0
2,2021-08-22,10,34,96,10.73,1.3,2.2,5.82,0.8,2.2,1.0,0.2
2,2021-08-22,10,119,3,2.85,2.46,0.8,3.46,0.4,1.0,2.0,0.6
2,2021-08-23,10,71,117,5.05,1.69,2.0,4.22,0.2,1.4,0.6,0.6
2,2021-08-23,4,70,52,5.33,1.7,1.2,3.86,0.4,1.4,1.4,1.0
0,2021-08-23,4,80,75,2.3,3.37,0.6,3.2,0.6,0.2,1.0,1.2
1,2021-08-23,10,38,91,4.74,1.83,1.6,3.5,0.8,1.4,0.8,0.8
2,2021-08-23,10,67,108,2.89,2.82,1.2,2.96,1.4,0.6,1.0,1.2
2,2021-08-26,6,6,9,5.63,1.72,1.2,3.62,0.8,1.2,1.6,1.2
0,2021-08-26,6,112,55,2.89,2.67,1.0,3.14,0.8,1.2,1.4,0.8
2,2021-08-26,6,127,19,6.67,1.48,2.2,4.7,1.8,2.4,1.4,1.6
0,2021-08-26,6,97,95,4.3,1.92,1.4,3.56,1.8,0.8,0.8,1.4
2,2021-08-27,6,54,85,6.2,1.55,1.2,4.48,2.2,1.8,1.6,1.6
1,2021-08-27,6,30,59,4.17,2.05,2.4,3.6,2.2,1.8,1.0,1.8
2,2021-08-27,10,37,21,2.91,2.86,1.2,2.76,1.2,0.6,1.4,0.8
2,2021-08-27,10,2,71,3.63,2.09,1.6,3.76,2.6,0.8,0.4,1.8
1,2021-08-27,10,108,41,2.84,2.81,1.4,2.84,2.0,0.8,0.8,1.2
1,2021-08-27,6,115,39,2.38,3.41,0.2,3.08,0.8,0.2,1.6,1.2
1,2021-08-27,6,53,76,4.22,2.08,1.0,3.3,1.4,0.8,1.6,1.2
1,2021-08-28,4,24,69,1.99,3.97,0.4,3.51,1.8,0.6,1.6,1.4
2,2021-08-28,4,47,70,4.19,2.01,1.2,3.34,1.8,0.8,1.0,1.6
1,2021-08-28,9,98,128,3.64,1.91,1.6,4.04,3.0,1.6,1.4,2.8
2,2021-08-28,9,94,60,2.59,2.76,1.4,3.38,2.4,1.6,1.8,1.8
2,2021-08-28,1,0,104,2.55,2.58,1.0,3.85,1.0,1.4,2.4,1.0
1,2021-08-28,4,64,11,3.34,2.37,1.0,3.15,1.6,1.0,2.0,1.2
0,2021-08-28,10,36,114,2.44,3.07,2.6,3.12,1.2,1.2,0.0,1.2
0,2021-08-28,1,48,88,1.27,9.17,1.0,6.4,3.0,1.6,1.6,3.0
0,2021-08-28,1,8,122,2.09,3.31,1.4,3.68,1.0,1.0,1.2,1.4
2,2021-08-28,4,79,80,3.7,2.17,0.4,3.26,0.4,0.4,1.6,0.2
0,2021-08-28,10,28,32,2.44,3.43,0.6,2.93,0.8,0.6,1.4,0.8
1,2021-08-29,9,61,57,3.97,1.83,0.2,3.96,0.2,1.6,3.0,1.4
2,2021-08-29,10,18,38,4.85,1.9,3.0,3.26,1.6,1.2,0.2,1.6
1,2021-08-29,10,3,72,3.15,2.31,0.2,3.59,0.6,0.4,1.8,1.0
1,2021-08-29,9,45,92,2.32,2.96,1.0,3.68,1.2,1.0,1.25,1.6
1,2021-08-29,9,16,125,2.13,3.15,2.0,3.88,2.0,3.0,1.6,2.6
1,2021-08-29,10,91,33,4.88,1.84,0.4,3.44,2.4,0.6,1.4,1.2
2,2021-08-29,10,17,66,2.29,3.09,0.6,3.66,3.0,1.4,2.0,2.4
1,2021-08-29,4,23,22,2.96,2.47,2.6,3.28,3.0,2.0,0.4,1.8
2,2021-08-29,4,105,110,4.52,1.78,1.6,3.8,0.8,1.4,1.4,0.6
1,2021-08-29,4,103,12,3.19,2.48,1.6,3.03,1.6,1.8,1.0,0.8
1,2021-08-29,1,5,100,1.7,4.9,0.8,3.92,2.0,1.2,1.4,2.6
0,2021-08-29,10,117,34,1.52,6.21,0.2,4.53,2.6,0.8,2.2,2.2
1,2021-08-29,10,96,119,2.07,3.45,0.6,3.79,0.8,0.2,1.4,1.0
2,2021-08-29,10,93,82,3.01,2.32,1.2,3.73,2.2,1.0,1.0,1.4
1,2021-08-29,1,13,86,2.23,3.1,0.6,3.7,1.4,1.0,1.4,1.6
2,2021-08-29,1,83,56,1.51,6.23,1.4,4.83,1.2,1.2,2.6,1.0
1,2021-08-30,4,26,75,3.44,2.35,1.8,3.11,1.2,1.6,0.6,1.6
2,2021-08-30,4,89,52,6.99,1.45,1.0,4.51,0.4,0.8,0.8,0.8
1,2021-08-30,10,4,67,3.11,2.66,0.2,2.98,1.8,1.0,2.0,0.8
0,2021-08-30,10,43,111,2.12,3.72,0.2,3.4,2.0,0.6,1.6,1.2
0,2021-09-10,10,67,21,2.93,2.85,2.0,2.75,1.0,1.0,0.6,0.8
1,2021-09-10,10,17,93,4.03,1.87,1.0,3.8,1.6,1.6,1.8,1.4
2,2021-09-10,10,66,71,6.23,1.47,2.4,4.88,2.4,2.2,0.6,2.0
1,2021-09-10,10,111,36,3.89,2.15,2.0,3.25,2.0,1.2,0.6,1.0
0,2021-09-11,1,104,88,1.24,11.46,0.8,6.59,3.0,1.0,1.2,2.6
2,2021-09-11,4,52,26,2.6,3.17,0.4,3.02,1.8,0.8,1.6,1.6
2,2021-09-11,6,59,55,3.68,2.08,1.8,3.33,1.4,1.4,1.0,1.0
2,2021-09-11,6,127,6,9.13,1.34,2.2,5.46,1.2,2.0,1.2,1.2
2,2021-09-11,6,97,53,6.35,1.51,1.4,4.37,1.2,1.0,1.0,0.8
1,2021-09-11,9,61,45,3.88,1.82,0.4,3.8,1.0,1.6,2.8,1.0
0,2021-09-11,1,86,5,7.06,1.41,1.6,4.92,0.8,1.8,0.8,1.2
0,2021-09-11,1,122,48,4.77,1.72,1.4,4.03,0.4,1.6,2.0,1.2
2,2021-09-11,9,125,128,8.62,1.31,1.6,5.75,2.6,1.8,1.4,2.6
2,2021-09-11,4,24,89,3.34,2.29,0.6,3.45,1.4,0.8,1.6,1.0
1,2021-09-11,4,79,11,3.03,2.49,1.0,3.15,1.2,0.6,1.2,1.2
2,2021-09-11,10,32,108,3.14,2.51,1.4,3.01,1.0,1.2,0.8,0.8
2,2021-09-11,10,33,18,1.88,4.48,2.0,3.44,3.0,1.2,1.0,1.6
2,2021-09-11,4,12,69,4.42,1.99,1.2,3.45,1.4,0.6,0.6,1.4
2,2021-09-12,1,100,0,8.36,1.35,2.2,5.33,1.4,2.6,1.2,1.6
1,2021-09-12,9,60,16,2.43,2.92,1.8,3.49,2.2,1.6,1.4,3.2
1,2021-09-12,4,103,23,3.49,2.13,1.8,3.51,2.2,1.8,0.6,1.8
2,2021-09-12,4,22,64,7.31,1.5,2.6,3.98,0.6,1.6,0.4,1.0
0,2021-09-12,10,119,2,3.15,2.22,0.8,3.72,2.2,1.2,2.0,1.2
0,2021-09-12,10,82,34,1.88,3.94,2.0,3.87,3.0,1.4,1.0,3.0
2,2021-09-12,10,3,117,6.26,1.57,0.2,4.0,0.2,0.8,2.2,0.8
1,2021-09-12,6,9,19,1.7,5.0,0.8,3.87,1.2,1.2,2.0,1.4
2,2021-09-12,6,95,112,5.88,1.68,2.4,3.82,1.0,1.8,0.6,1.4
0,2021-09-12,6,30,76,12.07,1.29,2.0,5.54,1.0,1.6,1.2,1.2
1,2021-09-12,4,110,47,2.14,3.79,0.8,3.13,1.2,0.8,1.6,0.8
1,2021-09-12,1,8,83,3.26,2.22,1.4,3.47,1.4,1.2,1.4,1.0
1,2021-09-12,9,57,94,3.5,2.05,0.4,3.66,1.4,1.2,2.2,1.4
2,2021-09-12,9,92,98,3.87,1.88,1.4,3.97,1.2,1.6,2.0,1.8
0,2021-09-12,1,56,13,5.37,1.63,0.6,4.41,0.8,0.8,1.4,1.0
0,2021-09-12,10,43,37,3.14,2.6,0.2,2.93,1.8,0.6,1.4,1.0
2,2021-09-12,10,38,28,9.49,1.31,1.0,5.13,0.6,1.0,1.6,0.6
1,2021-09-13,10,114,91,3.93,2.15,1.8,3.02,0.4,1.4,0.8,0.6
2,2021-09-13,10,72,96,4.54,1.75,0.6,3.98,0.2,1.2,2.0,0.4
1,2021-09-13,6,39,54,2.02,3.68,1.0,3.64,1.2,1.4,2.0,1.6
2,2021-09-13,6,85,115,5.66,1.64,1.6,4.01,0.4,1.4,1.0,0.4
2,2021-09-13,4,80,70,2.77,2.84,0.2,3.01,1.8,0.0,1.4,1.6
2,2021-09-13,10,41,4,6.39,1.62,1.6,3.62,0.4,1.0,0.4,1.0
0,2021-09-14,4,75,105,4.45,1.85,0.8,3.62,1.6,1.0,1.4,1.2
2,2021-09-17,10,37,67,4.28,2.14,1.8,3.1,1.4,1.0,1.4,0.6
0,2021-09-17,10,36,43,6.14,1.65,2.0,3.63,0.0,1.4,0.8,0.4
2,2021-09-17,10,2,72,3.86,1.98,2.6,3.67,1.2,1.8,0.8,1.6
2,2021-09-17,4,11,24,3.99,2.1,1.2,3.14,1.2,1.4,1.4,1.2
2,2021-09-18,6,112,53,3.36,2.37,1.0,3.38,0.6,1.2,1.6,0.8
0,2021-09-18,4,23,52,7.91,1.4,1.8,4.6,0.8,2.0,0.8,0.8
0,2021-09-18,4,70,12,2.67,3.04,1.8,2.93,1.2,1.4,1.0,0.8
1,2021-09-18,1,5,48,3.1,2.33,0.8,3.54,1.0,0.8,1.6,1.6
1,2021-09-18,1,13,8,5.14,1.61,1.2,4.34,1.0,1.2,1.0,1.0
0,2021-09-18,6,6,54,2.77,2.68,1.2,3.3,1.4,1.2,1.8,1.8
2,2021-09-18,10,21,41,2.16,3.77,1.6,2.94,2.0,1.0,0.8,2.0
0,2021-09-18,10,108,38,1.81,4.72,1.0,3.52,1.4,0.6,0.8,2.0
1,2021-09-18,1,83,122,1.76,4.03,1.6,4.22,1.4,1.0,1.2,1.6
2,2021-09-18,6,55,39,3.5,2.31,1.4,3.23,1.2,1.0,1.2,1.2
0,2021-09-19,10,34,66,3.97,1.95,3.0,3.63,2.4,3.0,0.6,2.2
2,2021-09-19,10,96,17,2.06,3.53,0.2,3.69,1.0,0.6,1.8,1.4
1,2021-09-19,10,117,119,1.8,4.1,0.0,4.13,0.8,0.4,2.6,1.6
2,2021-09-19,4,105,22,2.17,3.3,1.6,3.52,2.6,1.2,1.6,1.6
2,2021-09-19,4,47,75,2.71,2.87,1.2,3.0,0.8,0.4,0.8,1.0
1,2021-09-19,4,64,110,4.21,2.02,0.4,3.26,1.0,0.8,2.4,0.6
2,2021-09-19,10,82,71,2.97,2.39,1.4,3.53,1.8,1.0,1.2,1.6
2,2021-09-19,1,88,86,11.74,1.25,3.0,6.15,1.4,1.8,0.4,1.8
2,2021-09-19,1,100,104,6.51,1.45,2.2,4.92,0.6,2.2,1.2,1.0
1,2021-09-19,1,0,56,1.66,4.94,1.4,4.32,0.4,1.8,2.0,0.6
0,2021-09-19,6,76,9,3.3,2.43,1.4,3.1,1.0,1.4,1.4,1.6
0,2021-09-19,6,95,30,3.14,2.35,2.4,3.47,1.4,2.0,0.6,1.2
0,2021-09-19,10,4,32,2.82,2.77,0.4,2.96,1.8,0.8,2.2,1.0
1,2021-09-19,10,91,111,4.82,1.93,0.6,3.08,2.0,0.6,1.2,1.4
0,2021-09-19,10,28,33,1.88,4.68,0.0,3.26,2.0,0.0,2.6,1.0
1,2021-09-20,4,89,79,5.8,1.58,1.2,4.31,1.2,1.0,0.8,1.0
1,2021-09-20,6,115,59,1.88,4.41,0.2,3.55,1.8,0.2,1.8,1.4
2,2021-09-20,4,69,103,3.67,2.22,1.2,3.11,1.8,1.4,1.2,2.0
2,2021-09-20,6,19,97,3.13,2.34,1.4,3.47,1.4,1.6,1.2,1.4
0,2021-09-20,6,85,127,1.75,4.51,1.6,4.05,2.2,1.6,1.0,1.8
2,2021-09-20,4,26,80,6.79,1.57,1.2,3.91,0.8,1.4,0.8,0.6
2,2021-09-20,10,18,114,4.54,1.94,2.4,3.1,2.0,1.4,0.4,1.4
0,2021-09-20,10,93,3,2.9,2.39,1.6,3.67,0.8,1.6,1.4,0.8
1,2021-09-21,9,128,92,2.89,2.28,2.0,3.59,1.4,2.2,2.0,2.2
0,2021-09-22,9,98,16,2.6,2.51,0.6,4.01,1.8,1.6,2.6,3.0
0,2021-09-22,9,57,125,1.42,7.07,0.6,5.2,1.6,1.2,2.0,1.8
2,2021-09-22,4,52,11,2.51,3.1,1.2,3.05,1.2,0.8,1.2,1.6
1,2021-09-23,9,94,61,2.93,2.29,1.6,3.68,0.6,1.4,2.0,1.2
1,2021-09-23,9,60,45,3.58,2.19,1.4,3.21,1.2,1.4,1.4,1.2
2,2021-09-23,4,69,105,7.01,1.48,1.2,4.52,2.2,1.2,1.0,1.8
2,2021-09-24,4,75,70,5.55,1.72,0.8,3.54,1.2,1.0,1.4,1.0
0,2021-09-24,10,36,37,3.51,2.24,1.4,3.1,2.4,1.4,1.2,1.8
2,2021-09-25,6,127,55,10.16,1.26,2.2,6.47,2.0,1.8,0.8,1.6
1,2021-09-25,9,92,57,5.52,1.54,1.6,4.65,0.6,2.6,2.0,1.2
2,2021-09-25,9,125,98,15.56,1.17,1.6,7.9,0.4,2.2,0.6,1.2
1,2021-09-25,10,32,21,3.7,2.51,2.4,2.75,1.6,1.2,0.2,1.2
2,2021-09-25,10,38,4,8.04,1.4,1.4,4.55,0.4,1.8,1.2,0.6
0,2021-09-25,1,8,0,2.82,2.46,1.2,3.58,1.0,0.8,0.8,1.2
2,2021-09-25,1,104,83,3.76,1.93,0.4,4.11,1.2,0.8,2.4,1.2
1,2021-09-25,6,53,59,2.25,3.31,0.4,3.45,1.8,1.0,2.2,1.2
1,2021-09-25,4,24,64,5.76,1.65,1.0,4.03,0.6,1.2,2.0,1.2
2,2021-09-25,4,12,23,3.3,2.29,1.8,3.22,1.2,1.4,0.6,1.4
1,2021-09-25,4,79,26,2.32,3.47,1.2,3.05,1.2,1.0,1.2,1.0
2,2021-09-25,6,97,112,6.42,1.52,1.4,4.42,1.4,1.2,1.0,1.6
0,2021-09-25,1,122,88,1.37,7.49,1.6,5.57,3.0,2.2,1.8,2.0
1,2021-09-26,4,22,47,6.3,1.64,2.0,3.72,1.6,1.6,1.0,0.6
2,2021-09-26,10,66,82,5.64,1.63,2.4,4.06,1.4,1.6,0.4,1.4
0,2021-09-26,10,117,93,2.27,3.14,0.2,3.55,1.0,0.4,2.0,0.8
2,2021-09-26,10,17,2,3.37,2.2,1.0,3.58,2.6,1.0,1.0,1.8
2,2021-09-26,10,41,67,7.55,1.5,1.4,4.21,1.4,1.8,0.8,0.6
1,2021-09-26,10,33,108,4.05,2.02,2.0,3.2,0.4,1.0,0.8,0.2
2,2021-09-26,9,45,94,3.6,2.01,1.2,3.7,1.8,1.4,1.2,1.4
0,2021-09-26,10,111,18,2.23,3.88,2.2,2.93,2.4,1.2,0.4,1.4
2,2021-09-26,9,16,128,4.14,1.74,1.8,4.24,1.6,2.2,1.0,2.0
2,2021-09-26,6,54,95,3.44,2.18,2.0,3.53,1.8,1.8,1.0,1.6
0,2021-09-26,6,39,6,3.03,2.61,1.0,3.01,1.2,1.4,2.0,1.0
2,2021-09-26,6,30,85,5.11,1.71,1.4,3.82,1.0,1.0,1.0,1.4
0,2021-09-26,4,105,11,3.45,2.18,2.0,3.41,1.2,1.4,1.0,1.6
1,2021-09-26,4,103,110,8.25,1.41,1.6,4.68,1.0,1.8,1.0,1.0
0,2021-09-26,10,71,34,1.74,4.4,1.2,4.1,2.4,1.4,1.6,2.2
1,2021-09-26,10,119,72,3.2,2.12,1.0,3.87,1.2,1.6,1.6,1.4
2,2021-09-26,1,56,5,7.46,1.42,0.4,5.04,1.0,0.6,1.6,0.8
0,2021-09-26,9,61,60,3.15,2.27,0.6,3.52,1.6,1.0,2.0,1.6
0,2021-09-26,1,86,100,2.67,2.47,0.8,3.68,2.2,1.2,1.4,2.6
0,2021-09-26,1,48,13,2.53,2.77,1.2,3.53,1.4,1.2,1.0,1.2
0,2021-09-27,4,89,69,2.64,2.84,1.2,3.15,1.6,1.2,1.0,1.4
0,2021-09-27,6,76,19,1.62,5.54,0.8,4.08,2.0,1.4,1.8,1.6
2,2021-09-27,10,3,96,5.17,1.71,1.4,3.77,0.8,1.2,1.4,0.8
1,2021-09-27,10,43,91,2.01,4.12,0.6,3.18,0.8,0.6,1.2,0.6
2,2021-09-27,6,115,9,2.73,2.83,0.4,3.15,1.0,0.2,1.4,1.8
2,2021-09-27,10,114,28,12.36,1.26,1.4,5.73,0.0,0.8,0.8,0.2
2,2021-09-28,4,70,24,4.42,1.9,0.6,3.48,1.0,0.4,1.8,1.0
0,2021-09-29,4,11,103,3.07,2.4,1.6,3.3,1.2,2.0,1.4,1.2
1,2021-09-29,4,75,22,2.58,2.89,1.4,3.18,1.6,1.0,0.8,1.2
0,2021-09-29,4,12,79,6.12,1.66,2.2,3.55,1.2,1.6,0.4,1.0
2,2021-09-29,4,64,52,3.45,2.39,0.6,3.02,1.8,0.8,1.8,0.8
2,2021-09-30,4,80,47,2.35,3.26,0.6,3.22,1.8,0.6,1.6,0.6
1,2021-10-01,10,67,32,2.84,2.91,0.8,2.84,2.0,0.6,1.6,0.8
2,2021-10-01,10,72,117,5.43,1.63,1.2,4.2,0.2,1.4,1.6,0.8
0,2021-10-01,10,21,38,1.88,4.91,1.6,3.17,2.0,1.2,0.8,2.4
2,2021-10-02,1,122,13,3.25,2.21,1.4,3.67,1.8,1.8,1.8,1.8
1,2021-10-02,10,91,36,4.86,1.86,1.0,3.38,0.8,0.6,0.6,1.2
1,2021-10-02,10,28,111,1.77,5.09,0.0,3.5,1.6,0.2,3.6,1.0
2,2021-10-02,4,52,69,1.98,4.19,1.8,3.28,2.0,1.0,1.2,1.8
0,2021-10-02,4,79,75,2.46,3.03,1.8,3.29,1.0,1.2,0.8,0.8
1,2021-10-02,4,23,11,5.44,1.66,0.6,3.94,1.4,0.8,1.4,1.6
0,2021-10-02,6,85,76,4.41,1.92,0.8,3.35,0.8,1.2,1.6,1.2
0,2021-10-02,6,30,55,4.95,1.68,2.0,4.01,1.8,1.2,0.6,1.6
1,2021-10-02,6,9,53,2.63,2.87,1.0,3.25,0.6,1.4,1.8,1.0
1,2021-10-02,6,19,54,2.99,2.36,2.0,3.63,2.0,1.4,0.6,1.8
1,2021-10-02,1,83,0,2.45,2.7,1.0,3.71,1.4,1.4,2.2,1.8
2,2021-10-02,9,45,98,3.12,2.27,1.2,3.58,0.4,1.4,1.2,1.2
2,2021-10-02,9,60,57,4.61,1.81,1.6,3.69,0.8,1.8,1.6,1.2
2,2021-10-02,1,5,8,4.6,1.8,1.0,3.98,0.6,1.0,1.8,0.4
2,2021-10-03,4,22,110,7.17,1.57,1.2,3.8,1.2,1.0,1.0,1.0
2,2021-10-03,4,89,64,7.69,1.45,1.0,4.83,1.2,1.2,1.2,1.4
2,2021-10-03,1,48,100,1.75,4.32,1.0,4.24,2.2,1.6,1.6,2.6
2,2021-10-03,1,86,104,6.08,1.49,0.8,5.02,0.8,1.0,1.6,1.2
2,2021-10-03,1,88,56,11.16,1.25,3.0,6.4,1.0,2.2,0.4,1.0
2,2021-10-03,9,128,94,4.92,1.64,1.0,4.5,1.2,1.6,2.6,1.4
1,2021-10-03,9,16,61,6.27,1.48,1.8,4.94,0.6,1.8,1.0,1.2
0,2021-10-03,9,92,125,1.97,3.66,1.8,3.87,2.0,2.6,1.2,2.6
2,2021-10-03,10,2,96,5.59,1.61,2.0,4.16,0.8,1.8,1.2,0.8
2,2021-10-03,10,93,71,3.95,1.77,1.4,4.44,0.6,1.4,1.8,1.4
2,2021-10-03,10,66,3,4.85,1.79,2.4,3.6,2.0,1.4,0.4,1.2
1,2021-10-03,10,34,119,7.55,1.39,2.4,5.25,1.2,2.6,0.4,1.6
1,2021-10-03,4,105,80,4.82,1.76,1.8,3.77,1.2,1.6,1.4,0.8
1,2021-10-03,10,82,17,2.95,2.37,0.8,3.47,1.6,1.0,1.6,1.4
0,2021-10-03,6,6,97,2.59,2.93,1.2,3.24,1.4,1.0,1.8,1.4
0,2021-10-03,6,59,39,3.91,1.99,1.8,3.48,1.0,1.0,0.4,1.4
0,2021-10-03,4,47,12,2.88,2.9,1.6,2.87,2.0,0.6,0.4,1.6
0,2021-10-03,6,127,95,8.4,1.37,2.6,5.64,1.2,2.0,0.8,1.0
0,2021-10-03,6,112,115,4.41,1.92,0.8,3.41,1.0,1.2,2.0,0.6
2,2021-10-03,10,37,41,2.22,3.61,2.4,3.03,2.0,1.8,0.8,2.2
2,2021-10-03,10,18,43,13.66,1.34,2.4,4.58,0.8,1.4,0.4,0.6
0,2021-10-03,10,108,114,1.72,4.69,0.4,3.75,2.0,0.4,1.0,1.8
1,2021-10-04,10,4,33,2.13,3.5,0.4,3.4,1.6,1.0,2.4,1.0
0,2021-10-04,4,24,26,2.71,2.8,1.0,3.13,1.2,1.0,2.0,1.0
1,2021-10-04,4,103,70,4.68,1.9,1.2,3.35,0.6,1.2,1.0,0.8
1,2021-10-09,4,52,80,4.04,2.18,2.4,3.01,1.4,1.6,1.0,1.0
1,2021-10-15,10,119,93,3.38,2.13,0.8,3.73,2.0,1.4,1.6,2.2
2,2021-10-15,10,43,28,3.6,2.12,0.8,3.3,0.2,0.8,1.2,0.6
1,2021-10-15,4,80,24,3.28,2.34,1.6,3.26,0.8,1.0,0.6,0.6
1,2021-10-16,6,85,59,3.42,2.21,0.6,3.45,1.2,1.0,1.6,0.8
0,2021-10-16,10,91,37,6.57,1.68,1.0,3.44,3.0,0.8,0.8,2.0
1,2021-10-16,1,13,5,3.52,2.11,1.6,3.38,1.6,1.4,1.0,1.4
1,2021-10-16,1,8,88,1.19,13.69,0.4,8.14,3.0,0.4,1.8,2.2
1,2021-10-16,1,0,86,1.79,3.99,1.6,4.19,0.8,1.8,1.0,1.4
0,2021-10-16,4,70,79,4.04,2.04,0.8,3.29,1.2,0.6,1.4,1.2
2,2021-10-16,4,64,12,2.11,3.85,1.0,3.1,2.4,1.0,1.2,1.6
0,2021-10-16,4,69,23,4.18,1.89,1.8,3.78,0.6,1.6,1.2,0.6
2,2021-10-16,6,95,39,5.96,1.65,1.8,3.92,1.0,1.4,1.4,1.4
1,2021-10-16,6,97,30,2.86,2.54,1.8,3.29,1.4,1.4,0.8,1.0
1,2021-10-16,9,125,61,13.75,1.2,2.6,7.34,0.8,3.8,0.6,1.2
2,2021-10-16,9,128,60,3.92,2.01,1.0,3.42,1.6,2.4,2.8,1.8
2,2021-10-16,6,9,127,1.34,8.88,1.0,5.42,2.4,1.2,1.6,2.0
2,2021-10-16,10,38,67,8.56,1.37,2.4,4.82,0.4,2.4,1.2,0.4
2,2021-10-17,6,53,6,2.69,2.88,0.6,3.1,1.2,0.8,1.4,1.0
1,2021-10-17,10,96,34,1.56,5.77,0.8,4.29,2.0,0.8,1.8,2.4
2,2021-10-17,10,17,117,7.35,1.45,1.6,4.85,0.2,1.2,0.8,0.6
2,2021-10-17,6,55,76,5.64,1.67,1.8,4.03,1.4,1.6,1.4,1.2
1,2021-10-17,10,71,66,1.68,4.89,0.0,4.27,2.4,1.0,3.2,1.6
2,2021-10-17,1,100,83,10.42,1.31,2.0,5.78,1.2,2.6,1.0,1.6
1,2021-10-17,1,104,48,3.24,2.1,0.6,4.0,1.4,1.6,3.4,2.0
0,2021-10-17,1,56,122,4.01,1.86,0.8,3.97,1.4,1.0,1.6,1.4
1,2021-10-17,6,54,112,8.18,1.35,2.2,5.67,0.6,1.6,0.2,1.0
0,2021-10-17,6,115,19,1.88,4.51,1.6,3.51,1.6,0.8,1.0,1.0
1,2021-10-17,4,75,89,4.25,1.96,1.4,3.42,1.4,1.0,1.0,1.2
0,2021-10-17,9,94,16,1.95,3.72,1.0,3.82,1.8,1.6,2.6,1.6
2,2021-10-17,9,57,45,2.33,2.95,0.6,3.61,1.8,0.8,2.2,2.2
0,2021-10-17,4,11,22,2.5,3.1,1.4,3.14,1.6,1.2,1.2,1.2
2,2021-10-17,10,36,18,1.78,4.72,0.4,3.48,2.4,1.2,1.8,1.6
2,2021-10-17,10,111,108,5.07,1.93,1.2,3.05,0.4,1.0,1.0,0.4
0,2021-10-17,10,72,82,2.88,2.42,1.6,3.53,0.8,2.2,1.2,1.0
2,2021-10-17,4,47,105,3.59,2.14,1.0,3.44,1.4,0.2,0.4,1.4
2,2021-10-17,4,110,52,3.93,2.08,0.6,3.31,2.0,0.6,1.2,1.2
1,2021-10-17,4,26,103,4.47,1.94,1.6,3.37,1.2,1.2,0.8,1.0
2,2021-10-17,9,98,92,2.71,2.42,0.2,3.77,1.2,1.4,3.4,1.8
2,2021-10-17,10,32,41,2.41,3.4,2.2,2.86,1.4,0.8,0.0,1.6
2,2021-10-18,10,3,2,2.83,2.55,2.0,3.39,2.4,1.2,1.2,2.4
1,2021-10-18,10,33,21,4.68,1.99,1.8,3.12,1.4,1.2,0.8,0.8
2,2021-10-18,10,114,4,12.19,1.27,2.0,5.62,0.4,2.0,0.6,0.8
2,2021-10-19,4,80,69,1.97,4.02,1.2,3.39,1.8,0.6,0.8,1.4
2,2021-10-20,4,22,89,5.29,1.71,1.6,3.73,1.0,1.0,0.8,1.0
2,2021-10-20,4,79,64,6.78,1.56,1.6,4.15,1.6,1.0,0.8,1.2
1,2021-10-20,4,12,26,2.98,2.69,1.8,2.95,1.6,1.2,0.4,1.2
0,2021-10-21,4,23,110,6.45,1.58,1.0,3.93,1.2,0.6,1.0,0.6
1,2021-10-21,4,105,70,3.54,2.02,0.8,3.64,0.8,1.0,1.6,0.6
2,2021-10-21,4,103,75,5.23,1.73,1.2,3.83,1.6,0.8,0.6,1.0
1,2021-10-21,4,24,47,3.34,2.44,0.4,3.08,1.4,0.4,1.8,0.6
2,2021-10-22,10,117,71,2.45,2.67,0.2,3.96,0.2,1.0,3.0,1.2
0,2021-10-22,10,21,114,1.68,5.64,1.6,3.47,2.0,0.6,0.2,2.6
2,2021-10-22,10,108,43,3.86,2.26,0.2,2.87,1.4,0.2,1.2,1.2
2,2021-10-22,6,30,53,6.45,1.55,1.4,4.08,1.0,1.2,1.0,1.0
2,2021-10-23,6,19,55,4.68,1.77,2.2,3.83,1.8,1.2,0.4,1.6
2,2021-10-23,6,39,9,4.75,1.83,0.8,3.68,1.6,1.6,2.2,1.4
0,2021-10-23,6,76,54,1.51,6.19,1.2,4.58,1.8,1.0,1.6,1.4
1,2021-10-23,10,28,36,2.36,3.34,0.2,3.17,1.0,0.8,3.4,1.4
0,2021-10-23,4,79,23,2.48,2.91,2.0,3.43,0.8,1.2,0.6,0.4
2,2021-10-23,1,122,0,5.18,1.61,1.4,4.46,1.2,1.2,1.6,1.6
0,2021-10-23,4,69,70,5.49,1.68,1.2,3.94,1.0,1.0,1.2,0.8
2,2021-10-23,9,125,57,15.88,1.14,2.6,8.24,1.0,3.8,0.6,1.2
1,2021-10-23,9,45,128,2.75,2.53,1.6,3.62,1.4,2.2,1.6,2.0
2,2021-10-23,1,13,83,5.76,1.56,1.6,4.46,0.6,1.6,1.2,1.4
0,2021-10-23,1,5,104,3.16,2.27,1.6,3.45,0.8,1.6,1.4,1.8
0,2021-10-23,10,37,32,3.1,2.67,3.0,2.76,2.2,2.0,0.4,0.8
1,2021-10-23,10,67,33,2.11,3.68,0.2,3.13,1.8,0.2,2.0,1.0
2,2021-10-23,4,64,80,3.1,2.61,1.4,2.94,1.8,0.8,0.8,0.8
1,2021-10-24,6,112,85,2.81,2.71,0.8,3.24,0.8,1.0,1.8,1.4
1,2021-10-24,10,93,72,3.26,2.16,1.6,3.79,1.4,2.0,1.4,2.0
2,2021-10-24,6,127,97,7.01,1.51,1.8,4.14,2.0,2.0,1.4,1.6
2,2021-10-24,6,6,115,5.89,1.66,0.6,3.56,1.4,0.6,1.8,0.6
1,2021-10-24,4,47,26,2.56,3.15,1.0,2.98,1.8,0.4,0.4,1.0
2,2021-10-24,4,110,24,5.03,1.81,1.6,3.58,0.6,1.0,1.0,0.2
2,2021-10-24,9,61,98,2.94,2.2,0.8,3.92,0.6,1.2,1.4,1.2
2,2021-10-24,9,16,60,4.39,1.87,2.2,3.62,1.6,1.6,0.6,1.4
2,2021-10-24,10,17,34,2.32,3.1,1.6,3.55,1.6,1.4,1.2,1.8
0,2021-10-24,9,92,94,5.83,1.54,1.0,4.81,0.4,1.8,2.4,1.0
2,2021-10-24,1,88,100,10.64,1.25,2.6,6.38,2.4,2.2,0.6,2.6
0,2021-10-24,1,56,8,7.5,1.41,0.8,4.76,0.6,1.0,1.6,0.4
1,2021-10-24,1,48,86,1.76,4.08,1.6,4.22,0.8,2.4,2.0,1.4
2,2021-10-24,10,66,96,8.45,1.4,2.6,4.86,0.8,2.0,0.4,0.6
2,2021-10-24,10,82,3,3.07,2.39,1.4,3.36,2.4,1.2,1.4,1.0
2,2021-10-24,4,22,103,3.97,2.08,2.2,3.18,1.8,1.2,0.4,1.4
2,2021-10-25,10,18,91,5.67,1.72,1.8,3.35,0.8,0.8,0.8,0.8
0,2021-10-25,10,4,111,1.79,4.62,0.2,3.47,1.2,0.6,3.0,1.0
0,2021-10-25,10,2,119,4.07,1.86,1.8,3.83,0.8,2.0,1.0,1.2
2,2021-10-25,6,59,95,2.48,2.89,1.2,3.37,1.8,1.0,0.8,1.6
0,2021-10-25,4,11,12,2.6,3.07,0.8,2.94,1.4,0.4,1.2,0.6
1,2021-10-25,4,75,52,7.25,1.53,1.6,4.03,1.4,1.0,1.2,1.0
1,2021-10-25,4,89,105,5.46,1.6,1.0,4.43,0.4,1.0,1.2,0.6
0,2021-10-29,10,33,41,3.07,2.57,1.4,2.96,1.2,1.0,0.8,1.6
0,2021-10-29,4,12,24,7.93,1.46,1.4,4.35,0.4,1.4,0.8,0.4
2,2021-10-29,6,127,30,6.25,1.52,1.8,4.37,2.0,2.8,1.4,1.8
2,2021-10-30,4,70,64,5.76,1.66,1.6,3.65,1.8,1.0,0.4,1.2
2,2021-10-30,10,114,67,10.59,1.29,2.4,5.47,0.4,2.6,0.2,0.4
2,2021-10-30,10,18,37,11.18,1.38,2.4,4.34,2.4,1.2,0.6,1.6
0,2021-10-30,6,76,59,1.85,4.23,0.6,3.59,1.2,0.8,2.2,1.0
0,2021-10-30,6,54,55,6.31,1.47,2.2,4.7,1.8,2.0,0.4,1.8
1,2021-10-30,6,97,39,5.73,1.66,1.4,3.84,1.2,1.2,2.0,2.2
2,2021-10-30,6,85,19,2.04,3.52,0.4,3.64,2.6,0.8,1.8,1.4
1,2021-10-30,1,83,88,1.17,16.4,0.4,8.24,2.6,1.4,2.6,2.4
1,2021-10-30,1,0,5,3.24,2.29,1.2,3.58,1.0,1.6,1.0,1.2
1,2021-10-30,9,128,16,3.33,2.06,1.6,3.98,2.6,2.6,2.0,1.8
2,2021-10-30,9,98,125,1.63,5.08,0.6,4.46,2.6,1.0,2.4,3.6
0,2021-10-30,4,80,89,2.45,3.02,1.2,3.26,1.0,0.8,0.8,1.2
0,2021-10-30,1,8,48,2.59,2.75,1.0,3.54,1.2,0.4,1.4,2.0
0,2021-10-30,4,52,79,3.46,2.39,1.0,3.02,1.8,1.0,1.2,1.0
1,2021-10-31,6,53,115,4.41,1.94,1.0,3.35,1.4,1.0,1.4,0.6
2,2021-10-31,9,60,92,2.9,2.39,1.4,3.55,0.4,1.2,1.2,1.0
1,2021-10-31,9,57,61,2.91,2.36,0.8,3.79,1.2,1.4,2.6,1.4
0,2021-10-31,9,94,45,2.53,2.73,0.8,3.59,1.6,1.2,2.4,2.6
2,2021-10-31,4,26,22,3.89,2.21,1.4,3.05,2.6,0.8,0.6,1.4
1,2021-10-31,4,105,23,2.46,2.88,0.6,3.44,1.4,1.0,1.6,0.6
2,2021-10-31,6,112,6,2.87,2.78,1.0,3.0,1.2,1.0,1.4,0.6
0,2021-10-31,6,9,95,1.75,4.63,1.4,3.89,1.2,1.0,1.8,1.2
2,2021-10-31,4,103,47,5.43,1.8,1.6,3.28,1.0,1.4,0.4,0.6
1,2021-10-31,4,75,110,4.76,1.8,1.2,3.61,2.0,1.0,1.4,1.2
0,2021-10-31,10,71,2,2.47,2.77,0.2,3.77,1.2,1.2,3.2,1.8
0,2021-10-31,1,100,122,3.89,1.93,1.8,3.79,2.0,2.4,1.4,1.4
1,2021-10-31,10,43,4,3.93,2.03,1.4,3.27,0.2,1.0,1.2,0.6
2,2021-10-31,10,91,28,6.91,1.52,0.6,4.0,0.4,0.6,1.2,1.0
2,2021-10-31,10,38,32,5.72,1.64,3.0,3.85,2.2,2.8,0.4,1.0
0,2021-10-31,10,82,66,2.38,3.11,2.0,3.47,2.6,1.4,1.0,2.2
2,2021-10-31,10,34,117,10.41,1.33,1.0,5.29,0.8,1.6,1.2,1.4
0,2021-10-31,10,119,17,2.59,2.65,1.4,3.72,2.0,1.8,1.2,1.6
2,2021-10-31,1,86,56,3.16,2.2,1.0,3.66,0.8,1.4,1.8,1.0
1,2021-10-31,1,104,13,2.17,3.03,1.4,3.98,1.6,1.8,2.8,2.0
0,2021-10-31,10,96,93,2.31,3.04,0.8,3.61,1.6,0.8,1.8,2.0
0,2021-11-01,10,111,21,5.29,1.91,1.6,3.02,1.0,1.2,0.6,0.4
1,2021-11-01,4,11,69,2.22,3.36,0.8,3.36,0.6,0.8,2.2,0.6
1,2021-11-01,10,36,108,4.05,2.13,1.0,3.05,0.8,1.2,1.2,0.6
1,2021-11-01,10,72,3,3.1,2.32,1.0,3.44,1.8,1.8,1.2,0.8
1,2021-11-04,4,75,11,6.1,1.61,1.2,3.86,0.4,1.0,1.4,0.6
0,2021-11-04,10,41,38,2.27,3.27,1.2,3.32,3.0,1.0,1.2,2.0
0,2021-11-04,4,26,23,4.01,2.15,1.8,3.09,1.6,1.0,0.6,0.6
1,2021-11-05,10,119,71,4.47,1.73,1.2,4.5,0.2,1.6,1.2,0.8
2,2021-11-05,4,12,80,6.12,1.61,1.4,3.76,1.0,1.4,1.0,1.0
0,2021-11-05,4,110,89,3.09,2.37,2.0,3.35,1.6,1.4,1.0,1.6
0,2021-11-05,10,21,43,3.7,2.49,1.0,2.65,1.0,0.4,0.4,0.8
0,2021-11-05,10,32,33,2.72,3.09,1.6,2.77,0.8,1.0,0.6,0.6
2,2021-11-06,6,95,19,3.22,2.31,1.8,3.29,2.0,1.6,1.8,1.2
1,2021-11-06,10,67,111,1.94,4.24,0.4,3.24,1.4,0.8,2.2,1.2
2,2021-11-06,6,30,54,2.66,2.67,1.4,3.46,1.6,1.8,1.6,1.6
0,2021-11-06,1,5,83,3.82,2.07,1.0,3.4,0.4,1.6,1.8,1.2
0,2021-11-06,1,13,88,1.39,7.55,1.6,5.35,2.2,2.2,1.6,2.4
0,2021-11-06,1,48,0,3.12,2.2,1.6,3.76,1.2,2.2,1.8,2.0
1,2021-11-06,10,108,91,2.27,3.66,1.0,2.88,1.0,0.6,0.8,1.4
2,2021-11-06,6,55,53,4.75,1.83,1.8,3.66,1.2,1.2,1.0,0.6
1,2021-11-06,6,9,112,2.38,3.04,0.8,3.31,1.0,0.6,1.8,0.6
1,2021-11-06,9,45,125,1.93,3.94,2.0,3.62,2.0,3.0,2.0,2.6
0,2021-11-06,9,61,94,4.83,1.71,1.2,4.02,0.6,1.4,1.2,1.2
0,2021-11-06,4,64,47,2.52,3.37,1.2,2.85,1.0,0.8,1.2,0.8
2,2021-11-06,4,23,70,4.48,1.88,2.0,3.45,1.6,0.8,0.4,0.8
2,2021-11-06,4,79,105,3.76,2.11,1.8,3.28,0.8,1.2,0.6,0.8
2,2021-11-07,10,3,66,2.17,3.41,1.4,3.47,2.6,0.4,1.0,2.6
2,2021-11-07,10,117,96,3.02,2.41,0.6,3.38,0.2,1.2,3.2,0.6
1,2021-11-07,10,2,82,3.11,2.34,1.2,3.46,1.4,1.8,1.6,1.0
2,2021-11-07,10,41,114,2.31,3.27,1.2,3.22,3.0,1.0,1.0,3.6
0,2021-11-07,10,28,18,1.45,7.09,0.4,4.34,2.4,1.0,2.8,1.2
1,2021-11-07,10,37,38,1.78,4.65,1.8,3.6,3.0,0.8,0.8,2.0
0,2021-11-07,9,57,60,2.84,2.58,1.0,3.27,1.8,1.4,1.6,1.4
1,2021-11-07,6,97,59,3.45,2.12,1.6,3.51,1.6,1.4,2.0,1.4
2,2021-11-07,6,6,76,6.31,1.65,1.2,3.77,0.6,0.6,1.0,0.6
2,2021-11-07,6,39,85,3.48,2.29,1.4,3.35,1.0,2.0,1.4,0.8
2,2021-11-07,10,17,72,3.73,2.06,2.6,3.6,1.2,1.8,1.0,1.8
1,2021-11-07,6,115,127,1.3,10.74,1.4,5.68,1.8,0.6,0.4,3.0
2,2021-11-07,1,56,104,4.89,1.63,0.6,4.43,1.6,1.2,1.8,2.0
0,2021-11-07,9,92,128,3.42,2.04,0.2,3.91,1.6,0.8,2.6,2.8
1,2021-11-07,4,22,69,3.28,2.33,2.4,3.2,0.2,1.4,0.6,0.4
0,2021-11-07,9,16,98,4.75,1.63,2.2,4.37,1.2,2.0,1.0,1.6
2,2021-11-07,4,103,52,8.8,1.42,1.6,4.55,1.0,1.2,0.6,0.8
2,2021-11-07,4,24,75,2.76,2.72,1.0,3.28,0.8,0.8,1.0,0.6
2,2021-11-07,4,110,26,2.77,2.8,2.0,3.14,1.2,1.4,1.2,0.8
1,2021-11-07,10,93,34,2.39,2.99,2.2,3.52,1.6,3.2,1.0,2.2
2,2021-11-07,1,122,86,2.59,2.56,2.4,3.74,1.6,1.4,0.6,2.0
1,2021-11-08,4,89,11,4.27,2.07,1.6,3.01,0.6,2.0,1.4,0.6
0,2021-11-08,10,4,36,2.16,3.88,0.4,3.12,1.2,0.8,2.6,1.0
1,2021-11-19,10,21,36,2.71,3.0,0.8,2.87,1.8,0.4,0.6,1.6
0,2021-11-19,10,72,119,3.37,2.1,1.0,3.84,1.2,1.8,1.0,1.8
2,2021-11-19,6,127,76,23.74,1.11,1.4,10.21,0.6,2.6,1.2,0.8
0,2021-11-19,10,4,91,1.62,5.96,0.4,3.81,1.0,0.8,2.6,1.6
0,2021-11-20,9,94,128,2.09,3.31,1.2,3.81,2.2,1.2,2.2,3.0
2,2021-11-20,1,86,8,8.39,1.36,1.6,5.48,0.8,2.2,2.0,0.4
2,2021-11-20,6,54,97,4.5,1.75,1.0,4.29,1.2,1.0,0.8,1.2
0,2021-11-20,6,59,6,3.06,2.43,1.6,3.18,1.2,1.6,1.4,0.8
1,2021-11-20,6,55,115,5.88,1.69,2.4,3.64,1.0,1.6,0.6,0.2
1,2021-11-20,10,41,111,3.91,2.2,1.2,2.95,1.6,0.8,0.8,1.2
0,2021-11-20,10,108,18,1.68,5.8,1.0,3.31,2.4,0.6,0.8,1.6
2,2021-11-20,1,83,48,2.7,2.65,1.0,3.43,1.6,1.2,1.8,1.6
1,2021-11-20,1,88,5,22.95,1.12,2.2,9.53,1.0,2.2,1.0,1.6
1,2021-11-21,10,71,93,2.3,2.91,0.4,3.76,1.8,1.0,2.4,2.4
2,2021-11-21,9,92,45,3.85,1.96,0.0,3.88,1.6,0.8,2.8,2.6
2,2021-11-21,9,60,61,2.86,2.48,1.8,3.37,1.2,1.2,0.8,1.0
0,2021-11-21,9,98,57,4.09,1.83,1.8,3.93,0.8,1.6,1.8,1.2
2,2021-11-21,10,32,114,1.75,5.15,1.4,3.33,2.4,1.0,0.8,2.6
2,2021-11-21,10,38,33,5.4,1.68,2.6,3.77,1.2,1.4,0.2,0.6
1,2021-11-21,1,100,56,3.13,2.18,1.2,3.73,0.6,1.4,2.0,1.2
2,2021-11-21,1,104,122,2.18,3.08,1.0,3.96,3.0,1.2,2.2,2.2
1,2021-11-21,6,39,112,3.87,2.15,2.0,3.12,1.2,2.8,1.2,0.6
1,2021-11-21,6,19,53,6.5,1.52,1.4,4.34,1.0,1.0,1.2,0.6
1,2021-11-21,1,0,13,2.32,3.01,1.2,3.56,1.0,1.6,1.4,1.4
1,2021-11-21,10,34,3,4.48,1.87,1.2,3.59,1.4,1.2,0.8,0.8
0,2021-11-21,10,66,17,4.52,1.83,2.0,3.72,2.6,2.4,1.6,1.8
0,2021-11-21,4,105,110,3.48,2.27,0.6,3.2,2.0,0.6,1.2,2.0
0,2021-11-21,6,95,85,6.64,1.52,2.4,4.32,1.0,2.4,1.4,1.0
1,2021-11-21,4,79,47,3.25,2.6,2.4,2.79,1.6,1.2,0.2,1.0
2,2021-11-21,4,89,11,5.33,1.71,1.6,3.82,0.6,1.8,1.2,0.6
2,2021-11-21,6,30,9,8.85,1.39,1.4,4.7,1.0,1.6,1.6,0.6
2,2021-11-21,10,82,117,6.52,1.54,1.6,4.1,1.2,1.2,1.2,1.4
2,2021-11-22,10,37,28,4.14,2.03,1.4,3.12,0.4,0.6,0.8,1.0
0,2021-11-22,4,26,69,3.62,2.39,1.0,3.01,0.4,1.2,1.4,0.2
0,2021-11-22,10,96,2,2.36,3.25,0.2,3.23,1.4,0.8,3.4,1.8
2,2021-11-22,10,67,43,3.71,2.28,0.6,2.91,1.4,0.6,1.8,1.0
1,2021-11-25,4,110,22,2.62,3.23,2.0,2.88,2.0,2.0,1.8,1.0
1,2021-11-25,4,69,12,4.57,2.0,1.0,3.09,1.4,1.0,0.8,1.6
1,2021-11-26,10,28,108,2.88,2.66,0.2,3.08,1.0,0.8,2.4,0.6
1,2021-11-26,10,3,93,2.8,2.65,1.6,3.4,1.4,1.0,0.4,1.8
2,2021-11-26,4,79,23,2.88,2.71,2.0,3.04,2.0,1.4,0.6,1.2
2,2021-11-26,4,89,103,3.38,2.42,2.2,2.89,2.0,2.0,0.8,1.8
1,2021-11-27,10,91,21,6.83,1.63,1.4,3.5,1.0,1.6,1.2,0.8
0,2021-11-27,10,111,32,4.38,2.06,1.6,3.0,1.8,0.8,0.4,1.6
1,2021-11-27,10,36,67,3.92,2.1,1.8,2.92,1.0,1.6,1.0,0.8
1,2021-11-27,6,53,54,1.64,5.07,1.0,4.3,1.4,0.6,1.4,1.4
1,2021-11-27,6,115,95,2.04,4.35,0.6,3.16,1.8,0.2,0.6,2.2
2,2021-11-27,6,6,39,4.12,2.09,1.8,3.24,1.6,1.2,1.0,2.8
2,2021-11-27,9,94,98,2.33,2.77,1.2,3.84,1.8,0.8,1.2,1.2
0,2021-11-27,9,45,60,3.37,2.3,1.0,3.36,1.8,2.0,2.2,1.4
0,2021-11-27,1,8,104,2.23,3.1,0.8,3.71,1.6,0.4,1.2,1.8
0,2021-11-27,1,5,122,2.48,3.07,0.6,3.21,2.4,1.2,1.6,2.2
2,2021-11-27,1,0,88,1.24,11.23,1.2,6.86,1.8,1.4,1.2,1.6
1,2021-11-28,10,119,96,4.72,1.72,1.6,3.98,0.2,2.2,1.6,1.0
2,2021-11-28,10,72,71,3.65,1.98,0.4,3.9,0.6,1.0,1.6,1.0
0,2021-11-28,9,61,16,2.45,2.56,1.0,3.83,1.6,1.0,1.2,1.4
1,2021-11-28,10,33,37,4.05,2.03,1.0,3.2,1.4,0.6,1.2,0.8
0,2021-11-28,9,57,92,2.74,2.54,1.4,3.53,0.6,1.4,1.4,1.4
2,2021-11-28,9,128,125,2.09,3.28,2.2,3.87,1.6,2.0,1.4,2.4
2,2021-11-28,10,17,82,3.66,2.1,3.0,3.49,2.0,2.0,1.0,1.8
0,2021-11-28,10,114,38,3.61,2.16,1.8,3.39,2.6,2.6,1.2,1.8
0,2021-11-28,10,2,34,2.54,2.86,1.4,3.35,1.2,1.6,1.6,1.2
2,2021-11-28,1,13,100,2.34,2.87,1.2,3.81,0.8,1.4,1.0,1.4
1,2021-11-28,1,83,86,1.94,3.69,1.4,3.73,1.6,1.2,1.6,1.4
2,2021-11-28,1,48,56,1.62,4.97,1.0,4.34,0.8,1.0,1.2,1.6
1,2021-11-28,4,12,69,3.0,2.63,1.6,3.02,1.2,1.6,0.8,1.0
0,2021-11-28,4,22,110,4.31,2.0,1.6,3.29,1.6,0.8,0.6,1.4
1,2021-11-28,6,76,55,1.99,3.92,0.0,3.47,2.0,0.8,3.2,1.6
0,2021-11-28,6,85,30,2.04,3.62,1.6,3.62,2.0,1.4,1.8,2.6
0,2021-11-28,6,19,127,1.94,4.13,1.4,3.63,2.0,1.0,1.2,3.4
2,2021-11-29,4,23,79,5.4,1.67,2.0,3.98,2.0,1.2,0.4,1.4
2,2021-11-29,4,103,89,4.2,1.97,1.8,3.36,2.6,1.8,0.8,2.0
1,2021-11-29,6,112,97,2.68,2.92,1.4,3.19,0.6,1.0,0.8,1.2
2,2021-11-29,6,9,59,2.26,3.25,0.8,3.46,1.6,0.8,2.4,1.6
1,2021-11-29,10,117,66,1.5,6.94,1.2,4.37,1.4,1.6,2.2,1.8
2,2021-11-29,10,18,4,46.23,1.04,2.4,13.26,0.2,1.6,0.4,0.6
1,2021-11-29,10,43,41,2.09,4.05,1.4,2.94,1.4,0.8,1.0,0.8
2,2021-12-01,9,125,60,6.39,1.51,1.0,4.36,2.4,1.2,1.6,1.6
0,2021-12-01,1,8,100,1.61,5.67,0.8,4.26,0.8,0.4,1.4,1.2
2,2021-12-02,4,103,23,3.91,2.1,1.8,3.26,2.0,1.4,0.8,1.4
2,2021-12-03,10,4,28,2.04,3.89,0.2,3.15,0.4,0.6,2.2,0.6
1,2021-12-03,6,127,39,16.22,1.21,2.6,7.59,1.6,3.6,0.6,2.4
0,2021-12-03,4,110,12,,2.9,2.0,,1.6,1.8,1.6,1.8
0,2021-12-04,10,21,18,1.7,6.21,1.0,3.17,3.0,0.8,0.8,2.0
2,2021-12-04,9,128,61,4.05,1.81,2.2,3.95,0.8,2.0,1.4,1.0
0,2021-12-04,9,125,92,7.04,1.42,1.4,4.96,1.2,1.6,1.6,1.8
0,2021-12-04,6,59,115,5.26,1.76,1.4,3.53,0.8,1.4,1.6,0.4
2,2021-12-04,6,97,6,3.57,2.14,0.6,3.41,2.4,1.0,2.4,1.6
1,2021-12-04,1,100,5,4.77,1.79,0.8,3.65,0.4,1.2,2.4,0.8
2,2021-12-04,1,88,48,15.22,1.18,1.6,7.59,1.4,1.6,1.0,1.0
0,2021-12-04,6,55,19,2.59,2.99,1.6,3.19,0.8,1.2,0.8,0.8
0,2021-12-04,1,104,0,3.42,2.03,2.0,3.85,1.6,2.0,1.0,1.6
2,2021-12-04,10,41,36,4.99,1.82,1.6,3.34,1.4,0.8,0.4,1.4
1,2021-12-05,9,16,57,5.47,1.56,2.0,4.42,0.8,1.8,1.0,0.8
2,2021-12-05,9,60,94,5.06,1.74,2.4,3.71,1.8,1.8,1.0,1.4
0,2021-12-05,9,98,45,2.95,2.31,1.2,3.81,1.0,1.0,1.4,1.8
0,2021-12-05,6,95,54,2.95,2.33,1.4,3.68,1.4,1.8,1.4,1.8
2,2021-12-05,6,30,112,5.94,1.67,2.4,3.53,1.4,2.8,1.6,1.0
0,2021-12-05,6,53,9,4.39,1.96,0.6,3.37,0.8,0.8,2.0,1.0
2,2021-12-05,10,38,111,5.05,1.8,2.6,3.49,1.0,1.8,0.8,0.6
2,2021-12-05,1,122,8,6.52,1.52,2.4,4.25,0.6,2.2,1.4,0.2
1,2021-12-05,1,86,13,3.33,2.22,1.6,3.48,1.6,1.6,1.8,1.4
2,2021-12-05,1,56,83,8.17,1.38,0.8,5.43,1.6,1.8,1.8,1.6
0,2021-12-05,10,67,91,2.18,3.87,1.2,2.92,1.6,1.0,1.4,1.4
2,2021-12-05,4,23,103,3.52,2.14,1.8,3.52,2.4,1.6,0.8,1.8
0,2021-12-05,10,108,37,3.19,2.61,1.2,2.75,1.0,0.6,0.6,0.6
2,2021-12-05,6,76,85,2.42,3.28,0.2,3.09,1.4,0.8,2.8,1.4
1,2021-12-06,10,33,114,2.45,3.04,1.0,3.21,1.2,0.8,1.4,2.0
0,2021-12-06,4,12,110,4.06,2.07,1.6,3.13,2.0,0.8,0.6,1.8
0,2021-12-06,10,32,43,5.9,1.83,1.8,3.11,1.0,1.4,1.0,0.6
2,2021-12-10,10,36,32,2.96,2.73,1.2,2.81,1.2,1.2,1.4,1.2
2,2021-12-10,4,23,12,3.72,2.36,1.8,2.83,1.6,1.8,1.0,0.8
0,2021-12-10,10,108,4,4.95,1.79,0.6,3.37,0.8,0.2,1.0,0.8
0,2021-12-11,9,57,128,2.48,2.82,1.0,3.55,2.6,0.6,1.4,2.2
2,2021-12-11,6,55,85,4.31,1.91,1.6,3.56,1.2,1.0,0.4,1.4
0,2021-12-11,6,39,115,4.46,2.02,1.2,3.15,1.4,2.0,1.6,0.6
1,2021-12-11,9,98,60,2.76,2.58,1.2,3.44,2.4,1.0,1.8,1.8
2,2021-12-11,6,19,9,7.06,1.53,0.8,4.08,1.4,0.4,1.4,1.4
1,2021-12-11,10,111,33,4.25,2.12,0.4,3.04,1.0,0.2,1.0,1.0
1,2021-12-11,10,37,114,2.18,3.48,1.6,3.34,0.8,1.0,0.6,2.2
0,2021-12-11,10,43,38,1.68,5.62,1.6,3.48,2.6,1.0,0.8,1.8
2,2021-12-11,1,83,8,4.1,2.01,1.6,3.49,0.0,1.4,1.2,0.0
1,2021-12-11,1,48,122,2.02,3.49,1.2,3.83,2.4,1.0,1.2,2.4
2,2021-12-11,1,88,104,11.23,1.2,1.6,6.97,1.4,1.2,1.0,1.8
2,2021-12-12,6,59,112,3.76,2.14,0.8,3.27,1.2,1.0,1.6,0.8
1,2021-12-12,9,92,16,3.06,2.15,1.8,4.06,1.6,2.0,1.4,1.8
1,2021-12-12,9,45,61,3.47,2.12,1.4,3.59,0.2,2.0,1.2,0.6
2,2021-12-12,9,125,94,10.76,1.25,0.8,6.34,1.2,1.2,1.6,1.0
0,2021-12-12,1,5,86,1.84,4.41,0.6,3.59,1.6,1.0,1.4,1.6
0,2021-12-12,1,13,56,2.27,3.17,1.2,3.61,1.4,0.8,0.8,2.0
1,2021-12-12,6,30,127,2.35,3.11,2.4,3.38,2.2,2.4,1.4,2.6
2,2021-12-12,6,6,53,6.02,1.65,1.8,3.73,0.6,1.6,1.0,0.8
1,2021-12-12,6,54,76,7.66,1.42,1.4,4.88,0.8,1.4,1.4,1.0
0,2021-12-12,1,0,100,1.81,4.0,2.2,4.12,1.0,1.6,0.8,1.2
2,2021-12-12,10,91,41,4.04,2.19,2.2,2.91,1.6,1.8,0.4,0.8
2,2021-12-12,10,18,67,11.79,1.32,3.0,4.81,1.0,1.8,0.0,0.8
2,2021-12-13,4,12,23,3.87,2.15,1.0,3.14,1.8,0.8,1.0,1.8
2,2021-12-13,6,95,97,3.54,2.06,1.4,3.66,1.2,1.8,1.4,1.2
2,2021-12-13,10,28,21,3.17,2.55,0.2,2.85,1.0,0.4,2.0,0.8
1,2021-12-14,10,4,37,1.79,4.56,1.2,3.41,1.8,1.0,1.6,1.2
1,2021-12-14,10,114,111,5.04,1.73,0.4,3.67,0.6,1.4,2.0,0.2
1,2021-12-15,9,125,16,5.23,1.55,1.4,4.53,1.2,1.8,1.6,1.8
2,2021-12-15,10,38,36,6.27,1.52,2.6,4.0,1.6,1.8,0.8,1.6
2,2021-12-15,10,33,43,5.77,1.72,1.2,3.42,1.4,1.0,1.2,0.8
1,2021-12-15,10,32,91,2.52,3.33,1.2,2.71,2.2,1.0,1.4,1.2
0,2021-12-16,10,21,108,3.62,2.4,0.4,2.76,0.4,0.4,1.0,0.4
2,2021-12-16,10,67,28,5.01,1.78,1.0,3.51,0.8,0.4,0.8,0.4
0,2021-12-16,10,41,18,2.77,3.06,1.6,2.77,3.0,0.8,0.4,1.8
2,2021-12-17,10,37,111,2.75,2.99,1.8,2.8,0.6,1.2,0.6,0.2
1,2021-12-18,10,43,114,1.79,4.93,0.8,3.3,0.6,0.8,1.2,1.4
2,2021-12-18,9,128,98,5.66,1.51,3.0,4.5,0.8,2.2,0.4,0.6
0,2021-12-18,9,61,92,2.74,2.55,0.2,3.65,2.0,0.6,2.4,2.2
1,2021-12-18,10,36,33,2.42,3.11,1.0,3.03,1.2,1.2,1.6,1.2
0,2021-12-19,10,4,21,2.52,3.33,1.4,2.76,0.4,0.6,1.0,0.4
0,2021-12-19,9,60,125,2.0,3.79,2.0,3.56,1.4,1.6,1.0,1.8
1,2021-12-19,9,16,45,4.14,1.78,1.2,4.16,1.0,1.4,1.2,1.6
2,2021-12-19,9,94,57,2.71,2.57,1.2,3.55,0.8,1.4,1.6,0.6
1,2021-12-19,10,91,38,3.12,2.56,2.2,2.86,3.0,1.2,0.2,2.4
2,2021-12-19,10,18,32,9.26,1.44,3.0,3.92,1.4,1.6,0.0,1.2
1,2021-12-20,10,108,67,3.33,2.52,0.8,2.86,1.4,0.8,1.2,0.8
0,2021-12-20,10,28,41,1.52,6.82,0.8,3.77,1.0,0.6,1.0,0.6
0,2022-01-07,4,11,75,2.71,2.76,0.6,3.32,0.6,0.6,1.8,0.8
2,2022-01-08,4,52,70,2.81,2.94,0.4,2.86,1.4,0.2,1.4,0.8
1,2022-01-08,4,79,22,2.9,2.78,2.0,3.01,1.0,1.4,1.0,0.6
1,2022-01-09,4,69,80,7.67,1.47,1.4,4.27,0.8,1.2,0.6,1.0
2,2022-01-09,4,26,24,6.25,1.71,0.8,3.38,1.6,1.4,2.2,1.4
2,2022-01-10,4,47,64,6.74,1.61,1.2,3.73,1.2,1.0,1.0,0.8
2,2022-01-11,4,110,105,3.37,2.24,2.0,3.3,0.6,1.2,0.6,0.8
1,2022-01-13,4,89,103,3.28,2.39,2.0,3.11,1.8,1.4,0.4,1.6
2,2022-01-15,4,12,11,5.74,1.75,1.4,3.37,0.6,1.0,1.0,0.2
0,2022-01-15,4,70,69,2.2,3.52,1.4,3.21,1.4,1.0,1.4,1.0
0,2022-01-15,4,80,110,2.65,2.97,0.8,3.04,2.0,0.8,1.4,1.8
0,2022-01-16,4,103,79,7.0,1.56,1.4,3.99,1.6,1.2,1.2,1.2
2,2022-01-16,4,26,52,6.25,1.71,1.2,3.43,0.8,1.6,2.0,0.6
1,2022-01-16,4,24,23,2.93,2.44,1.4,3.49,1.8,1.2,1.4,1.6
2,2022-01-16,4,75,47,3.58,2.17,1.2,3.28,1.6,1.2,1.0,1.6
2,2022-01-16,4,105,89,2.43,2.96,0.4,3.4,1.6,0.6,2.0,1.0
1,2022-01-20,4,23,12,3.53,2.39,1.4,3.01,1.8,1.4,1.4,1.0
0,2022-01-21,4,11,52,3.74,2.28,0.4,2.91,0.8,0.0,1.0,0.6
2,2022-01-21,10,32,28,5.9,1.65,0.8,3.64,0.8,0.6,1.2,0.4
0,2022-01-22,4,64,105,3.57,2.25,0.6,3.22,0.8,0.6,1.8,0.8
1,2022-01-22,4,47,80,4.57,1.94,1.4,3.29,0.2,1.6,1.2,0.8
1,2022-01-22,10,21,37,3.07,2.76,0.8,2.75,1.8,0.2,1.0,1.2
2,2022-01-22,10,114,36,3.66,1.88,0.8,3.49,1.0,1.2,1.4,1.0
2,2022-01-23,4,23,75,3.05,2.39,1.6,3.48,1.6,1.4,1.2,1.4
0,2022-01-23,4,22,12,3.61,2.36,0.6,2.93,1.4,0.6,1.2,1.0
1,2022-01-23,4,69,26,5.19,1.84,1.8,3.25,1.2,1.8,0.4,1.4
0,2022-01-23,4,110,103,2.68,2.77,2.4,3.3,1.4,2.4,0.6,1.0
2,2022-01-23,10,67,4,28.47,1.08,1.0,9.02,1.4,0.6,1.0,0.6
0,2022-01-23,10,111,43,7.45,1.53,0.4,3.67,1.0,0.4,1.0,1.0
1,2022-01-23,10,38,18,3.12,2.65,2.6,2.72,3.0,1.8,0.8,1.4
2,2022-01-24,10,33,91,2.6,3.07,1.4,2.78,1.8,1.2,1.0,0.8
2,2022-01-24,10,41,108,7.48,1.54,1.4,3.64,1.0,1.0,0.8,0.8
0,2022-01-24,4,89,70,5.54,1.67,1.4,3.9,1.2,1.2,1.2,0.8
2,2022-01-28,10,91,114,3.09,2.6,1.6,2.83,1.4,0.8,0.4,1.0
2,2022-01-29,9,125,60,8.77,1.34,2.0,5.41,1.4,2.8,1.4,1.0
2,2022-01-29,4,79,24,3.71,2.28,1.6,2.99,1.4,1.4,1.2,1.4
2,2022-01-29,9,128,92,3.41,2.15,3.0,3.56,2.6,2.4,0.4,2.4
2,2022-01-29,10,37,43,5.88,1.72,1.8,3.31,1.4,1.0,0.4,1.0
1,2022-01-29,10,36,111,2.79,2.76,0.8,2.87,0.4,0.8,1.4,0.4
2,2022-01-30,9,94,45,3.02,2.36,1.2,3.54,1.0,1.6,1.6,1.8
0,2022-01-30,10,28,38,1.45,7.1,0.6,4.25,2.2,0.6,1.4,1.8
2,2022-01-30,10,108,32,3.27,2.58,0.8,2.68,0.8,1.2,1.4,0.8
1,2022-01-30,10,21,67,3.43,2.55,0.8,2.63,1.4,0.2,1.0,1.0
0,2022-01-30,9,61,16,2.32,2.94,0.2,3.73,1.4,0.6,2.6,1.8
0,2022-01-30,9,57,98,2.88,2.38,0.8,3.81,0.2,0.6,1.8,0.6
1,2022-01-31,10,18,33,8.1,1.5,2.6,3.81,1.8,1.6,0.6,1.2
1,2022-02-04,10,43,36,2.6,3.11,0.8,2.8,1.0,0.8,1.4,1.0
1,2022-02-04,10,67,37,2.97,2.95,1.6,2.64,1.8,1.0,0.6,1.2
0,2022-02-05,10,41,21,7.68,1.56,1.8,3.64,1.0,1.4,1.0,0.2
2,2022-02-05,10,111,91,3.04,2.61,0.6,2.93,1.6,0.4,0.8,1.0
2,2022-02-05,9,92,57,5.08,1.64,2.0,3.97,0.2,1.8,0.8,0.6
0,2022-02-05,4,70,75,2.62,2.77,1.2,3.34,1.4,1.4,2.2,1.4
0,2022-02-05,9,45,128,2.04,3.6,1.0,3.68,3.0,1.4,1.2,2.4
1,2022-02-05,10,114,18,2.78,2.87,1.2,2.84,2.2,0.8,1.0,1.6
2,2022-02-06,10,32,4,42.28,1.06,0.8,10.28,1.4,0.6,1.2,0.8
1,2022-02-06,9,16,94,5.08,1.62,1.4,4.25,1.8,1.8,1.2,2.0
0,2022-02-06,4,22,11,6.1,1.64,0.6,3.73,0.2,0.4,1.2,0.0
1,2022-02-06,9,98,125,2.13,3.24,0.8,3.64,2.0,1.6,2.4,2.4
2,2022-02-06,9,60,61,4.12,1.94,0.8,3.55,0.2,0.8,2.0,0.4
1,2022-02-06,10,38,108,7.16,1.47,2.2,4.17,1.4,2.0,0.8,1.4
2,2022-02-06,4,24,110,3.28,2.19,1.4,3.53,1.8,1.4,1.6,2.0
0,2022-02-06,4,80,79,2.89,2.65,0.4,3.15,2.0,0.8,1.8,1.6
2,2022-02-07,4,12,89,4.05,2.14,2.0,3.1,0.8,1.4,0.8,1.0
2,2022-02-07,4,103,64,8.77,1.44,1.4,4.38,0.6,1.2,1.4,0.8
2,2022-02-07,10,33,28,5.71,1.72,1.8,3.37,0.6,1.0,0.6,0.6
0,2022-02-08,4,23,26,3.02,2.56,1.6,3.13,1.4,1.4,1.2,1.8
2,2022-02-08,10,91,43,7.74,1.54,1.0,3.49,1.0,0.8,0.8,1.0
1,2022-02-08,10,18,111,6.12,1.77,1.8,3.03,1.0,1.6,1.0,0.6
1,2022-02-08,10,37,36,4.07,2.13,1.8,2.93,0.6,1.0,0.4,0.8
0,2022-02-09,10,4,38,1.16,17.67,0.8,7.01,1.8,0.6,1.2,2.2
1,2022-02-09,10,67,41,2.48,3.49,1.8,2.74,1.2,1.0,0.4,1.0
1,2022-02-09,10,21,32,3.36,2.65,1.6,2.59,1.4,0.4,0.6,0.8
2,2022-02-10,10,108,33,3.28,2.54,1.6,2.83,2.2,1.6,1.0,1.8
0,2022-02-10,4,52,47,2.9,2.9,1.2,2.84,1.6,0.6,1.4,1.6
0,2022-02-10,10,28,114,1.59,5.99,0.0,3.74,1.2,0.4,2.6,0.8
0,2022-02-11,1,86,88,1.47,6.92,1.6,4.54,2.0,1.4,1.6,1.8
1,2022-02-11,10,36,91,2.35,3.62,0.8,2.82,1.4,0.6,0.8,1.0
2,2022-02-12,9,98,92,3.09,2.24,1.0,3.77,2.0,2.0,2.4,1.4
0,2022-02-12,10,43,18,1.36,10.27,1.0,4.32,1.4,0.8,1.4,1.2
0,2022-02-12,4,47,103,3.04,2.56,1.6,3.08,1.4,2.0,1.2,1.6
0,2022-02-12,4,11,105,3.96,1.95,0.6,3.61,1.2,0.6,1.6,1.2
2,2022-02-12,10,41,37,5.64,1.74,1.4,3.25,1.8,1.2,1.2,1.0
2,2022-02-12,4,64,24,2.52,2.96,0.0,3.23,1.4,1.0,2.4,1.2
0,2022-02-12,1,8,13,1.95,4.28,0.0,3.42,1.0,0.2,2.0,1.0
1,2022-02-12,4,79,12,2.78,3.07,2.0,2.84,2.6,1.6,0.8,1.4
2,2022-02-12,1,122,83,5.46,1.64,2.0,3.99,2.0,2.2,1.6,1.4
0,2022-02-12,9,57,45,2.58,2.73,0.2,3.47,1.0,0.6,2.4,1.6
1,2022-02-12,1,104,100,1.95,3.64,1.2,3.82,1.6,1.6,2.0,1.8
1,2022-02-13,10,111,28,8.45,1.39,1.0,4.39,0.0,0.6,0.8,0.4
2,2022-02-13,10,32,67,3.61,2.37,1.4,2.83,1.4,0.8,0.8,0.8
1,2022-02-13,1,48,5,2.79,2.64,0.8,3.18,0.4,1.0,1.6,0.6
2,2022-02-13,9,128,60,4.43,1.89,3.0,3.49,1.4,2.8,0.6,1.0
2,2022-02-13,9,61,94,3.47,2.1,0.2,3.55,1.4,0.4,2.4,2.0
2,2022-02-13,9,125,16,5.42,1.53,2.2,4.8,1.4,2.8,1.4,2.2
2,2022-02-13,10,38,21,6.64,1.62,1.8,3.54,1.8,2.2,1.0,0.6
1,2022-02-13,1,56,0,6.8,1.41,2.0,5.01,2.0,2.2,1.4,1.0
0,2022-02-13,4,26,70,5.02,1.86,2.0,3.27,0.6,1.4,1.2,1.2
0,2022-02-13,4,89,22,3.28,2.33,0.2,3.25,0.4,0.8,2.2,0.8
2,2022-02-13,4,110,23,3.05,2.36,1.8,3.47,1.0,2.0,0.8,0.8
2,2022-02-14,10,33,4,14.55,1.24,1.6,5.94,0.2,1.8,1.0,0.2
2,2022-02-14,10,114,108,5.51,1.74,1.6,3.34,1.6,2.0,1.2,1.6
1,2022-02-15,4,75,80,6.45,1.54,1.8,4.18,0.4,2.0,1.4,0.4
2,2022-02-17,4,64,22,2.36,3.14,0.6,3.26,0.8,1.2,2.0,1.4
0,2022-02-17,10,4,41,1.18,20.33,0.0,6.17,2.0,0.2,2.0,1.8
0,2022-02-18,10,96,3,2.31,3.36,0.2,3.24,1.2,1.0,3.2,1.0
1,2022-02-18,10,108,111,2.69,3.01,1.4,2.84,1.2,1.6,1.8,0.4
2,2022-02-18,10,28,43,9.18,1.19,0.2,4.77,0.8,0.4,3.0,0.8
2,2022-02-19,1,83,104,3.33,2.15,1.4,3.87,1.4,1.2,1.2,2.0
2,2022-02-19,1,13,48,4.86,1.7,1.6,3.82,1.0,1.4,1.0,1.2
0,2022-02-19,1,5,56,1.9,3.9,0.6,3.66,1.6,0.6,1.0,2.0
0,2022-02-19,9,60,98,2.97,2.43,0.8,3.52,1.6,0.6,2.2,3.0
2,2022-02-19,9,16,57,5.26,1.53,1.2,4.15,0.0,2.0,1.8,0.4
2,2022-02-19,10,37,91,2.71,3.0,1.2,2.83,1.4,0.6,0.8,1.2
1,2022-02-19,10,67,38,1.75,5.19,1.2,3.33,2.2,0.8,0.6,2.8
2,2022-02-19,4,80,64,4.34,1.96,0.6,3.48,1.2,0.8,1.6,1.6
1,2022-02-19,4,24,70,5.12,1.79,0.8,3.72,1.2,0.6,1.6,1.6
1,2022-02-19,4,52,89,2.52,3.09,1.2,3.08,0.2,0.8,1.6,1.2
2,2022-02-19,4,79,69,2.6,3.0,2.2,3.2,1.4,1.8,0.6,1.4
1,2022-02-20,10,21,33,3.03,2.73,1.2,2.72,2.0,0.8,0.8,2.0
1,2022-02-20,9,92,61,4.0,1.87,1.4,3.89,0.8,1.2,1.6,0.6
1,2022-02-20,9,45,125,1.79,4.36,1.0,3.8,2.2,1.2,1.6,2.6
0,2022-02-20,10,66,2,5.37,1.67,1.4,3.81,1.4,1.6,1.8,1.8
2,2022-02-20,10,18,36,8.8,1.41,1.4,4.17,0.8,1.4,1.2,0.6
2,2022-02-20,10,34,72,5.89,1.58,1.6,4.32,1.0,1.6,0.8,1.2
0,2022-02-20,10,71,17,2.6,2.76,0.4,3.44,3.0,0.6,1.8,1.6
2,2022-02-20,10,93,117,7.66,1.38,1.4,5.25,1.4,1.8,0.6,1.4
2,2022-02-20,1,0,8,3.62,2.09,1.6,3.41,0.0,1.0,1.2,0.2
2,2022-02-20,1,88,122,9.6,1.27,2.0,6.02,2.0,2.0,0.8,1.8
1,2022-02-20,1,100,86,4.31,1.86,1.6,3.88,1.6,1.6,1.0,1.4
1,2022-02-20,9,94,128,2.02,3.51,1.4,3.8,3.0,2.0,1.6,2.6
0,2022-02-20,4,22,75,3.1,2.39,0.8,3.35,2.0,1.4,2.0,2.0
2,2022-02-20,4,23,47,3.49,2.26,1.0,3.17,1.4,1.0,1.2,1.8
2,2022-02-20,4,103,11,7.11,1.5,2.0,4.4,0.6,2.0,1.6,0.6
1,2022-02-21,4,12,110,4.76,1.94,2.2,3.18,1.8,1.4,0.6,2.2
0,2022-02-21,4,105,26,2.41,3.05,1.8,3.29,2.0,1.4,1.8,1.4
0,2022-02-21,10,41,32,6.08,1.57,2.0,3.82,2.0,3.0,1.2,1.0
0,2022-02-21,10,4,114,1.09,27.97,0.0,11.05,2.0,0.6,3.4,2.2
0,2022-02-21,10,82,119,3.42,2.09,1.4,3.55,1.6,1.4,1.2,2.2
2,2022-02-25,10,114,21,9.33,1.45,2.0,4.05,1.2,2.6,1.2,1.0
2,2022-02-25,10,111,4,13.52,1.24,1.4,5.93,0.0,0.6,0.4,0.6
2,2022-02-25,10,117,3,1.86,4.26,0.8,3.72,1.8,1.0,2.4,1.6
2,2022-02-25,4,75,64,7.91,1.42,2.0,4.58,1.2,2.2,1.4,1.6
1,2022-02-25,4,80,105,3.56,2.22,1.0,3.19,1.8,1.2,1.6,1.4
0,2022-02-26,10,43,108,1.06,31.38,0.2,12.15,1.6,0.6,2.4,1.4
2,2022-02-26,6,76,115,2.97,2.89,1.0,2.91,1.8,0.8,1.8,1.4
1,2022-02-26,10,36,28,4.63,1.88,0.8,3.25,0.8,0.8,1.0,1.0
0,2022-02-26,6,97,19,2.7,2.87,1.0,3.17,1.4,1.0,1.6,0.8
2,2022-02-26,6,95,9,5.74,1.62,1.4,3.86,1.4,2.0,1.2,1.2
0,2022-02-26,4,70,23,2.7,2.71,1.4,3.2,1.4,1.6,2.0,1.2
0,2022-02-26,10,91,18,2.96,2.91,1.4,2.88,1.8,1.4,1.2,1.2
2,2022-02-26,9,60,92,3.01,2.5,0.6,3.14,1.4,0.4,2.4,1.0
0,2022-02-26,6,53,30,1.68,5.43,0.4,3.85,2.6,1.0,2.4,2.4
0,2022-02-26,4,52,103,1.86,4.39,1.4,3.52,2.4,0.8,1.0,2.2
2,2022-02-26,9,125,94,8.53,1.33,2.2,5.33,1.6,2.8,1.2,1.6
0,2022-02-26,4,69,11,6.69,1.51,1.2,4.21,0.6,1.4,0.8,0.8
2,2022-02-26,4,24,12,3.28,2.46,1.0,3.04,1.8,0.8,1.4,1.2
0,2022-02-26,1,8,5,2.3,3.32,0.0,3.19,0.4,0.2,2.0,0.6
0,2022-02-27,10,119,34,2.44,2.96,1.6,3.43,2.2,1.4,1.2,1.8
1,2022-02-27,10,72,66,2.4,3.04,0.8,3.41,0.8,1.0,1.4,1.0
0,2022-02-27,10,38,41,4.38,1.93,2.2,3.24,1.4,2.4,1.0,2.4
1,2022-02-27,1,0,83,2.54,2.8,2.0,3.38,1.4,1.4,1.2,1.6
0,2022-02-27,10,2,93,2.61,2.61,2.0,3.5,1.8,1.8,1.0,2.2
0,2022-02-27,1,104,86,2.09,3.31,0.8,3.87,1.2,1.4,2.2,1.6
1,2022-02-27,10,33,67,4.65,1.96,1.6,3.1,0.8,2.0,1.0,0.4
1,2022-02-27,10,32,37,3.54,2.42,2.0,2.73,1.6,0.8,0.4,1.2
2,2022-02-27,1,100,48,5.76,1.56,1.8,4.31,1.0,1.8,1.0,1.2
2,2022-02-27,6,6,112,5.02,1.85,2.4,3.33,0.6,2.4,1.0,0.6
1,2022-02-27,10,71,82,2.7,2.55,0.4,3.71,0.8,0.6,1.8,1.2
2,2022-02-27,9,98,45,3.38,2.12,2.0,3.57,1.0,3.2,1.6,1.4
2,2022-02-27,1,13,122,3.33,2.19,2.0,3.56,2.0,1.8,1.0,1.6
0,2022-02-27,9,57,61,2.41,2.91,0.0,3.39,0.8,0.2,2.6,0.6
2,2022-02-27,9,128,16,2.92,2.27,2.6,3.85,1.6,2.2,0.6,2.4
1,2022-02-27,4,110,22,2.61,2.79,1.4,3.2,0.6,1.2,1.0,1.4
0,2022-02-27,4,47,79,3.56,2.28,0.8,3.1,2.6,1.4,1.8,1.8
0,2022-02-28,4,26,89,4.39,1.97,2.0,3.2,0.2,1.8,1.0,1.0
2,2022-02-28,10,17,96,5.79,1.63,3.0,4.03,0.2,1.6,0.4,1.0
2,2022-02-28,6,127,85,14.46,1.2,1.8,7.3,0.6,2.0,0.8,1.2
2,2022-03-01,9,92,125,2.19,3.19,0.8,3.6,2.2,0.6,1.8,2.4
2,2022-03-01,10,21,111,2.6,3.37,1.0,2.65,1.8,1.0,1.2,0.8
0,2022-03-01,10,28,91,2.14,3.72,1.0,3.2,0.8,1.2,2.2,0.8
2,2022-03-01,10,108,36,3.45,2.3,1.6,2.98,0.8,1.8,1.4,0.8
1,2022-03-02,4,22,80,5.41,1.78,0.8,3.43,1.2,1.4,2.0,1.2
1,2022-03-02,1,56,88,1.9,3.81,2.0,3.94,2.4,2.0,1.2,2.4
2,2022-03-02,9,94,57,4.37,1.93,1.0,3.42,0.0,1.4,1.6,0.4
0,2022-03-02,9,61,128,2.43,2.85,1.4,3.52,2.6,1.0,1.4,2.4
0,2022-03-02,10,67,114,1.92,4.76,0.8,3.04,2.6,0.4,0.6,2.6
2,2022-03-02,10,4,43,11.17,1.28,0.0,5.06,0.2,0.6,3.6,0.4
1,2022-03-02,4,79,52,5.58,1.75,2.6,3.46,0.8,2.0,0.8,0.8
0,2022-03-02,4,105,24,3.46,2.28,2.0,3.28,1.4,1.6,1.4,1.0
1,2022-03-02,4,64,70,2.74,2.77,1.2,3.04,1.4,1.6,2.0,1.6
1,2022-03-02,4,23,69,2.65,2.85,1.8,3.2,1.0,1.2,1.0,1.2
0,2022-03-02,10,37,18,2.21,3.88,1.2,2.89,2.2,0.6,0.8,1.4
2,2022-03-03,10,32,38,2.55,3.24,2.2,2.77,1.6,0.8,0.2,1.8
1,2022-03-03,9,16,98,3.51,2.0,1.4,3.83,2.6,2.4,2.0,3.4
0,2022-03-03,9,45,60,3.05,2.53,0.8,3.16,1.2,1.0,1.8,0.8
0,2022-03-03,4,12,75,2.79,2.87,1.6,2.96,2.0,1.0,0.8,2.4
2,2022-03-03,4,89,110,3.93,2.04,0.8,3.39,1.0,1.2,2.0,0.6
1,2022-03-03,4,11,47,3.06,2.66,1.2,2.98,0.8,1.2,1.2,1.6
1,2022-03-03,4,103,26,5.4,1.68,3.0,3.98,1.4,2.8,1.6,1.8
2,2022-03-03,10,41,33,5.97,1.68,2.0,3.49,1.6,2.8,0.8,1.8
2,2022-03-04,10,34,82,5.03,1.7,2.2,3.93,1.0,1.6,0.4,1.0
2,2022-03-04,10,91,108,5.47,1.74,1.4,3.52,2.0,1.4,1.4,2.0
2,2022-03-04,10,66,119,4.46,1.81,0.4,3.61,1.6,0.8,2.0,1.4
2,2022-03-05,10,111,67,7.68,1.6,1.2,3.64,0.6,0.6,0.4,0.4
2,2022-03-05,10,36,4,13.02,1.28,0.6,5.23,0.6,1.0,1.4,1.0
0,2022-03-05,4,70,105,4.44,1.94,1.0,3.38,1.4,0.8,1.2,1.2
2,2022-03-05,1,88,8,20.21,1.16,2.6,8.29,0.0,2.2,0.4,0.2
1,2022-03-05,9,125,61,7.01,1.42,1.6,4.8,1.4,2.2,1.6,1.0
0,2022-03-05,9,57,128,1.88,3.97,0.0,3.79,2.6,0.2,1.8,2.6
0,2022-03-05,4,80,12,2.78,2.9,1.2,2.93,1.0,1.2,1.2,0.6
2,2022-03-05,6,19,76,8.78,1.44,2.0,4.25,1.6,1.0,0.4,0.8
0,2022-03-05,4,52,23,2.41,3.32,1.0,3.08,1.4,1.0,1.4,0.8
2,2022-03-06,4,69,22,4.95,1.82,1.0,3.58,1.0,1.2,1.0,1.2
1,2022-03-06,6,55,9,4.95,1.89,1.6,3.41,1.2,1.2,0.4,1.2
2,2022-03-06,6,59,53,4.4,1.95,0.8,3.52,0.4,1.0,1.4,1.0
0,2022-03-06,10,43,21,1.1,39.53,0.0,8.71,1.0,0.2,2.6,1.0
0,2022-03-06,6,30,97,3.2,2.31,2.6,3.47,0.8,2.8,0.8,0.8
2,2022-03-06,10,18,28,15.42,1.21,2.6,6.51,1.0,1.4,0.4,1.4
2,2022-03-06,10,38,37,6.33,1.59,1.4,3.7,1.0,1.4,1.2,0.6
1,2022-03-06,9,98,94,5.46,1.59,2.2,4.4,1.0,2.8,1.2,1.2
0,2022-03-06,9,45,92,2.47,2.79,0.8,3.47,1.4,1.2,1.8,0.8
1,2022-03-06,1,83,100,2.36,3.06,1.4,3.41,1.8,1.4,1.4,2.2
0,2022-03-06,4,26,79,3.76,2.2,1.4,3.04,2.2,1.8,1.4,1.6
2,2022-03-06,4,47,89,3.22,2.43,0.8,3.1,1.4,1.8,2.2,1.6
1,2022-03-06,10,96,72,2.35,3.04,0.2,3.42,0.8,1.0,2.2,1.4
0,2022-03-06,1,5,13,2.57,2.99,1.0,3.16,2.0,1.0,1.4,1.6
0,2022-03-06,1,48,104,2.96,2.34,0.4,3.77,0.2,0.8,2.0,0.8
2,2022-03-06,1,86,0,5.09,1.64,1.6,4.21,1.6,1.6,1.2,1.2
0,2022-03-06,9,60,16,2.85,2.46,1.8,3.49,1.0,1.2,1.4,2.2
0,2022-03-06,10,93,17,4.11,1.94,1.8,3.64,3.0,1.8,0.6,1.6
2,2022-03-06,1,122,56,2.13,3.05,1.4,3.98,2.2,1.4,1.2,1.8
1,2022-03-06,10,2,117,5.83,1.63,1.4,3.91,1.4,1.6,1.8,1.6
2,2022-03-07,6,127,112,14.08,1.21,2.2,7.12,0.4,2.6,1.2,0.8
0,2022-03-07,6,39,95,2.54,2.89,1.0,3.35,1.4,2.0,2.2,1.6
2,2022-03-07,6,54,115,2.73,2.67,1.6,3.27,1.6,1.4,1.2,1.4
0,2022-03-07,10,3,71,3.65,2.09,1.6,3.48,0.6,2.0,1.4,0.6
0,2022-03-07,6,6,85,4.22,1.83,2.4,4.06,0.6,2.2,1.0,1.4
2,2022-03-07,10,114,41,4.17,1.95,3.0,3.26,2.4,3.0,0.4,3.0
0,2022-03-07,10,33,32,3.74,2.28,1.0,2.84,2.2,1.0,1.2,0.8
1,2022-03-11,10,71,96,4.11,1.93,1.0,3.63,0.4,0.8,1.4,1.2
2,2022-03-11,10,111,4,17.45,1.17,1.6,6.89,0.6,1.0,0.6,1.0
2,2022-03-11,10,114,32,8.97,1.42,3.0,4.07,2.6,2.0,0.2,1.0
0,2022-03-12,6,59,19,2.08,3.84,1.2,3.39,2.4,1.4,1.6,1.2
0,2022-03-12,6,9,30,1.75,4.86,1.4,3.78,2.0,1.4,1.6,1.8
0,2022-03-12,4,23,103,2.79,2.63,2.0,3.33,2.6,1.0,0.6,2.8
2,2022-03-12,4,69,64,8.36,1.45,1.0,4.23,1.4,0.8,1.2,1.0
0,2022-03-12,9,94,60,2.55,2.94,1.0,3.22,1.2,0.8,1.2,0.8
0,2022-03-12,9,128,98,3.74,1.93,2.6,3.84,2.2,2.4,0.6,2.4
2,2022-03-12,10,18,37,10.0,1.41,3.0,4.19,0.8,2.2,0.6,0.6
1,2022-03-12,10,21,108,3.38,2.58,1.4,2.64,1.4,1.6,1.0,1.6
2,2022-03-12,1,5,83,3.5,2.29,0.8,3.34,1.6,1.0,1.6,1.8
1,2022-03-12,1,8,48,2.28,3.22,0.0,3.37,0.4,0.2,2.4,0.6
2,2022-03-12,4,70,80,3.55,2.29,1.0,2.97,1.2,0.6,0.8,1.2
0,2022-03-12,4,52,12,2.3,3.78,0.4,2.91,1.0,0.8,1.6,0.8
1,2022-03-12,6,112,76,6.51,1.69,0.2,3.56,1.6,0.4,1.8,0.6
2,2022-03-13,1,13,122,3.17,2.32,2.4,3.39,1.4,1.8,0.8,1.0
0,2022-03-13,6,97,54,5.85,1.6,1.4,3.94,2.2,1.0,1.4,1.8
1,2022-03-13,6,53,95,1.76,4.55,0.2,4.03,2.0,1.4,3.0,1.6
1,2022-03-13,6,115,6,2.54,3.25,1.4,2.88,1.8,1.4,1.0,2.0
2,2022-03-13,9,61,45,3.46,2.15,1.6,3.57,0.8,1.2,1.2,1.4
1,2022-03-13,9,57,125,1.48,6.34,0.0,4.7,1.6,0.2,2.0,2.0
2,2022-03-13,10,36,28,4.23,2.04,1.0,3.12,1.0,1.2,1.4,1.4
2,2022-03-13,10,91,67,7.24,1.59,1.4,3.48,0.4,1.4,1.6,0.4
2,2022-03-13,1,88,100,7.07,1.45,2.6,4.75,1.8,2.6,0.2,2.4
2,2022-03-13,1,56,104,5.93,1.49,1.6,4.84,0.8,1.6,1.0,1.0
1,2022-03-13,6,55,127,1.76,4.62,1.2,3.87,2.2,1.0,0.8,2.0
2,2022-03-13,9,16,92,2.89,2.36,1.4,3.75,1.4,2.0,1.8,1.4
0,2022-03-13,1,0,86,1.85,4.0,1.0,4.0,2.0,1.0,1.8,2.0
2,2022-03-13,10,82,93,2.27,3.01,0.8,3.66,1.6,0.8,1.2,1.8
0,2022-03-13,4,105,75,1.95,3.81,1.4,3.72,2.6,1.0,1.4,2.4
2,2022-03-13,10,119,117,5.63,1.63,1.4,4.06,1.0,1.2,1.6,1.0
1,2022-03-13,10,17,3,3.99,2.07,3.0,3.32,1.0,1.4,0.2,1.8
2,2022-03-13,4,11,79,2.84,2.67,1.4,3.17,2.2,1.6,1.4,1.8
2,2022-03-13,4,26,110,3.51,2.18,0.8,3.26,1.0,1.8,2.0,0.8
0,2022-03-13,10,66,34,3.38,2.25,1.0,3.36,2.6,1.4,1.6,2.2
1,2022-03-13,4,47,22,3.06,2.58,0.8,3.04,0.4,1.4,2.0,0.8
0,2022-03-14,10,72,2,2.95,2.38,1.0,3.5,1.4,1.6,1.8,1.4
2,2022-03-14,10,33,43,,1.05,1.0,,0.0,0.8,1.0,0.2
0,2022-03-14,6,85,39,3.33,2.38,0.6,3.12,0.4,1.4,2.2,1.0
2,2022-03-14,4,89,24,3.72,2.13,1.4,3.38,2.0,1.4,1.4,1.2
2,2022-03-14,10,38,41,4.23,2.04,1.4,3.12,1.8,1.0,1.2,2.4
2,2022-03-16,4,69,52,9.04,1.41,1.4,4.34,0.4,0.8,1.0,0.8
2,2022-03-18,10,33,111,3.04,2.61,1.0,2.8,2.0,1.4,1.0,1.6
2,2022-03-18,10,37,114,1.72,5.15,0.8,3.45,3.0,0.8,1.2,2.2
2,2022-03-18,4,80,11,2.78,2.83,1.0,3.06,1.4,0.8,1.2,1.4
0,2022-03-19,1,83,8,5.08,1.69,1.0,3.92,0.2,1.4,1.8,0.0
1,2022-03-19,1,104,5,2.57,2.75,0.8,3.43,1.4,1.0,2.6,1.2
0,2022-03-19,6,115,53,4.62,1.96,1.4,3.26,0.2,1.2,0.8,0.8
1,2022-03-19,6,76,97,1.66,5.57,1.6,3.79,1.2,0.6,0.4,1.0
0,2022-03-19,6,6,59,4.0,2.02,1.4,3.39,1.2,1.6,1.2,1.4
2,2022-03-19,6,127,9,14.32,1.22,1.8,7.0,0.8,1.8,1.2,1.0
0,2022-03-19,9,125,128,5.31,1.59,1.2,4.38,2.0,1.8,1.6,1.8
1,2022-03-19,4,79,89,3.55,2.23,2.0,3.27,2.0,1.8,1.2,1.8
2,2022-03-19,9,98,61,3.74,1.92,2.2,3.83,1.6,2.0,0.6,1.2
1,2022-03-19,10,41,18,2.77,3.1,1.2,2.75,3.0,0.8,0.8,2.4
0,2022-03-19,10,4,36,1.36,9.59,0.6,4.51,1.4,0.6,1.8,1.6
0,2022-03-19,10,43,108,,24.85,0.0,,1.6,0.0,3.6,1.6
0,2022-03-19,4,110,70,3.58,2.13,1.0,3.29,1.0,1.0,1.2,0.4
2,2022-03-20,4,103,69,3.59,2.24,2.6,3.31,2.0,2.6,1.2,1.4
2,2022-03-20,4,75,26,4.53,1.93,2.6,3.36,1.4,2.4,0.8,2.0
0,2022-03-20,10,32,38,1.72,5.31,2.0,3.37,1.4,0.8,0.8,0.8
1,2022-03-20,10,28,91,1.88,4.24,0.8,3.41,1.8,1.6,2.2,1.8
2,2022-03-20,9,92,94,4.26,1.82,1.4,3.97,1.0,1.2,1.4,0.8
2,2022-03-20,4,22,105,6.54,1.55,0.6,4.19,0.8,0.6,1.2,0.8
0,2022-03-20,9,45,16,2.38,3.0,0.2,3.5,2.0,1.0,2.2,2.2
2,2022-03-20,6,19,85,7.94,1.41,3.0,4.66,0.6,1.6,0.2,1.2
1,2022-03-20,1,48,56,1.61,5.05,0.4,4.42,1.6,0.2,1.4,2.2
2,2022-03-20,1,100,0,7.96,1.33,1.2,5.31,1.0,1.8,1.4,1.2
2,2022-03-20,10,117,72,1.93,3.74,1.0,3.94,1.0,0.8,1.6,1.6
1,2022-03-20,10,96,82,2.28,3.15,0.6,3.48,0.8,1.2,1.6,0.4
0,2022-03-20,10,93,66,2.62,2.72,1.4,3.52,1.0,1.8,1.0,1.2
2,2022-03-20,10,34,71,7.49,1.42,3.0,4.89,1.0,2.2,0.2,0.8
2,2022-03-20,9,60,57,5.09,1.8,1.8,3.36,0.2,1.4,1.0,0.6
2,2022-03-20,10,2,17,2.67,2.79,1.4,3.23,2.6,1.4,1.8,1.2
0,2022-03-20,1,122,88,1.63,5.27,1.2,4.15,2.6,0.8,1.2,1.8
1,2022-03-20,1,86,13,3.28,2.3,2.0,3.35,3.0,2.2,1.0,1.8
1,2022-03-20,10,3,119,2.86,2.63,1.0,3.31,1.4,1.8,2.0,1.0
1,2022-03-20,6,112,54,2.98,2.57,0.2,3.18,2.2,0.2,1.6,1.8
0,2022-03-20,6,95,55,3.76,2.16,2.0,3.26,1.2,1.4,0.4,1.0
1,2022-03-20,6,30,39,6.86,1.49,2.0,4.07,0.8,2.0,0.8,1.0
2,2022-03-21,10,67,21,2.89,3.09,0.4,2.58,1.6,0.6,1.8,1.2
1,2022-03-21,4,12,47,3.84,2.33,1.4,2.88,1.0,1.0,0.8,1.2
0,2022-03-21,4,64,23,2.3,3.24,0.8,3.31,2.0,0.8,1.6,0.8
2,2022-03-21,4,24,52,6.77,1.58,1.4,3.88,0.2,1.0,1.6,0.8
1,2022-03-26,4,110,64,6.94,1.51,0.4,4.29,0.2,0.8,1.6,0.6
0,2022-04-01,10,21,28,6.03,1.71,1.4,3.23,0.4,1.0,0.4,0.8
2,2022-04-01,10,119,96,4.86,1.83,1.4,3.41,0.6,1.0,1.2,1.2
1,2022-04-01,10,108,67,4.05,2.19,2.0,3.03,0.8,1.8,0.8,0.6
0,2022-04-01,6,85,53,2.66,2.85,0.6,3.32,0.8,1.2,2.8,0.8
2,2022-04-02,10,111,43,49.77,1.05,1.8,13.11,0.0,1.4,0.6,0.0
1,2022-04-02,1,8,5,2.31,3.38,0.8,3.19,1.4,0.4,1.8,1.0
2,2022-04-02,10,37,41,2.4,3.27,0.8,2.95,1.4,0.8,1.2,0.8
2,2022-04-02,10,36,33,3.36,2.46,2.0,2.9,1.4,1.6,1.0,1.4
0,2022-04-02,1,56,83,5.51,1.52,1.6,4.7,1.0,1.8,0.2,1.4
0,2022-04-02,1,48,104,3.02,2.37,0.4,3.51,0.8,0.0,1.2,0.6
2,2022-04-02,4,11,64,5.01,1.77,1.4,3.53,0.4,1.6,1.4,0.8
1,2022-04-02,9,128,45,4.97,1.69,2.4,4.18,0.0,2.0,1.2,1.0
0,2022-04-02,9,94,98,1.89,3.59,0.8,4.09,2.2,0.8,1.8,2.2
2,2022-04-02,6,59,97,2.0,3.86,1.8,3.56,0.8,1.8,1.4,0.8
0,2022-04-02,6,39,76,5.42,1.81,1.0,3.38,1.2,1.2,1.8,0.4
0,2022-04-02,6,55,112,4.37,2.05,1.6,3.05,0.4,1.6,1.2,0.4
1,2022-04-02,6,9,6,2.13,3.66,0.2,3.38,1.4,0.6,2.6,1.8
0,2022-04-03,10,2,34,2.16,3.2,2.0,3.5,3.0,1.8,1.2,1.8
1,2022-04-03,10,3,117,3.58,2.27,1.0,3.06,1.4,1.8,2.0,1.0
1,2022-04-03,6,95,127,1.7,4.56,2.0,3.93,2.2,1.6,0.6,2.0
1,2022-04-03,6,19,115,6.73,1.51,3.0,4.24,0.8,2.6,0.4,1.0
0,2022-04-03,6,54,30,2.04,3.61,2.2,3.68,1.6,1.4,0.8,1.8
1,2022-04-03,1,13,0,6.81,1.47,2.6,4.61,0.8,1.6,0.6,1.0
0,2022-04-03,1,122,100,2.44,2.88,0.6,3.54,1.6,0.6,1.8,2.0
2,2022-04-03,1,88,86,8.54,1.33,2.6,5.44,2.2,2.2,0.2,2.2
0,2022-04-03,10,38,114,3.63,2.09,1.8,3.39,2.4,1.2,1.0,1.8
2,2022-04-03,10,72,71,3.52,2.18,0.4,3.29,1.0,1.2,2.2,0.8
0,2022-04-03,10,17,82,3.57,2.22,2.0,3.33,1.0,1.0,0.8,0.6
1,2022-04-03,4,23,80,4.52,1.93,2.0,3.34,1.0,0.8,0.8,0.8
1,2022-04-03,9,61,60,3.29,2.36,1.4,3.25,2.4,1.4,1.6,2.0
1,2022-04-03,9,16,125,2.17,3.1,2.0,3.88,1.0,2.4,1.6,1.6
2,2022-04-03,9,57,92,2.05,3.61,0.2,3.56,1.8,0.8,2.0,1.4
2,2022-04-03,4,26,12,3.57,2.35,0.8,2.98,1.4,1.2,1.8,1.2
0,2022-04-03,4,70,22,2.63,3.01,1.4,3.01,1.2,0.8,0.6,1.0
2,2022-04-03,4,105,79,2.28,3.28,0.8,3.31,1.6,0.6,1.8,2.0
0,2022-04-03,4,52,110,2.68,2.92,0.2,3.0,0.4,0.4,1.6,1.0
2,2022-04-04,10,18,32,11.07,1.37,2.6,4.1,1.4,2.0,0.4,1.0
2,2022-04-04,10,91,4,30.98,1.1,2.0,9.65,0.6,1.6,1.0,0.4
2,2022-04-04,4,103,24,6.15,1.55,2.6,4.35,2.0,2.4,1.0,1.2
2,2022-04-04,4,89,75,2.71,2.59,2.0,3.47,3.0,2.2,1.2,2.2
2,2022-04-04,10,66,93,4.11,1.86,1.4,3.74,1.2,1.2,1.2,1.6
2,2022-04-06,6,39,55,3.01,2.68,0.8,3.11,1.6,1.0,1.8,1.8
1,2022-04-07,4,24,11,4.42,1.89,1.8,3.53,2.0,1.0,1.4,1.6
1,2022-04-07,4,105,69,2.0,3.67,1.2,3.68,2.0,0.8,1.8,1.4
0,2022-04-08,10,28,108,2.12,3.52,0.8,3.2,1.6,1.0,2.0,1.4
0,2022-04-08,10,4,21,1.18,21.24,0.6,6.23,1.4,0.4,2.2,1.0
2,2022-04-08,10,2,82,3.83,2.03,1.4,3.63,1.6,1.4,1.4,0.8
2,2022-04-08,4,12,70,4.68,1.99,1.4,2.99,1.4,1.2,0.8,0.8
2,2022-04-08,4,75,103,3.89,1.94,2.4,3.72,2.6,1.8,0.8,2.4
0,2022-04-09,6,76,30,1.62,6.14,1.6,4.01,2.0,0.8,0.6,1.8
1,2022-04-09,4,79,110,4.38,1.8,1.0,3.81,0.8,1.6,1.6,1.2
1,2022-04-09,4,64,26,3.34,2.37,0.4,3.18,1.4,0.6,1.2,1.2
2,2022-04-09,4,11,23,2.49,2.97,1.6,3.21,1.6,1.4,1.2,0.8
1,2022-04-09,9,125,57,7.83,1.37,0.6,5.41,0.8,1.4,1.8,1.4
1,2022-04-09,9,45,61,2.31,3.05,0.2,3.57,1.0,1.2,2.4,1.4
2,2022-04-09,6,53,19,1.57,5.69,1.4,4.42,2.6,1.2,1.6,2.6
1,2022-04-09,1,5,56,1.88,3.84,1.6,3.87,1.0,1.4,0.8,1.2
0,2022-04-09,6,6,127,1.74,4.49,1.0,4.0,2.2,1.0,1.2,1.8
0,2022-04-09,1,104,8,3.95,1.96,1.4,3.6,1.0,0.4,1.6,0.8
0,2022-04-09,10,111,36,4.35,2.03,1.8,2.98,2.4,1.8,0.6,2.0
0,2022-04-09,10,32,41,2.27,3.53,1.2,2.95,0.8,1.0,1.8,0.4
0,2022-04-09,6,85,54,3.51,2.0,0.6,3.89,1.6,1.6,3.0,1.0
1,2022-04-09,1,83,48,4.21,1.93,1.0,3.63,0.4,1.2,1.4,0.0
2,2022-04-10,6,97,9,8.27,1.41,0.8,4.85,0.4,0.8,1.2,0.6
2,2022-04-10,6,39,59,2.95,2.61,1.4,3.2,2.4,1.0,1.0,2.0
1,2022-04-10,9,98,16,3.42,2.0,2.2,4.19,2.2,2.4,1.0,2.4
2,2022-04-10,9,92,128,3.03,2.37,1.8,3.66,2.0,1.6,1.8,1.4
2,2022-04-10,4,69,89,4.66,1.77,2.0,3.67,2.0,1.8,1.2,2.4
1,2022-04-10,4,105,47,2.23,3.31,1.4,3.35,1.2,1.0,1.8,1.2
0,2022-04-10,6,112,95,2.72,2.77,1.0,3.18,1.6,0.8,1.2,1.0
0,2022-04-10,6,115,55,2.87,2.85,0.4,2.92,1.0,0.6,1.2,1.4
0,2022-04-10,10,33,91,2.62,3.04,1.2,2.86,2.6,1.4,1.4,2.8
2,2022-04-10,10,114,18,3.01,2.59,2.4,2.9,2.6,2.0,0.6,2.0
2,2022-04-10,4,22,52,11.11,1.31,1.6,5.33,0.0,1.2,0.6,0.2
0,2022-04-10,9,60,94,5.43,1.7,2.0,3.79,0.8,2.0,1.2,0.6
2,2022-04-10,1,86,122,3.28,2.16,2.0,3.6,0.6,2.0,0.8,0.6
2,2022-04-10,10,34,66,4.04,2.06,3.0,3.42,2.0,1.6,0.0,1.8
2,2022-04-10,10,93,17,3.87,2.02,0.6,3.51,1.4,1.4,1.6,0.6
1,2022-04-10,10,71,3,3.66,2.1,1.0,3.52,0.6,1.0,1.2,1.2
1,2022-04-10,10,96,72,2.61,2.81,0.6,3.41,1.0,1.0,1.4,1.6
2,2022-04-10,1,100,13,3.77,2.03,2.0,3.46,2.2,2.0,0.8,1.4
0,2022-04-10,1,0,88,1.19,14.78,0.4,7.77,2.6,0.8,2.2,2.2
0,2022-04-11,4,80,103,2.09,3.77,1.0,3.38,2.0,0.8,1.4,2.0
0,2022-04-11,10,43,67,1.12,23.61,0.0,8.03,0.8,0.0,3.4,0.8
2,2022-04-11,10,38,37,7.51,1.47,1.8,4.02,1.2,1.2,1.0,1.0
1,2022-04-11,10,117,119,2.3,3.2,1.6,3.42,1.4,1.0,0.8,1.2
1,2022-04-12,4,75,24,7.48,1.39,2.4,5.05,1.4,1.6,0.8,0.8
0,2022-04-13,10,82,66,2.17,3.3,1.4,3.69,1.8,0.8,1.6,1.4
2,2022-04-14,10,93,34,2.51,2.83,0.6,3.63,3.0,1.2,1.4,1.4
0,2022-04-14,10,3,119,2.24,3.36,0.8,3.27,1.6,1.2,1.4,1.6
2,2022-04-14,10,72,117,5.57,1.63,1.0,4.09,1.2,1.6,2.0,0.8
0,2022-04-14,10,17,2,2.73,2.59,0.8,3.35,2.0,0.4,1.6,1.8
0,2022-04-14,4,47,69,3.39,2.38,1.4,3.08,2.0,1.0,0.8,1.6
2,2022-04-15,10,71,96,3.69,2.02,1.0,3.86,0.8,1.4,1.6,1.4
2,2022-04-15,6,30,6,5.27,1.67,2.0,4.19,0.4,1.4,0.8,0.6
0,2022-04-15,4,12,64,7.43,1.58,2.0,3.68,0.4,1.6,0.8,0.8
2,2022-04-15,10,67,28,3.76,2.05,1.4,3.24,0.8,1.2,1.4,1.0
0,2022-04-15,10,21,33,3.82,2.29,1.4,2.8,1.2,1.4,0.6,1.4
2,2022-04-16,6,127,115,15.86,1.2,2.2,7.1,0.4,1.6,0.2,0.6
0,2022-04-16,1,83,104,3.36,2.15,1.0,3.59,1.4,1.0,1.2,0.4
2,2022-04-16,4,70,11,3.44,2.35,1.2,3.12,2.0,1.0,1.0,1.4
0,2022-04-16,4,52,75,1.79,4.04,0.0,3.53,2.0,0.2,2.0,1.4
0,2022-04-16,4,24,22,2.26,3.26,1.0,3.37,2.0,0.4,1.4,1.6
0,2022-04-16,4,23,79,3.6,2.08,1.4,3.46,1.0,0.8,1.4,1.8
0,2022-04-16,9,92,45,4.22,1.75,1.8,4.08,0.4,1.6,1.8,1.4
2,2022-04-16,9,128,125,2.53,2.61,1.4,3.63,0.8,1.0,1.2,1.8
1,2022-04-16,6,112,19,2.09,3.92,1.0,3.22,2.0,0.8,1.2,2.6
0,2022-04-16,1,48,5,2.31,3.22,0.6,3.24,1.2,0.0,0.4,1.2
1,2022-04-16,1,8,56,1.63,5.45,1.6,4.06,1.0,1.4,1.4,1.4
2,2022-04-16,10,91,111,4.65,1.88,2.6,3.24,1.8,2.4,0.4,1.8
0,2022-04-16,10,37,32,3.93,2.12,1.2,3.02,0.6,1.0,1.8,0.8
0,2022-04-16,10,41,114,2.5,2.92,0.8,3.13,2.4,0.4,0.8,2.0
1,2022-04-16,6,97,85,7.85,1.46,1.4,4.18,0.6,1.4,0.8,1.2
2,2022-04-17,4,103,105,10.18,1.26,2.4,6.08,1.0,1.8,0.4,1.0
2,2022-04-17,10,108,4,45.8,1.07,1.6,10.79,0.0,1.2,0.8,0.0
0,2022-04-17,1,13,88,1.54,6.16,1.6,4.33,3.0,1.2,1.0,3.4
2,2022-04-17,1,100,86,4.03,1.92,2.0,3.71,2.0,1.6,0.8,2.0
0,2022-04-17,1,122,0,7.02,1.42,0.6,5.01,0.2,0.8,2.0,0.6
0,2022-04-17,10,18,38,3.84,2.11,2.0,3.07,2.4,2.2,1.0,2.0
1,2022-04-17,10,119,72,4.0,2.03,2.2,3.56,1.4,1.8,0.8,1.6
0,2022-04-17,4,26,47,3.51,2.33,1.4,3.06,1.2,1.0,1.2,0.8
1,2022-04-17,4,89,80,4.39,1.91,1.4,3.6,0.8,1.8,1.0,0.6
2,2022-04-17,4,110,69,2.83,2.67,1.0,3.29,2.0,1.2,1.6,1.8
2,2022-04-17,6,55,54,5.57,1.66,1.4,3.91,2.0,1.2,1.2,1.2
0,2022-04-17,6,9,39,2.07,3.52,0.4,3.49,2.0,0.6,2.4,1.8
1,2022-04-17,6,76,53,2.62,2.95,1.0,3.13,2.0,0.6,0.8,2.0
1,2022-04-17,6,95,59,5.1,1.71,1.6,4.14,1.8,1.0,0.8,1.8
1,2022-04-18,10,117,71,2.78,2.66,1.0,3.38,1.0,1.0,1.2,1.2
2,2022-04-18,9,57,60,3.07,2.45,1.0,3.24,1.4,1.8,2.0,1.8
2,2022-04-18,10,96,3,2.85,2.55,0.6,3.35,0.8,1.0,1.6,0.8
2,2022-04-18,9,61,98,2.7,2.5,1.2,3.78,2.2,1.8,1.8,2.4
2,2022-04-18,10,34,17,6.0,1.63,2.4,4.09,0.2,1.0,0.6,0.2
2,2022-04-18,10,66,2,4.89,1.71,1.8,4.04,2.4,1.4,1.0,2.0
2,2022-04-18,10,36,43,48.31,1.02,3.0,16.44,0.0,2.0,0.2,0.2
1,2022-04-18,9,94,16,2.02,3.48,0.8,3.81,2.2,1.0,2.0,2.4
0,2022-04-19,10,82,93,2.54,2.75,1.4,3.71,1.2,1.0,1.6,1.8
2,2022-04-20,4,70,103,2.64,2.79,1.8,3.32,2.4,1.8,1.2,1.8
2,2022-04-20,4,75,79,5.31,1.63,2.0,4.1,1.0,1.2,1.0,1.4
2,2022-04-20,4,47,24,4.33,1.85,1.2,3.64,1.0,0.8,1.0,0.6
2,2022-04-20,4,64,89,2.69,2.75,1.0,3.21,1.6,1.0,1.2,2.0
0,2022-04-20,4,105,52,4.31,1.92,1.0,3.47,0.0,1.0,2.0,0.2
2,2022-04-21,4,11,110,4.3,1.87,1.4,3.59,1.6,1.4,1.4,1.4
2,2022-04-21,4,22,23,5.05,1.7,2.6,3.98,0.8,2.0,0.2,0.6
1,2022-04-21,4,69,12,4.45,1.98,1.4,3.2,1.4,1.2,1.4,1.2
0,2022-04-22,10,4,67,1.15,19.53,0.0,7.36,2.0,0.0,3.4,1.4
0,2022-04-22,4,80,26,2.98,2.65,1.0,3.07,1.4,0.8,1.0,0.8
0,2022-04-22,10,43,28,1.08,31.14,0.0,10.31,0.8,0.2,4.2,0.8
0,2022-04-22,10,96,117,2.97,2.5,1.0,3.26,1.2,1.2,1.6,1.0
2,2022-04-23,9,128,94,6.16,1.48,1.4,4.75,0.8,1.0,1.4,0.8
2,2022-04-23,9,125,92,6.32,1.48,0.6,4.94,1.2,1.6,2.0,0.8
0,2022-04-23,1,5,48,3.8,2.07,1.8,3.34,0.6,1.4,0.8,0.2
2,2022-04-23,10,111,21,4.22,2.13,1.2,2.85,0.8,1.4,0.8,0.8
2,2022-04-23,1,56,8,11.4,1.3,1.2,5.83,1.8,1.4,0.6,1.4
2,2022-04-23,6,95,6,3.97,1.94,1.2,3.61,0.4,1.2,1.2,0.4
2,2022-04-23,6,59,76,4.18,1.96,1.4,3.5,1.2,1.6,2.0,0.6
2,2022-04-23,6,115,112,2.98,2.81,0.4,2.88,1.2,0.6,1.4,1.0
0,2022-04-23,4,79,70,2.96,2.56,1.0,3.24,1.8,1.2,1.4,2.0
0,2022-04-23,4,52,64,2.69,2.91,0.6,3.03,1.6,0.4,1.4,1.0
2,2022-04-23,4,75,69,3.98,2.01,2.0,3.5,1.6,1.2,1.0,1.2
2,2022-04-23,10,36,91,2.54,3.15,3.0,2.87,2.6,3.4,0.2,2.2
2,2022-04-23,1,104,83,2.85,2.55,1.4,3.41,0.8,0.8,2.2,1.0
1,2022-04-24,1,86,100,2.3,2.91,1.4,3.72,2.4,1.6,1.4,1.6
2,2022-04-24,1,88,13,11.27,1.3,3.0,6.1,1.0,3.0,0.6,1.0
0,2022-04-24,10,2,93,2.61,2.67,1.8,3.52,1.8,1.4,0.6,2.0
2,2022-04-24,10,71,119,2.74,2.63,1.0,3.43,1.8,1.0,1.0,1.6
0,2022-04-24,4,105,12,2.12,3.55,1.0,3.43,1.0,1.0,1.6,0.8
2,2022-04-24,9,45,57,3.45,2.11,1.0,3.61,1.6,1.2,1.6,2.6
2,2022-04-24,9,16,61,3.87,1.89,1.8,3.86,1.6,2.0,1.2,2.0
2,2022-04-24,9,98,60,4.18,1.84,2.0,3.74,1.4,2.6,1.4,2.0
0,2022-04-24,10,34,82,6.87,1.47,2.4,4.73,0.8,1.2,0.6,0.8
2,2022-04-24,6,19,30,2.41,2.84,1.6,3.63,2.6,2.6,1.8,1.8
2,2022-04-24,6,39,97,2.3,3.33,2.0,3.17,1.0,1.8,1.0,1.2
2,2022-04-24,6,85,9,4.28,1.8,0.2,4.06,0.2,1.0,2.6,0.4
2,2022-04-24,6,53,55,2.07,3.58,2.2,3.54,1.8,1.6,0.8,1.4
0,2022-04-24,4,103,22,3.24,2.26,1.8,3.3,3.0,1.4,0.8,2.4
2,2022-04-24,4,47,110,3.59,2.14,1.6,3.26,1.6,1.2,1.2,1.2
0,2022-04-24,1,0,122,1.69,4.59,0.8,4.35,0.0,1.0,2.8,0.8
0,2022-04-24,10,3,72,2.45,2.88,0.6,3.59,1.6,0.8,1.4,1.4
0,2022-04-24,4,26,11,3.77,2.17,1.4,3.24,2.0,0.6,0.6,1.6
0,2022-04-24,10,37,18,1.61,6.83,1.2,3.39,1.4,1.0,1.8,1.4
0,2022-04-25,6,54,127,1.35,8.49,1.4,5.73,2.2,0.8,1.0,1.8
0,2022-04-25,10,17,66,2.4,3.09,0.0,3.39,2.4,0.0,2.0,1.8
2,2022-04-25,10,33,108,3.4,2.33,1.8,2.95,2.2,1.6,1.0,1.8
0,2022-04-25,10,41,38,1.71,5.53,0.8,3.53,2.4,0.4,1.2,2.0
0,2022-04-25,10,32,114,1.58,6.23,0.6,3.83,2.4,0.6,2.0,2.4
1,2022-04-25,4,89,23,3.61,2.06,1.0,3.58,0.8,1.2,1.2,0.6
1,2022-04-25,4,24,80,3.57,2.16,0.4,3.36,1.0,0.6,1.6,0.8
2,2022-04-26,1,104,56,1.91,3.93,2.0,3.76,1.2,1.2,1.0,0.6
2,2022-04-26,1,48,8,3.94,2.04,1.0,3.29,1.6,0.8,0.8,1.6
1,2022-04-26,1,83,5,3.63,2.17,0.8,3.37,1.2,1.0,1.4,1.2
1,2022-04-27,1,86,0,7.36,1.42,1.0,5.02,0.8,1.2,1.4,1.2
2,2022-04-27,1,100,88,1.87,4.12,2.6,3.64,3.0,1.8,0.6,3.8
1,2022-04-27,1,122,13,3.69,2.14,0.6,3.48,0.4,1.2,2.4,0.6
1,2022-04-29,10,119,71,4.87,1.7,1.6,4.25,1.6,1.4,1.2,1.4
2,2022-04-29,10,91,43,49.5,1.01,2.0,18.55,0.0,1.6,0.2,0.2
1,2022-04-29,10,21,36,2.78,2.92,0.6,2.76,3.0,0.8,1.2,3.0
1,2022-04-30,9,60,45,3.81,2.05,0.8,3.58,1.6,1.4,2.6,1.8
0,2022-04-30,9,92,98,2.65,2.42,1.2,3.97,2.0,1.0,1.8,2.6
2,2022-04-30,6,127,59,14.83,1.22,2.6,7.33,2.0,2.2,0.4,1.8
2,2022-04-30,6,54,39,2.8,2.56,0.8,3.51,2.4,0.6,1.4,2.2
2,2022-04-30,4,64,79,3.53,2.23,2.0,3.29,0.8,1.2,0.6,0.8
2,2022-04-30,4,80,52,5.01,1.84,0.6,3.49,0.6,0.8,1.2,0.4
0,2022-04-30,4,70,47,3.46,2.37,1.8,2.95,2.0,1.6,1.0,1.6
0,2022-04-30,6,85,95,1.88,3.99,0.8,3.89,1.6,1.0,2.2,1.8
0,2022-04-30,6,30,115,9.04,1.43,2.0,4.45,0.8,1.0,0.4,1.0
2,2022-04-30,10,28,4,15.79,1.18,1.4,6.73,0.0,0.8,0.8,0.0
2,2022-04-30,10,114,37,9.54,1.35,2.4,4.81,1.2,2.6,1.0,0.8
1,2022-05-01,4,12,103,3.59,2.2,1.4,3.34,1.2,1.4,1.2,1.0
2,2022-05-01,6,97,55,5.09,1.75,1.0,3.85,1.2,1.4,1.2,1.0
2,2022-05-01,4,110,75,2.19,3.19,1.4,3.61,2.6,1.2,1.4,1.6
1,2022-05-01,6,53,112,2.78,2.58,2.6,3.35,1.0,2.4,1.0,1.2
2,2022-05-01,6,6,19,2.57,2.71,0.2,3.53,1.6,0.8,2.0,2.4
2,2022-05-01,10,108,111,3.36,2.4,2.0,2.98,1.2,2.0,0.8,1.0
2,2022-05-01,10,18,41,10.05,1.37,1.4,3.92,0.8,1.0,0.8,0.4
2,2022-05-01,10,72,3,3.74,2.03,2.2,3.47,0.4,1.8,1.2,0.8
2,2022-05-01,4,69,24,6.76,1.47,1.4,4.7,0.6,0.8,1.2,1.0
0,2022-05-01,4,11,89,3.02,2.42,2.0,3.4,1.0,1.6,1.0,1.0
1,2022-05-01,4,22,26,5.05,1.73,3.0,3.62,1.4,2.2,0.2,0.6
1,2022-05-01,10,66,34,2.88,2.49,2.4,3.34,1.8,2.2,1.0,1.0
2,2022-05-01,9,61,57,4.95,1.63,1.0,4.39,1.4,1.8,2.4,2.4
0,2022-05-01,9,94,125,1.47,6.32,0.8,4.83,1.0,1.0,2.2,1.8
0,2022-05-01,10,117,96,4.37,1.88,1.2,3.73,0.8,0.8,0.8,1.0
2,2022-05-01,10,82,17,3.97,1.9,1.2,3.91,0.0,0.8,1.6,0.2
0,2022-05-01,9,16,128,3.16,2.17,1.8,3.88,2.0,2.2,1.2,2.0
2,2022-05-02,10,93,2,4.07,1.9,2.4,3.91,1.2,2.4,1.2,1.0
1,2022-05-02,4,23,105,7.3,1.41,0.4,5.16,0.4,0.4,1.4,1.0
0,2022-05-02,10,67,33,3.07,2.59,2.6,2.78,1.8,1.6,0.4,1.0
1,2022-05-02,6,9,76,2.82,2.77,0.2,3.14,1.0,0.2,1.8,0.8
2,2022-05-02,10,38,32,20.06,1.16,2.4,6.94,0.6,2.4,0.8,0.6
2,2022-05-04,6,54,59,2.33,2.7,1.2,3.99,1.4,0.8,1.4,1.4
2,2022-05-06,6,55,30,2.95,2.57,1.2,3.24,1.8,1.0,1.4,1.2
2,2022-05-06,10,93,82,5.1,1.63,3.0,4.39,1.2,2.8,1.0,1.0
0,2022-05-06,10,33,28,6.02,1.54,1.8,4.19,1.8,1.2,1.2,1.8
2,2022-05-06,10,43,4,1.93,3.55,0.0,3.77,0.0,0.4,3.6,0.2
1,2022-05-07,4,26,70,3.48,2.37,1.0,2.96,1.8,0.4,0.6,1.6
0,2022-05-07,6,76,6,2.44,3.06,1.0,3.3,0.8,1.0,1.2,0.8
0,2022-05-07,9,98,128,3.63,1.93,2.0,4.25,2.0,2.4,1.0,2.0
2,2022-05-07,6,127,53,15.34,1.2,2.6,7.52,2.2,2.2,0.6,2.4
2,2022-05-07,10,111,67,4.91,2.06,1.2,2.76,2.0,1.0,0.8,1.4
1,2022-05-07,1,56,48,6.94,1.47,1.0,4.84,1.4,0.6,1.6,1.6
1,2022-05-07,10,41,37,5.05,1.77,0.6,3.46,0.6,0.4,1.8,0.2
1,2022-05-07,1,8,83,2.33,3.01,1.0,3.55,1.0,1.2,1.6,1.0
1,2022-05-07,1,5,104,3.09,2.44,1.2,3.45,2.4,1.4,1.6,2.0
0,2022-05-07,6,115,97,2.24,2.89,1.4,3.34,1.4,1.6,1.8,1.6
0,2022-05-07,10,32,18,1.27,12.82,0.6,5.12,1.8,0.2,2.4,1.2
2,2022-05-07,9,60,125,1.89,4.02,0.4,3.65,1.6,1.0,2.6,2.0
0,2022-05-07,6,19,95,3.28,2.26,1.0,3.58,2.2,1.2,1.8,2.6
2,2022-05-08,6,59,85,2.82,2.54,0.8,3.59,0.8,1.2,2.2,0.8
1,2022-05-08,6,9,54,2.88,2.56,0.4,3.49,1.8,0.6,1.6,1.0
1,2022-05-08,6,112,39,3.94,2.11,1.0,3.42,2.4,1.2,1.4,2.2
2,2022-05-08,10,91,21,6.44,1.6,2.4,3.7,0.8,2.2,0.4,0.8
0,2022-05-08,10,114,38,2.68,2.49,3.0,3.37,2.4,2.6,0.4,2.6
1,2022-05-08,10,17,34,1.9,3.86,0.0,3.71,1.4,0.4,2.2,0.8
0,2022-05-08,10,2,66,2.21,3.08,1.2,3.76,2.0,1.4,1.6,1.6
1,2022-05-08,10,3,96,3.73,2.06,0.2,3.49,1.4,0.8,1.8,1.4
1,2022-05-08,1,13,86,3.06,2.43,0.4,3.4,1.0,0.6,2.0,1.4
0,2022-05-08,9,45,94,4.06,1.92,1.8,3.56,0.8,1.6,1.0,1.0
1,2022-05-08,9,57,16,1.8,4.09,1.4,4.02,1.2,2.2,2.0,1.4
2,2022-05-08,9,61,92,3.79,1.86,1.6,4.12,0.6,2.0,1.8,0.6
0,2022-05-08,1,0,100,1.85,4.11,1.0,3.85,2.6,1.4,2.6,1.6
1,2022-05-08,4,79,64,4.91,1.8,0.8,3.54,2.6,0.8,1.2,1.6
1,2022-05-08,4,69,11,6.4,1.65,1.4,3.74,1.8,1.0,1.2,1.6
1,2022-05-08,10,71,72,3.25,2.17,1.8,3.71,2.2,1.4,0.6,1.6
2,2022-05-08,1,88,122,8.67,1.3,2.4,6.01,0.8,3.2,0.8,1.2
2,2022-05-09,4,47,110,4.26,2.03,2.4,3.33,1.4,1.6,1.0,1.4
0,2022-05-09,10,36,108,5.53,1.7,2.6,3.51,2.0,2.8,0.0,1.8
1,2022-05-09,10,119,117,4.54,1.82,1.2,3.74,1.0,1.2,1.2,0.8
2,2022-05-10,9,125,98,5.2,1.59,1.4,4.74,1.4,1.8,1.8,2.0
1,2022-05-11,10,82,2,2.98,2.34,1.2,3.54,0.6,1.0,1.4,1.0
0,2022-05-11,9,94,61,2.47,2.76,1.4,3.66,2.0,1.2,1.6,2.4
1,2022-05-11,9,92,60,3.55,2.07,0.6,3.64,0.8,0.4,2.0,1.2
1,2022-05-11,10,96,71,2.28,2.95,1.4,3.81,1.8,1.2,1.0,1.2
2,2022-05-11,10,34,93,3.87,1.95,1.0,3.69,3.0,0.8,1.0,2.4
1,2022-05-12,4,79,22,2.03,3.98,0.8,3.29,2.6,0.8,1.2,2.0
1,2022-05-12,4,11,75,2.44,3.3,1.4,3.04,2.0,1.6,1.8,1.2
1,2022-05-12,10,66,17,5.72,1.57,2.6,4.41,0.2,2.0,0.6,0.6
2,2022-05-12,10,117,3,2.98,2.46,1.0,3.3,0.2,0.8,1.4,0.6
1,2022-05-12,9,16,45,4.02,1.84,1.2,3.76,1.6,1.0,0.8,1.4
1,2022-05-12,9,128,57,4.55,1.66,2.4,4.29,1.0,2.2,0.8,1.4
1,2022-05-12,10,72,119,3.1,2.32,2.2,3.42,1.2,1.4,0.8,1.2
1,2022-05-13,10,28,111,1.99,3.73,1.8,3.42,1.2,2.0,1.4,0.4
0,2022-05-13,4,26,103,2.94,2.69,1.0,3.04,1.4,0.4,0.6,1.0
0,2022-05-13,4,47,12,3.09,2.86,3.0,2.74,1.6,2.2,0.6,1.6
2,2022-05-13,10,21,43,38.91,1.05,0.8,13.2,0.6,1.0,1.0,1.2
1,2022-05-13,6,95,76,6.23,1.51,2.6,4.28,0.4,2.8,1.0,0.6
2,2022-05-14,6,39,53,3.3,2.18,2.0,3.36,1.6,2.0,1.2,1.8
0,2022-05-14,1,5,8,3.93,2.12,1.2,3.37,1.0,1.2,1.4,1.0
2,2022-05-14,6,112,9,5.49,1.65,0.6,3.99,0.4,0.8,1.2,0.8
1,2022-05-14,6,59,30,1.9,3.73,1.4,4.09,1.2,1.2,1.4,1.4
2,2022-05-14,6,6,55,2.95,2.34,1.2,3.82,1.8,1.0,1.4,2.0
2,2022-05-14,10,41,32,7.39,1.41,0.8,4.5,0.6,0.6,1.8,0.2
2,2022-05-14,1,104,48,3.26,2.14,2.0,3.86,1.6,2.0,1.2,2.2
1,2022-05-14,1,83,56,1.83,3.9,0.6,3.69,1.2,0.8,1.4,1.2
1,2022-05-14,10,37,38,1.18,15.35,0.2,6.37,3.0,0.2,1.6,2.8
2,2022-05-15,10,18,114,8.21,1.45,1.8,3.94,2.4,2.0,0.8,2.2
0,2022-05-15,1,100,122,3.54,2.02,2.6,3.7,0.8,1.6,0.8,1.2
0,2022-05-15,1,86,88,1.5,5.76,1.2,4.98,2.4,1.4,1.4,3.6
0,2022-05-15,1,0,13,1.89,3.77,0.8,3.93,0.4,1.4,2.8,0.6
2,2022-05-15,10,119,3,5.87,1.63,0.8,3.93,0.2,1.0,1.4,0.6
0,2022-05-15,10,2,17,3.39,2.15,0.2,3.5,0.4,1.2,2.4,1.0
1,2022-05-15,10,72,96,6.16,1.54,1.8,4.36,1.6,1.2,0.8,1.4
2,2022-05-15,10,71,117,3.96,1.93,1.4,3.98,1.6,1.0,0.6,0.8
2,2022-05-15,4,22,79,5.26,1.72,2.2,3.67,0.4,1.6,0.4,0.8
0,2022-05-15,10,82,34,2.17,3.24,1.4,3.77,1.6,1.2,1.2,1.0
1,2022-05-15,6,97,127,1.76,4.06,2.0,4.5,3.0,2.2,1.2,2.4
2,2022-05-15,6,54,19,2.06,3.19,1.4,3.96,0.8,1.0,1.4,0.8
2,2022-05-15,4,75,11,4.48,1.86,2.0,3.63,1.6,1.6,1.0,1.6
2,2022-05-15,6,115,85,3.9,1.87,1.2,3.57,0.8,1.4,2.0,0.4
0,2022-05-16,10,4,33,1.06,39.93,0.0,13.07,1.8,0.8,3.6,1.6
2,2022-05-16,10,67,36,1.43,8.02,1.8,4.18,2.0,1.2,0.8,2.6
0,2022-05-16,10,93,66,2.77,2.39,2.4,3.79,2.2,2.0,1.2,1.8
0,2022-05-16,10,108,91,2.11,3.27,2.4,3.38,2.4,2.2,1.0,1.4
0,2022-05-16,4,103,26,3.68,2.14,1.4,3.31,1.0,1.0,1.0,0.4
1,2022-05-16,4,12,47,3.63,2.11,1.6,3.16,2.4,1.6,1.2,2.2
2,2022-05-19,9,45,98,3.95,1.8,1.6,4.27,1.2,1.2,0.8,1.8
1,2022-05-19,9,92,16,3.65,2.02,0.2,3.98,1.2,0.6,2.4,0.8
2,2022-05-19,4,12,103,3.05,2.76,1.8,2.87,0.8,1.6,1.0,0.4
2,2022-05-19,9,60,128,3.52,2.0,1.0,3.97,2.6,1.4,2.2,2.6
1,2022-05-19,9,61,125,2.55,2.64,2.4,3.8,1.8,2.6,1.2,2.2
0,2022-05-19,9,57,94,2.19,3.13,1.0,3.66,0.8,1.4,1.8,0.8
2,2022-05-20,1,56,5,5.63,1.56,1.2,4.43,1.0,1.2,1.8,1.0
2,2022-05-20,1,8,104,4.93,1.66,1.0,4.73,2.6,1.0,1.4,2.8
1,2022-05-20,1,48,83,3.64,2.75,1.4,2.48,0.6,2.6,2.0,1.0
2,2022-05-20,10,114,41,4.07,1.92,1.8,3.51,0.8,1.8,0.6,0.4
1,2022-05-20,4,22,75,3.97,2.08,2.2,3.32,2.0,1.6,0.6,1.8
2,2022-05-21,6,19,39,5.42,1.6,0.8,4.63,2.0,0.4,1.0,1.6
2,2022-05-21,1,122,86,2.96,2.22,1.4,3.9,0.6,1.8,2.0,1.0
1,2022-05-21,1,88,0,19.54,1.09,2.4,12.14,0.8,2.6,0.6,1.6
2,2022-05-21,1,13,100,3.77,1.93,1.0,4.02,2.0,1.0,2.0,1.6
1,2022-05-21,10,3,71,2.4,2.72,0.2,3.9,1.8,0.4,1.2,1.4
0,2022-05-21,10,96,119,2.05,3.59,1.2,3.6,1.2,1.2,0.8,1.0
0,2022-05-21,6,9,115,1.38,8.05,0.4,4.96,1.8,1.0,1.6,2.0
1,2022-05-21,6,54,6,2.26,2.81,2.0,4.11,1.8,1.2,1.0,1.2
0,2022-05-21,6,55,59,3.98,1.88,1.2,4.12,1.4,1.8,1.8,1.4
2,2022-05-21,6,76,127,1.92,4.11,0.6,3.58,2.6,0.6,1.0,2.2
0,2022-05-21,6,85,112,2.24,3.1,0.8,3.79,1.2,0.4,2.2,1.0
0,2022-05-21,6,30,95,3.02,2.31,0.8,3.45,2.2,1.8,2.4,2.4
2,2022-05-21,10,109,28,3.01,2.53,0.0,2.92,2.0,0.0,0.0,2.0
2,2022-05-21,10,25,21,1.95,4.34,0.0,3.06,0.8,0.0,0.0,1.0
2,2022-05-21,10,117,72,2.45,2.78,1.4,3.64,1.8,1.0,1.4,1.2
2,2022-05-21,6,53,97,2.31,2.87,1.0,3.87,1.6,1.2,1.0,1.8
2,2022-05-22,10,17,93,4.12,1.8,1.0,4.14,1.8,1.6,1.8,1.8
2,2022-05-22,10,34,2,7.49,1.4,1.6,5.54,0.2,1.0,0.6,1.4
2,2022-05-22,10,66,82,4.46,1.7,2.2,4.36,1.4,2.2,1.0,1.0
2,2022-05-22,10,38,18,5.41,1.6,2.6,4.0,2.4,2.4,0.4,2.0
0,2022-05-22,9,128,61,2.8,2.25,2.0,4.1,2.0,2.4,1.2,2.4
1,2022-05-22,9,94,92,4.67,1.75,1.2,3.75,0.4,1.2,2.2,0.6
2,2022-05-22,4,103,12,5.94,1.63,0.8,3.86,2.2,0.4,1.4,2.2
2,2022-05-22,9,98,57,7.12,1.38,1.2,5.34,0.4,1.8,1.8,0.8
2,2022-05-22,9,16,60,5.0,1.56,1.2,4.92,1.6,0.8,0.6,1.6
2,2022-05-22,9,125,45,7.75,1.28,2.0,6.66,1.6,2.4,1.6,1.6
2,2022-05-23,4,75,22,2.57,2.86,1.6,3.25,1.8,1.8,1.4,1.4
2,2022-05-23,1,104,56,2.13,3.28,2.0,3.65,1.6,2.4,1.0,1.8
0,2022-05-23,10,32,37,2.92,2.67,0.6,2.94,0.4,0.2,3.0,0.6
1,2022-05-25,6,73,112,2.13,3.79,0.8,3.35,1.6,0.4,1.8,1.2
2,2022-05-25,6,87,53,2.83,2.91,0.0,2.81,1.4,0.0,0.0,1.6
0,2022-05-26,1,104,86,2.44,2.78,2.0,3.63,0.6,2.4,1.2,1.0
2,2022-05-27,10,114,33,7.14,1.47,1.8,4.1,2.4,2.0,0.8,2.4
2,2022-05-27,4,12,75,3.13,2.74,1.6,2.79,1.6,1.8,1.4,1.8
0,2022-05-28,6,112,73,3.85,2.06,1.8,3.21,1.0,1.4,1.0,0.8
2,2022-05-28,6,53,87,5.41,1.73,0.8,3.48,3.0,0.8,1.2,1.0
1,2022-05-29,10,2,119,2.76,2.75,0.2,3.2,1.8,1.2,2.8,1.4
2,2022-05-29,10,21,25,9.53,1.36,0.8,4.35,3.0,1.0,1.0,2.0
1,2022-05-29,10,28,109,4.63,1.76,2.0,3.65,3.0,2.0,1.2,2.0
2,2022-05-29,1,86,104,4.44,1.74,1.0,4.24,1.4,1.2,1.4,1.8
2,2022-05-29,9,61,90,4.49,1.69,2.6,4.29,0.0,3.0,1.0,0.0
2,2022-05-30,4,75,12,5.62,1.66,1.6,3.89,2.0,1.8,1.4,2.0
0,2022-07-02,4,64,79,3.51,2.2,2.6,3.25,0.4,1.8,0.8,1.2
1,2022-07-02,4,47,52,5.28,1.81,2.0,3.35,0.6,2.0,1.0,0.4
0,2022-07-02,4,70,105,4.15,1.89,2.0,3.77,0.4,1.6,0.8,1.4
0,2022-07-03,4,103,26,4.38,1.94,1.4,3.4,1.0,1.2,1.4,0.4
0,2022-07-03,4,11,23,2.94,2.49,1.0,3.3,0.4,1.6,2.0,1.0
1,2022-07-03,4,110,24,4.31,1.85,1.2,3.69,0.4,1.2,1.8,0.8
1,2022-07-03,4,22,12,4.41,1.96,1.2,3.25,1.4,1.0,1.4,1.8
2,2022-07-04,4,89,69,2.32,3.06,1.0,3.5,1.0,1.0,1.0,0.8
2,2022-07-05,4,75,80,5.03,1.79,2.0,3.71,1.0,1.8,1.2,1.4
0,2022-07-09,4,64,103,2.16,3.46,2.0,3.41,1.2,1.8,1.4,1.4
0,2022-07-09,4,24,52,4.58,1.93,0.4,3.27,0.8,1.0,2.0,0.4
2,2022-07-09,4,79,89,2.87,2.44,1.0,3.48,1.6,2.0,2.0,1.8
1,2022-07-10,4,23,110,3.77,1.94,1.0,3.82,0.8,1.4,1.8,1.0
0,2022-07-10,4,26,75,2.76,2.65,1.6,3.29,2.0,1.0,0.8,1.6
0,2022-07-10,4,80,70,3.05,2.49,1.0,3.15,1.4,1.4,1.2,1.0
2,2022-07-10,4,105,12,2.85,2.62,0.8,3.19,1.4,1.8,2.6,1.6
2,2022-07-10,4,69,22,3.42,2.24,1.0,3.28,1.2,1.4,1.8,1.0
0,2022-07-10,4,47,11,4.18,1.96,1.6,3.24,0.4,1.4,0.8,1.6
2,2022-07-14,4,22,105,6.37,1.48,1.0,4.8,1.4,1.2,1.8,2.4
1,2022-07-15,10,66,82,7.25,1.41,2.2,5.35,0.8,2.2,1.2,1.2
1,2022-07-15,10,114,91,3.78,2.1,1.8,3.23,2.4,1.6,0.8,2.2
2,2022-07-15,10,35,67,4.59,1.96,1.4,2.99,1.8,0.6,0.8,1.4
1,2022-07-15,6,53,127,1.33,9.22,1.2,5.68,2.0,1.2,1.0,1.6
1,2022-07-16,4,52,80,3.13,2.46,1.4,3.1,0.8,0.6,1.2,1.4
1,2022-07-16,4,79,23,3.17,2.19,1.6,3.78,1.2,2.0,1.6,2.0
1,2022-07-16,6,6,97,2.96,2.54,2.0,3.3,1.4,1.4,0.8,1.8
2,2022-07-16,9,125,128,4.9,1.63,2.0,4.41,1.4,2.4,1.4,1.8
1,2022-07-16,9,121,16,2.35,2.88,0.0,3.57,1.2,0.0,0.0,0.6
2,2022-07-16,4,12,26,3.99,2.12,0.8,3.19,1.4,1.4,1.8,1.2
0,2022-07-16,6,73,55,2.56,2.79,1.6,3.39,0.6,1.2,1.4,1.4
2,2022-07-16,10,18,36,5.29,1.75,2.4,3.54,1.4,2.2,0.8,2.6
2,2022-07-16,10,32,111,2.57,3.15,0.0,2.88,1.4,0.0,3.2,0.6
2,2022-07-16,6,19,115,4.54,1.9,1.2,3.27,2.4,1.0,0.8,2.2
0,2022-07-17,6,106,95,2.01,3.63,0.0,3.62,2.6,0.0,0.0,3.0
0,2022-07-17,4,11,69,2.17,3.26,1.0,3.53,1.4,1.6,1.8,2.0
2,2022-07-17,4,110,70,3.46,2.18,1.0,3.42,1.4,1.6,2.2,1.0
1,2022-07-17,4,89,47,3.65,2.16,1.4,3.33,1.0,1.6,1.4,1.2
1,2022-07-17,6,59,76,4.66,1.81,1.4,3.52,1.0,1.2,1.4,0.8
1,2022-07-17,10,38,109,15.21,1.2,2.6,6.18,2.0,2.8,0.6,1.5
0,2022-07-17,9,60,94,4.36,1.87,1.6,3.75,1.4,1.8,1.4,1.6
2,2022-07-17,9,92,98,2.78,2.34,0.6,3.87,1.2,1.0,2.2,2.0
2,2022-07-17,10,17,3,4.68,1.92,1.6,3.43,0.4,1.8,1.4,0.6
0,2022-07-17,10,34,50,8.16,1.36,2.2,5.24,1.0,1.6,0.4,1.8
2,2022-07-17,10,119,2,3.3,2.22,1.8,3.59,0.4,1.4,0.8,1.0
1,2022-07-17,10,62,93,2.23,3.36,0.2,3.39,1.2,1.2,2.8,1.6
1,2022-07-17,6,54,40,5.29,1.68,2.2,3.92,0.0,1.2,0.6,0.0
1,2022-07-17,6,30,39,3.94,2.01,0.2,3.46,1.4,1.6,3.4,1.2
2,2022-07-17,10,41,108,4.35,1.97,0.8,3.2,1.8,0.6,2.0,1.8
2,2022-07-18,4,103,24,7.85,1.43,1.2,4.7,0.4,1.4,1.8,0.8
2,2022-07-18,10,33,21,3.78,2.23,1.8,2.95,1.4,2.0,1.2,1.2
0,2022-07-18,10,72,71,3.02,2.32,1.2,3.5,1.4,1.0,1.0,1.4
0,2022-07-18,10,77,37,3.23,2.45,0.0,2.96,1.0,0.0,0.0,0.8
1,2022-07-19,4,75,64,8.81,1.39,2.4,4.95,1.4,1.8,0.8,1.6
1,2022-07-21,4,47,23,3.66,2.11,0.6,3.43,1.4,0.6,1.0,2.2
2,2022-07-22,6,127,55,8.04,1.38,1.6,5.57,1.2,1.2,0.8,2.0
2,2022-07-22,1,88,13,8.57,1.31,2.0,6.14,1.6,2.4,0.6,1.6
0,2022-07-22,4,80,69,2.31,3.11,1.0,3.46,2.0,1.6,1.4,2.2
0,2022-07-22,10,67,41,2.33,3.39,1.2,3.01,1.4,1.0,1.6,1.0
0,2022-07-22,10,66,93,3.67,1.98,2.2,3.55,0.8,2.4,1.4,1.2
0,2022-07-23,10,37,33,3.52,2.27,1.6,3.07,1.8,1.0,0.8,2.2
2,2022-07-23,1,56,0,6.95,1.43,1.0,4.78,0.4,1.6,2.2,1.4
1,2022-07-23,1,122,100,2.34,2.92,2.0,3.62,1.4,2.0,1.8,1.6
0,2022-07-23,6,54,97,2.13,3.31,1.8,3.65,1.6,1.2,0.8,1.6
2,2022-07-23,4,105,89,2.58,2.7,1.4,3.54,1.6,2.4,2.4,1.8
2,2022-07-23,6,19,95,3.76,2.16,1.2,3.51,2.6,1.2,0.8,3.0
1,2022-07-23,9,128,61,3.25,2.09,0.8,3.95,2.6,1.4,2.4,2.8
1,2022-07-23,4,64,11,2.95,2.45,1.0,3.34,0.8,1.4,1.8,1.2
2,2022-07-23,4,70,52,4.18,2.11,0.8,3.17,1.0,0.8,1.4,0.6
2,2022-07-23,9,98,121,4.45,1.7,0.6,4.38,1.0,1.6,2.0,1.0
2,2022-07-23,6,73,115,3.58,2.23,1.4,3.39,1.8,1.6,2.2,1.8
2,2022-07-24,4,103,12,4.33,1.89,1.8,3.51,1.4,1.6,1.6,1.6
2,2022-07-24,1,1,104,2.87,2.33,0.0,3.8,1.2,0.0,0.0,1.6
2,2022-07-24,1,48,8,3.5,2.13,1.6,3.57,1.4,2.6,1.8,1.4
2,2022-07-24,1,86,83,4.86,1.79,1.4,3.6,0.8,1.2,1.0,0.8
0,2022-07-24,10,17,71,2.95,2.36,2.2,3.53,1.8,1.8,1.0,1.6
1,2022-07-24,10,82,72,3.37,2.1,0.4,3.71,0.6,1.0,1.8,0.8
1,2022-07-24,9,16,92,3.74,1.89,1.4,3.96,1.2,0.8,0.6,1.2
2,2022-07-24,10,91,32,6.43,1.58,2.0,3.5,0.6,2.4,1.0,0.4
0,2022-07-24,9,94,125,1.81,4.06,2.0,4.01,2.0,2.0,1.8,2.8
2,2022-07-24,10,3,119,2.61,2.79,0.4,3.38,2.2,0.6,1.2,1.4
2,2022-07-24,10,108,18,1.89,4.37,1.2,3.28,2.4,1.2,2.2,2.2
1,2022-07-24,6,59,39,2.77,2.65,1.6,3.29,1.0,1.2,1.0,0.8
2,2022-07-24,6,6,40,4.55,1.77,2.2,3.84,1.0,1.2,0.4,2.0
2,2022-07-24,6,30,106,6.19,1.54,0.4,4.44,0.0,1.8,3.4,1.0
0,2022-07-24,10,2,34,1.79,4.27,0.4,3.98,2.0,1.0,2.2,1.6
1,2022-07-24,10,109,114,1.85,4.3,1.6666666666666667,3.48,1.4,1.3333333333333333,0.6666666666666666,1.8
1,2022-07-24,4,26,79,3.88,1.99,1.2,3.49,1.6,1.4,1.6,1.8
2,2022-07-24,10,36,38,2.38,3.06,0.8,3.26,2.2,1.0,1.4,2.2
2,2022-07-24,4,24,22,2.18,3.48,0.4,3.37,1.0,0.6,1.6,0.8
2,2022-07-24,9,45,60,2.87,2.35,1.0,3.38,1.4,1.0,1.6,2.0
2,2022-07-24,6,53,76,4.04,2.05,1.4,3.35,1.2,1.4,1.0,0.8
1,2022-07-25,4,75,110,5.68,1.62,2.0,3.97,1.6,1.4,1.0,1.6
2,2022-07-25,10,50,62,3.33,2.26,1.4,3.41,0.4,1.4,2.0,1.6
2,2022-07-25,10,111,77,4.92,1.87,1.4,3.15,0.0,0.6,0.8,0.0
1,2022-07-25,10,21,35,3.17,2.65,1.2,2.71,2.0,1.6,1.4,1.2
0,2022-07-27,4,12,24,4.08,2.03,0.8,3.31,0.8,1.2,1.8,0.6
0,2022-07-27,4,52,103,1.96,4.22,1.0,3.46,2.4,0.6,1.2,2.0
2,2022-07-27,4,69,79,8.13,1.36,2.0,5.22,1.6,2.4,1.6,2.0
0,2022-07-27,4,23,105,4.62,1.69,1.4,4.31,2.0,2.0,1.8,2.4
1,2022-07-27,4,11,26,2.76,2.63,0.8,3.23,1.4,1.0,1.4,1.8
1,2022-07-28,4,110,64,5.26,1.68,1.2,3.94,0.6,1.2,1.6,1.2
1,2022-07-28,4,80,47,2.39,3.27,0.8,3.06,0.8,1.2,1.6,0.4
2,2022-07-28,4,70,75,2.46,2.98,1.4,3.31,2.2,1.0,1.2,1.4
0,2022-07-29,6,115,54,2.85,2.65,1.2,3.28,1.2,1.2,1.8,1.2
0,2022-07-29,10,72,66,2.02,3.54,0.6,3.72,1.6,1.0,1.6,2.2
2,2022-07-29,10,32,109,2.79,2.78,0.6,2.93,1.5,0.4,2.4,1.25
1,2022-07-29,10,41,21,4.85,1.89,2.0,3.09,1.4,1.4,1.2,1.6
2,2022-07-30,4,26,70,3.44,2.26,1.0,3.23,1.8,1.6,1.8,1.2
2,2022-07-30,6,95,6,3.86,2.0,2.0,3.44,2.2,1.8,1.0,1.2
2,2022-07-30,6,127,59,9.71,1.27,1.6,6.57,1.8,1.2,0.6,1.6
1,2022-07-30,6,40,30,2.22,3.3,0.5,3.53,1.0,1.5,2.0,2.2
2,2022-07-30,10,37,111,2.54,3.15,1.6,2.84,1.4,1.0,0.8,0.8
2,2022-07-30,10,18,67,13.71,1.27,1.8,4.91,0.6,2.2,1.4,0.6
2,2022-07-30,1,100,88,1.56,5.41,1.4,4.54,2.0,1.6,2.2,2.0
2,2022-07-30,1,83,1,3.95,1.98,0.8,3.67,3.0,0.8,1.0,2.0
1,2022-07-30,1,8,122,2.32,2.93,1.4,3.56,1.6,1.4,1.6,1.6
1,2022-07-30,4,52,105,3.47,2.23,1.0,3.25,2.4,0.6,0.6,1.8
2,2022-07-30,9,98,128,3.09,2.07,1.2,3.98,0.4,1.8,1.6,1.0
1,2022-07-30,9,94,92,2.66,2.58,1.4,3.46,1.4,1.8,2.4,1.4
1,2022-07-31,6,55,106,5.09,1.66,1.2,3.88,0.0,1.8,1.8,0.5
1,2022-07-31,6,76,19,1.58,5.99,1.0,4.14,1.8,0.4,1.0,1.8
0,2022-07-31,1,0,86,2.47,2.77,0.4,3.67,1.8,1.2,2.0,1.2
1,2022-07-31,10,38,108,4.79,1.68,1.6,3.88,1.8,1.4,1.2,1.6
1,2022-07-31,10,77,91,1.99,4.02,0.0,3.17,2.6,0.0,1.5,3.2
1,2022-07-31,4,110,69,2.93,2.6,1.4,3.27,2.4,1.2,1.0,2.2
2,2022-07-31,6,97,73,7.42,1.39,1.6,5.37,2.0,2.0,1.2,2.0
1,2022-07-31,4,79,11,3.54,2.16,1.6,3.55,1.0,1.6,1.2,0.6
1,2022-07-31,4,47,75,2.8,2.75,0.8,3.08,1.6,0.6,0.8,1.0
2,2022-07-31,4,24,64,4.1,2.03,1.4,3.3,0.6,1.0,1.0,1.0
2,2022-07-31,4,103,80,8.11,1.43,2.4,4.79,0.4,1.4,0.6,0.8
0,2022-07-31,10,114,36,4.26,1.95,1.6,3.26,0.8,2.0,1.2,1.2
2,2022-07-31,6,39,53,4.87,1.73,1.2,3.9,2.0,1.0,1.6,1.8
1,2022-07-31,1,13,56,2.64,2.6,1.6,3.54,1.6,1.6,1.6,2.2
1,2022-07-31,9,125,45,7.88,1.3,2.6,5.92,1.4,3.2,0.6,1.2
0,2022-07-31,9,121,60,2.77,2.54,0.5,3.35,0.8,0.5,1.5,1.6
1,2022-07-31,10,2,50,3.32,2.24,0.2,3.45,1.4,0.8,2.4,0.8
1,2022-07-31,10,3,82,3.16,2.37,0.8,3.51,0.6,1.0,1.2,1.4
2,2022-07-31,10,119,34,1.86,4.12,2.0,3.76,2.4,1.4,1.0,2.0
2,2022-07-31,10,93,17,5.04,1.68,0.8,4.17,2.0,1.6,2.2,1.8
2,2022-07-31,1,104,48,3.19,2.22,0.6,3.94,1.6,1.0,1.8,2.4
2,2022-08-01,10,71,62,3.78,1.91,2.2,3.77,0.4,2.0,1.0,1.0
1,2022-08-01,10,35,33,4.18,2.04,1.6,3.12,1.8,1.2,0.6,2.0
2,2022-08-01,4,89,12,2.73,2.65,1.4,3.2,0.8,1.8,1.6,1.2
2,2022-08-01,4,23,22,2.29,3.13,1.2,3.45,0.8,1.2,1.2,0.6
1,2022-08-03,4,105,79,3.19,2.28,2.0,3.45,1.2,1.4,1.0,0.8
1,2022-08-04,4,52,11,3.7,2.34,1.0,3.18,1.2,0.8,0.8,0.4
0,2022-08-05,10,109,77,3.71,2.19,1.2,3.08,0.3333333333333333,1.2,1.2,0.3333333333333333
1,2022-08-05,10,62,66,1.95,3.89,0.4,3.69,2.0,1.2,1.8,2.8
2,2022-08-05,10,82,50,3.58,2.06,0.6,3.7,1.4,1.0,1.6,0.6
2,2022-08-05,4,12,80,4.43,1.84,0.6,3.53,0.4,1.2,2.0,1.0
0,2022-08-06,1,122,56,2.64,2.61,1.6,3.68,1.6,1.8,1.8,1.8
0,2022-08-06,1,48,88,1.26,10.32,1.0,6.67,2.0,1.8,2.2,2.0
2,2022-08-06,6,54,59,2.84,2.41,1.6,3.59,1.2,1.6,1.6,1.4
2,2022-08-06,4,64,47,2.58,2.98,0.6,3.07,0.8,0.6,1.2,0.6
1,2022-08-06,1,83,100,2.11,3.43,1.2,3.54,1.4,0.8,0.8,1.6
2,2022-08-06,10,71,119,3.37,2.13,2.6,3.76,2.0,2.2,1.0,2.0
1,2022-08-06,6,6,127,1.47,6.19,1.6,4.73,1.6,1.2,1.0,2.0
2,2022-08-06,10,36,32,5.11,1.78,1.2,3.3,1.2,1.4,1.4,1.0
2,2022-08-06,6,19,40,5.74,1.6,2.0,4.11,0.6666666666666666,2.2,0.6,2.0
0,2022-08-06,6,115,97,1.75,5.01,1.2,3.8,1.6,1.2,1.8,2.2
2,2022-08-06,9,45,98,2.35,2.79,1.6,3.69,1.8,1.4,1.6,2.0
2,2022-08-06,9,92,121,4.85,1.75,1.4,3.99,0.3333333333333333,1.0,0.8,0.6666666666666666
1,2022-08-06,10,67,38,1.81,4.74,0.6,3.32,1.2,1.0,2.4,1.4
0,2022-08-07,4,11,70,3.58,2.22,0.8,3.28,1.8,0.4,0.6,1.0
2,2022-08-07,4,105,24,4.66,1.79,1.6,3.69,1.8,1.0,0.8,1.2
2,2022-08-07,4,89,26,3.05,2.37,1.4,3.38,1.0,1.4,1.4,1.2
2,2022-08-07,4,69,23,5.68,1.56,2.6,4.47,1.2,1.8,0.6,1.4
0,2022-08-07,6,106,53,2.29,3.21,0.3333333333333333,3.4,1.4,0.6666666666666666,2.6666666666666665,1.4
0,2022-08-07,6,55,30,3.53,2.19,0.8,3.65,1.2,1.0,1.6,2.4
2,2022-08-07,6,39,73,5.91,1.62,1.6,4.24,1.4,1.2,1.6,2.0
2,2022-08-07,6,95,76,7.15,1.43,2.0,4.94,1.2,2.0,1.2,0.8
0,2022-08-07,9,128,94,4.23,1.8,0.2,4.07,1.6,0.6,2.2,1.6
1,2022-08-07,1,86,1,7.45,1.41,2.4,5.44,1.5,1.4,0.6,1.0
2,2022-08-07,1,8,13,1.85,4.36,1.6,3.72,1.6,1.8,1.2,1.6
0,2022-08-07,10,72,3,2.39,3.02,0.4,3.34,1.0,1.0,2.4,1.0
2,2022-08-07,10,34,17,5.44,1.63,1.8,4.21,1.8,2.0,1.2,1.4
1,2022-08-07,9,16,125,2.26,2.95,1.4,3.8,2.2,1.0,0.8,2.6
0,2022-08-07,9,60,61,3.1,2.27,1.2,3.61,2.2,2.0,1.8,2.0
1,2022-08-07,1,104,0,3.63,1.9,1.2,4.05,0.2,1.2,1.6,0.8
0,2022-08-07,10,108,114,1.97,3.68,1.4,3.54,1.6,1.6,2.2,1.8
0,2022-08-07,10,21,18,2.2,3.66,1.0,2.93,1.8,1.0,1.2,1.8
1,2022-08-07,10,91,111,5.93,1.66,2.2,3.68,1.4,2.8,0.8,0.8
1,2022-08-08,10,33,41,2.58,2.97,2.0,2.96,2.0,1.8,1.0,1.2
2,2022-08-08,10,93,2,4.86,1.72,1.4,3.93,0.4,1.8,1.8,0.6
2,2022-08-08,4,22,52,6.63,1.59,0.8,3.75,0.6,1.0,1.6,0.6
2,2022-08-08,4,75,103,4.06,2.0,1.2,3.5,3.0,0.6,0.8,1.4
2,2022-08-08,10,35,37,3.53,2.41,1.2,2.88,2.0,1.2,0.8,1.4
1,2022-08-10,9,61,45,4.55,1.73,2.2,4.04,2.0,1.8,1.0,1.8
1,2022-08-12,4,80,11,2.45,2.94,0.4,3.36,0.8,1.0,2.2,0.6
0,2022-08-12,10,34,82,8.2,1.4,1.8,5.28,1.2,2.4,1.4,1.2
0,2022-08-12,10,32,108,2.48,2.84,1.2,3.23,0.8,1.2,1.6,1.2
1,2022-08-12,6,40,115,3.81,2.01,0.5,3.75,0.6,1.75,2.75,0.6
1,2022-08-12,10,50,66,1.77,4.53,1.4,3.85,1.6,0.4,1.0,2.6
1,2022-08-13,9,94,45,3.85,1.95,1.6,3.75,1.6,1.8,1.6,1.4
2,2022-08-13,9,98,61,3.01,2.17,1.8,4.06,2.2,2.0,0.8,1.6
2,2022-08-13,10,111,109,3.46,2.31,1.0,3.0,0.6,0.6,1.2,0.8
1,2022-08-13,4,24,79,3.36,2.2,1.8,3.4,0.8,1.4,1.0,0.8
2,2022-08-13,6,127,19,6.48,1.5,1.6,4.7,2.6,1.8,0.4,3.0
1,2022-08-13,6,30,54,4.87,1.68,1.6,4.37,1.6,2.2,1.8,2.0
0,2022-08-13,4,70,69,2.33,3.13,1.8,3.31,2.6,1.0,0.6,2.2
2,2022-08-13,10,77,36,2.56,2.93,1.0,3.03,1.8,0.5,1.0,1.4
0,2022-08-13,4,23,64,5.39,1.59,1.0,4.42,1.2,1.0,1.8,1.0
2,2022-08-13,1,100,8,7.04,1.48,1.0,4.84,2.0,1.4,2.2,2.2
1,2022-08-13,6,59,55,2.59,2.62,1.0,3.7,0.8,0.8,2.2,1.0
2,2022-08-13,1,0,83,3.76,2.05,0.4,3.73,1.2,1.0,1.8,0.8
2,2022-08-13,1,13,104,4.58,1.74,1.4,4.24,0.8,1.8,2.0,1.2
0,2022-08-14,6,53,6,2.59,2.89,2.0,3.14,1.2,2.0,0.6,1.0
0,2022-08-14,6,76,39,1.98,4.0,1.0,3.49,1.6,1.0,1.6,1.2
2,2022-08-14,6,73,106,3.33,2.2,1.2,3.51,0.25,1.8,2.2,0.75
2,2022-08-14,6,97,95,3.85,1.96,2.0,3.74,2.4,2.4,1.0,2.4
2,2022-08-14,10,119,93,2.48,2.81,1.4,3.54,2.0,1.6,1.6,2.2
2,2022-08-14,10,17,72,3.64,2.02,1.2,3.66,0.2,1.0,2.0,1.0
2,2022-08-14,10,38,21,5.42,1.68,1.2,3.53,1.0,1.2,1.2,0.8
0,2022-08-14,10,18,33,6.4,1.6,1.8,3.61,1.6,1.8,1.6,1.2
2,2022-08-14,10,114,67,7.95,1.43,1.6,4.38,0.8,1.4,1.0,1.2
2,2022-08-14,9,125,92,6.93,1.41,2.2,5.04,1.8,2.2,0.2,1.2
0,2022-08-14,9,16,60,3.98,1.85,1.4,3.97,0.6,0.8,0.6,1.8
1,2022-08-14,10,2,71,2.84,2.41,0.4,3.73,2.6,0.8,1.8,2.0
1,2022-08-14,9,121,128,2.16,3.15,0.25,3.78,0.2,0.5,2.0,0.4
0,2022-08-14,4,110,22,2.35,3.12,1.4,3.34,1.2,1.2,1.0,1.4
1,2022-08-14,4,47,12,3.34,2.39,0.8,3.06,1.2,0.8,1.0,1.4
0,2022-08-14,4,26,105,3.63,2.13,1.0,3.34,2.2,1.0,1.8,1.6
2,2022-08-14,1,88,122,11.58,1.22,2.0,7.06,1.6,1.6,0.6,2.0
2,2022-08-14,1,56,86,4.98,1.64,2.0,4.45,2.6,2.6,1.2,1.4
2,2022-08-14,1,1,48,2.96,2.34,1.3333333333333333,3.61,0.8,1.0,1.0,1.2
2,2022-08-15,4,103,89,5.75,1.59,2.4,4.02,1.4,1.2,0.6,1.4
2,2022-08-15,10,3,62,3.99,1.96,1.6,3.51,0.6,1.4,1.0,1.6
1,2022-08-15,10,37,91,2.23,3.51,1.8,2.93,1.8,1.2,0.6,2.4
1,2022-08-15,10,41,35,5.89,1.71,1.6,3.46,1.6,1.2,1.2,1.6
0,2022-08-17,4,12,52,4.1,2.1,0.8,3.11,0.4,1.0,1.4,0.6
1,2022-08-17,4,64,80,4.07,1.97,1.6,3.75,0.4,1.4,1.0,1.0
1,2022-08-17,4,79,70,3.31,2.3,0.8,3.21,1.8,1.2,1.4,1.2
1,2022-08-18,4,105,69,3.02,2.35,2.2,3.51,2.6,1.8,1.0,2.4
0,2022-08-18,4,75,22,3.17,2.27,1.2,3.45,1.8,0.6,0.6,1.6
0,2022-08-18,4,26,24,4.37,1.87,1.0,3.63,2.0,1.0,1.8,2.0
0,2022-08-19,10,108,77,4.45,1.89,1.4,3.22,1.4,1.6,1.2,0.6
0,2022-08-19,10,62,34,1.82,4.18,0.4,3.94,1.2,1.2,1.8,2.0
2,2022-08-19,4,89,23,3.22,2.18,1.4,3.72,0.8,1.4,1.0,0.8
2,2022-08-19,4,11,110,2.92,2.46,0.8,3.36,1.2,0.6,0.8,0.6
1,2022-08-19,6,55,40,4.65,1.74,1.0,4.08,0.6,1.2,1.8,1.4
0,2022-08-19,10,67,32,2.77,2.99,0.2,2.74,1.2,0.6,2.2,1.2
2,2022-08-20,10,36,111,3.94,2.14,1.8,3.04,1.4,1.0,0.6,0.8
0,2022-08-20,1,8,1,3.4,2.23,1.4,3.72,1.75,1.6,2.2,1.75
2,2022-08-20,1,88,0,12.39,1.21,2.0,7.11,1.0,1.8,0.8,1.0
0,2022-08-20,1,100,56,2.92,2.38,1.6,3.6,2.0,2.0,1.4,2.4
0,2022-08-20,6,53,59,2.76,2.56,1.4,3.67,0.6,1.6,1.2,0.8
2,2022-08-20,6,30,97,2.09,3.33,1.8,3.68,2.6,2.0,0.8,2.8
0,2022-08-20,10,66,3,4.87,1.73,1.2,3.93,2.0,2.6,2.2,1.2
0,2022-08-20,6,115,76,4.45,1.93,0.2,3.42,0.4,0.2,2.0,1.4
0,2022-08-20,4,70,47,2.59,2.99,1.4,3.02,0.8,1.4,1.2,0.8
2,2022-08-20,4,80,24,3.38,2.15,0.6,3.58,2.0,1.2,1.8,2.0
1,2022-08-20,6,39,95,2.79,2.47,2.2,3.65,1.8,2.0,1.4,1.4
1,2022-08-21,4,12,79,3.69,2.03,0.8,3.63,0.8,1.0,1.2,1.2
1,2022-08-21,4,69,103,3.52,2.18,2.2,3.3,2.4,2.0,0.8,1.4
2,2022-08-21,4,22,26,5.17,1.68,1.8,3.86,0.8,2.0,1.2,0.8
1,2022-08-21,4,52,64,4.75,1.92,1.0,3.35,1.6,0.8,1.0,1.4
0,2022-08-21,4,110,89,2.94,2.49,0.6,3.33,1.8,0.8,1.6,1.6
2,2022-08-21,4,11,105,2.8,2.46,1.2,3.57,1.8,1.2,1.2,1.8
0,2022-08-21,1,122,13,3.03,2.36,1.0,3.48,1.4,1.4,2.2,1.8
2,2022-08-21,6,54,73,4.21,1.86,1.6,3.8,1.2,1.8,1.4,1.6
0,2022-08-21,10,71,93,3.01,2.29,2.6,3.68,2.0,1.6,0.4,2.0
2,2022-08-21,10,82,119,3.29,2.17,1.8,3.73,1.8,1.4,0.8,1.8
2,2022-08-21,10,2,17,2.93,2.44,0.4,3.52,1.2,0.6,1.6,1.0
2,2022-08-21,6,127,106,16.01,1.15,2.2,8.57,0.2,2.2,0.4,0.6
2,2022-08-21,6,19,6,5.03,1.73,2.0,3.95,1.6,2.4,1.0,1.4
0,2022-08-21,1,83,104,2.59,2.67,1.0,3.65,0.8,0.6,0.8,1.2
0,2022-08-22,10,109,91,2.3,3.39,0.4,3.01,1.4,0.8,1.6,1.4
2,2022-08-22,4,75,23,4.78,1.67,1.0,4.18,0.6,0.4,1.0,1.0
2,2022-08-22,10,72,50,3.05,2.37,0.2,3.31,1.6,0.8,2.6,1.0
2,2022-08-22,10,41,37,5.36,1.77,1.8,3.32,1.4,1.0,0.4,1.0
0,2022-08-24,4,80,22,1.7,4.8,1.0,4.02,2.4,1.2,1.4,3.4
2,2022-08-24,4,47,69,2.97,2.62,1.2,3.14,1.8,1.6,1.0,1.8
1,2022-08-25,4,110,103,2.29,3.21,0.4,3.37,2.0,1.0,2.6,1.0
2,2022-08-26,6,95,53,6.84,1.5,1.4,4.8,1.2,1.2,2.0,1.4
2,2022-08-26,10,50,3,2.68,2.85,1.0,3.2,2.6,0.8,1.0,1.6
1,2022-08-26,10,37,109,3.12,2.55,0.8,2.9,0.2,1.0,1.0,0.6
0,2022-08-26,4,24,89,2.59,2.67,1.4,3.43,2.4,1.6,1.8,2.4
2,2022-08-26,4,75,12,5.01,1.75,1.4,3.65,1.0,0.6,1.0,1.0
2,2022-08-26,10,111,108,3.07,2.49,1.4,2.91,1.4,0.8,1.0,1.4
0,2022-08-27,1,1,88,1.21,11.6,2.0,7.53,2.4,1.8,1.0,2.0
2,2022-08-27,1,48,83,3.13,2.27,0.8,3.53,0.8,1.0,2.0,0.6
2,2022-08-27,1,56,8,13.38,1.24,2.6,6.75,0.8,2.4,0.8,1.4
1,2022-08-27,6,76,30,2.05,3.83,0.8,3.57,2.2,1.4,2.2,2.0
0,2022-08-27,6,6,55,3.22,2.18,1.4,3.68,0.6,1.6,1.6,0.6
0,2022-08-27,6,40,97,1.64,4.91,0.6,4.28,2.4,1.2,2.0,2.6
2,2022-08-27,4,26,80,3.81,1.99,0.6,3.61,1.0,0.8,3.2,1.0
2,2022-08-27,9,92,45,4.12,1.86,1.6,3.76,1.8,0.6,0.8,1.8
2,2022-08-27,9,61,94,3.38,2.0,1.6,3.91,1.6,1.2,1.2,1.6
1,2022-08-27,4,79,52,3.36,2.3,1.0,3.25,1.2,1.4,1.4,1.0
1,2022-08-27,10,77,67,3.96,2.09,2.0,2.92,0.2,0.8,0.6,0.6
0,2022-08-27,10,91,36,4.43,2.01,1.8,3.14,2.4,1.2,0.2,1.2
0,2022-08-27,4,64,22,1.94,4.09,1.6,3.61,3.0,1.4,1.0,3.2
2,2022-08-28,10,71,34,1.88,3.93,2.0,3.77,1.8,1.2,0.8,2.6
0,2022-08-28,10,93,72,5.73,1.54,2.4,4.42,0.8,2.0,0.8,1.0
0,2022-08-28,9,60,98,2.45,2.66,1.2,3.99,1.8,2.0,1.6,2.0
1,2022-08-28,6,39,19,2.36,3.0,2.2,3.6,2.0,2.2,1.6,2.8
0,2022-08-28,6,106,54,2.06,3.44,0.2,3.55,2.0,0.4,2.2,1.8
2,2022-08-28,6,59,73,4.56,1.76,1.0,4.14,1.2,1.2,2.2,1.2
1,2022-08-28,1,0,13,2.55,2.73,0.8,3.54,1.4,0.8,1.6,1.4
1,2022-08-28,10,38,35,7.3,1.5,1.2,4.14,1.8,1.2,1.4,1.4
2,2022-08-28,10,119,62,5.01,1.81,1.2,3.78,0.2,1.4,1.4,0.8
0,2022-08-28,10,18,41,3.49,2.29,1.8,3.01,1.8,1.6,1.2,1.0
2,2022-08-28,10,32,21,3.77,2.31,1.2,2.83,0.4,1.0,1.8,1.0
0,2022-08-28,1,104,122,2.93,2.34,1.4,3.64,0.4,1.6,1.6,1.2
0,2022-08-28,6,115,127,1.24,11.82,0.2,6.32,2.6,0.2,1.8,2.4
2,2022-08-28,10,82,2,3.57,2.13,2.2,3.87,1.0,1.4,0.6,0.8
0,2022-08-28,1,86,100,2.46,2.81,2.0,3.56,1.6,1.2,0.6,1.6
0,2022-08-28,9,128,16,2.8,2.44,0.4,3.64,1.2,0.2,2.0,0.8
2,2022-08-28,4,47,110,5.13,1.74,1.6,3.73,0.4,1.4,0.6,1.0
0,2022-08-28,4,105,75,2.6,2.75,1.6,3.49,2.0,1.6,1.2,1.2
0,2022-08-28,9,121,125,1.63,5.27,0.4,4.24,2.2,0.6,1.8,2.2
1,2022-08-28,4,103,70,7.2,1.53,1.6,4.09,0.8,1.0,0.8,1.0
2,2022-08-29,4,23,12,2.68,2.72,0.6,3.23,1.0,1.0,2.6,1.2
2,2022-08-29,4,89,11,4.03,1.86,2.4,3.82,1.6,2.6,0.8,1.4
0,2022-08-29,4,24,69,2.09,3.63,0.8,3.51,1.6,1.2,2.2,1.6
2,2022-08-29,10,114,33,8.69,1.4,1.6,4.53,2.2,1.2,1.0,1.4
0,2022-08-29,10,17,66,2.19,3.13,0.6,3.69,1.0,1.0,2.2,2.4
1,2022-08-30,10,67,111,2.9,2.98,0.4,2.69,1.4,0.6,1.4,0.8
2,2022-08-30,10,108,91,2.41,3.06,0.8,3.21,1.2,1.0,1.2,0.6
2,2022-08-30,10,36,109,3.48,2.33,2.4,2.88,0.2,1.2,0.6,0.4
2,2022-08-31,10,18,37,8.92,1.48,1.2,3.76,1.0,1.6,1.8,1.0
0,2022-08-31,10,21,77,2.71,2.88,0.4,2.79,2.2,0.8,1.6,0.8
2,2022-08-31,10,41,38,2.49,2.89,1.8,3.24,1.2,1.2,0.6,1.4
2,2022-09-01,10,35,114,1.8,4.68,1.4,3.29,2.0,1.2,1.0,1.0
1,2022-09-01,10,33,32,3.06,2.57,1.6,2.93,1.8,0.8,0.6,1.4
0,2022-09-02,10,91,67,8.37,1.44,1.0,4.21,0.6,0.4,0.6,0.4
1,2022-09-02,4,80,79,2.67,2.67,1.0,3.37,1.0,1.0,1.0,1.8
2,2022-09-02,10,34,93,4.64,1.83,1.2,3.66,1.8,2.2,2.2,1.6
1,2022-09-02,4,11,24,3.47,2.14,1.4,3.48,0.8,1.4,1.8,1.0
1,2022-09-02,10,109,108,3.15,2.39,0.2,2.98,1.2,0.2,1.0,1.0
1,2022-09-03,4,52,26,3.65,2.21,1.2,3.14,0.6,1.2,1.2,1.0
2,2022-09-03,4,75,89,5.31,1.71,2.4,3.78,2.4,2.0,1.0,2.6
2,2022-09-03,4,70,23,2.68,2.74,1.0,3.37,0.6,1.0,1.8,1.2
1,2022-09-03,1,13,1,6.25,1.46,1.6,4.94,1.4,2.0,1.8,1.4
0,2022-09-03,10,37,36,2.4,3.34,0.4,2.89,2.4,0.4,1.6,1.2
2,2022-09-03,1,88,104,16.94,1.14,2.4,8.95,1.4,2.6,0.6,1.6
1,2022-09-03,1,100,48,7.83,1.39,2.0,5.29,1.2,1.8,0.8,1.2
2,2022-09-03,9,94,16,2.14,3.15,1.0,4.01,1.2,1.0,1.4,1.2
0,2022-09-03,9,128,60,3.09,2.19,0.4,3.8,1.2,0.6,2.0,2.0
2,2022-09-03,6,73,53,4.09,1.91,0.6,3.65,0.6,0.8,2.6,1.0
2,2022-09-03,6,76,40,3.44,2.21,1.0,3.38,0.6,1.8,2.0,1.2
2,2022-09-03,6,54,95,2.17,2.84,2.6,3.9,2.0,2.4,0.4,2.0
2,2022-09-03,6,30,115,5.41,1.66,1.8,4.03,0.2,1.6,1.0,0.2
1,2022-09-03,10,111,21,4.07,2.12,1.6,2.97,0.2,1.0,0.8,1.0
0,2022-09-04,10,62,82,2.7,2.56,0.2,3.62,2.6,1.0,2.2,1.2
0,2022-09-04,10,72,119,2.35,2.98,1.2,3.58,1.8,1.0,2.0,1.6
0,2022-09-04,10,50,17,2.51,2.79,1.0,3.57,0.6,1.0,1.2,0.8
0,2022-09-04,10,66,2,5.97,1.5,1.6,4.68,1.0,2.6,1.8,0.6
0,2022-09-04,1,122,0,2.92,2.37,0.8,3.53,1.0,1.6,2.4,1.2
1,2022-09-04,4,105,47,2.61,2.75,1.4,3.3,2.0,1.6,1.8,2.0
1,2022-09-04,1,56,83,8.78,1.35,2.6,5.52,0.8,2.6,0.8,0.6
0,2022-09-04,9,61,92,2.65,2.52,1.6,3.66,1.6,1.2,1.2,1.0
2,2022-09-04,9,45,121,3.1,2.25,1.2,3.72,0.2,1.6,1.8,0.6
2,2022-09-04,9,98,125,2.05,3.37,2.4,3.86,2.2,2.6,1.2,2.4
2,2022-09-04,4,22,103,3.7,2.06,3.0,3.48,1.2,3.4,0.2,0.6
0,2022-09-04,1,8,86,1.92,3.79,0.8,3.87,1.4,1.4,2.8,1.0
1,2022-09-04,4,69,64,8.28,1.41,1.6,4.52,1.6,1.2,0.6,1.6
2,2022-09-04,10,77,33,3.43,2.29,2.6,3.08,1.2,1.2,0.4,0.6
0,2022-09-04,6,55,19,2.19,3.4,1.2,3.47,1.6,1.0,1.2,2.2
0,2022-09-04,6,59,6,3.37,2.14,1.4,3.72,0.8,1.8,2.0,1.4
0,2022-09-04,6,97,127,1.96,3.64,2.4,3.8,2.6,2.6,0.6,2.6
1,2022-09-04,4,12,110,3.91,1.99,0.4,3.74,0.2,1.0,2.0,1.0
0,2022-09-05,10,32,35,3.12,2.51,1.4,2.87,1.8,0.8,1.0,1.2
2,2022-09-05,10,114,41,4.05,2.03,1.8,3.22,2.2,0.8,0.6,1.8
0,2022-09-05,6,106,39,1.66,5.24,0.2,4.03,2.2,0.6,2.2,1.8
0,2022-09-05,10,3,71,3.02,2.43,2.0,3.33,2.0,1.2,0.6,1.2
2,2022-09-07,4,23,52,3.77,2.04,0.6,3.49,1.2,1.4,2.2,1.4
2,2022-09-07,4,89,70,4.2,1.85,2.4,3.73,1.0,2.6,1.0,1.2
2,2022-09-07,4,22,11,8.03,1.42,3.0,4.78,1.6,3.2,0.4,1.2
2,2022-09-07,4,69,26,7.27,1.44,1.2,4.6,0.8,0.8,0.4,1.4
2,2022-09-08,4,110,80,4.08,1.9,0.4,3.63,1.0,1.0,2.4,1.0
1,2022-09-08,4,79,75,2.27,3.27,1.0,3.39,2.4,1.8,1.8,2.0
2,2022-09-08,4,64,12,3.01,2.51,1.2,3.15,0.4,1.2,1.0,0.8
0,2022-09-08,4,24,47,3.05,2.55,0.8,3.18,2.2,0.4,1.6,1.8
2,2022-09-08,4,103,105,6.5,1.51,1.2,4.54,1.0,0.8,0.6,1.0
0,2022-09-09,10,33,111,2.97,2.67,1.0,2.97,1.6,0.6,0.8,1.2
2,2022-09-09,6,95,30,4.12,1.86,1.4,4.02,2.2,1.8,1.8,1.4
0,2022-09-10,4,52,69,2.09,3.63,1.2,3.38,1.6,1.2,1.2,1.2
1,2022-09-10,4,80,89,2.29,2.97,0.8,3.64,2.4,1.0,1.6,2.8
0,2022-09-10,9,98,94,5.02,1.62,2.4,4.39,1.6,2.6,1.4,1.4
0,2022-09-10,9,121,61,2.25,3.02,0.2,3.68,1.4,0.6,2.8,1.2
2,2022-09-10,10,108,36,2.93,2.56,1.4,3.01,2.4,1.0,0.8,1.0
2,2022-09-10,10,35,77,3.76,2.25,2.2,2.88,2.6,1.2,0.6,1.4
2,2022-09-10,6,19,54,6.17,1.48,2.0,4.88,2.6,2.0,1.0,2.2
1,2022-09-10,6,53,55,1.82,4.16,0.6,3.85,1.0,1.2,2.8,0.8
2,2022-09-10,10,72,34,1.75,4.69,1.2,3.98,1.8,1.0,1.4,2.0
0,2022-09-10,6,6,76,4.66,1.82,1.4,3.71,1.4,1.6,1.6,2.0
0,2022-09-10,10,21,91,1.88,4.51,0.2,3.16,0.8,1.2,2.2,0.4
0,2022-09-10,1,86,122,3.83,1.97,1.4,3.65,0.6,1.0,1.0,1.8
0,2022-09-10,1,83,88,1.45,7.16,0.4,4.84,3.0,0.6,1.4,2.8
1,2022-09-10,1,104,8,3.97,1.86,0.8,3.87,0.6,1.2,2.0,1.0
2,2022-09-11,10,41,32,6.24,1.62,2.0,3.58,1.4,2.2,1.4,0.6
2,2022-09-11,10,18,114,3.51,2.34,1.8,2.86,2.4,2.2,1.2,1.6
2,2022-09-11,9,125,60,5.4,1.55,1.6,4.64,1.8,2.0,0.8,2.2
2,2022-09-11,9,16,45,4.79,1.7,1.0,3.97,1.6,1.2,1.4,2.0
2,2022-09-11,9,92,128,3.96,1.86,2.0,3.86,0.2,1.2,0.8,0.8
1,2022-09-11,10,2,62,3.81,1.9,1.4,3.9,0.2,1.0,1.0,0.8
2,2022-09-11,4,26,64,4.33,1.86,0.8,3.75,1.2,1.4,3.0,0.8
1,2022-09-11,4,105,110,2.96,2.32,0.4,3.7,1.0,0.6,1.8,1.4
2,2022-09-11,4,47,79,3.63,2.09,2.6,3.42,1.0,2.0,0.4,1.6
1,2022-09-11,10,71,66,2.52,2.69,2.0,3.73,1.0,1.4,1.0,1.6
0,2022-09-11,4,70,22,2.11,3.41,1.0,3.5,3.0,1.2,2.2,3.2
1,2022-09-11,10,17,82,3.6,2.0,1.2,3.76,3.0,1.2,1.6,1.6
2,2022-09-11,10,93,3,3.78,2.1,1.2,3.39,1.8,1.2,1.2,1.6
0,2022-09-11,4,103,23,5.22,1.65,1.2,4.07,1.2,1.0,0.8,1.6
2,2022-09-11,6,115,106,4.59,1.86,0.2,3.48,0.0,0.2,1.8,0.4
2,2022-09-11,6,40,59,2.29,3.08,0.4,3.6,1.4,0.8,2.4,2.0
2,2022-09-11,6,127,73,17.72,1.14,2.6,9.09,1.2,2.0,0.4,1.2
1,2022-09-11,1,1,56,1.47,6.36,1.6,4.85,2.6,1.8,2.2,2.6
0,2022-09-11,1,0,100,2.06,3.38,1.6,3.77,1.6,2.0,2.0,1.4
0,2022-09-11,1,48,13,2.0,3.47,0.8,3.87,1.6,0.8,1.6,2.2
2,2022-09-11,6,39,97,2.75,2.6,2.2,3.55,1.8,1.8,1.2,2.0
2,2022-09-12,4,75,24,7.55,1.44,2.6,4.58,0.2,2.4,0.8,0.2
0,2022-09-12,4,12,11,3.14,2.4,0.4,3.22,1.4,0.8,1.8,1.0
2,2022-09-12,10,119,50,5.05,1.7,1.8,3.99,0.8,1.2,0.8,1.0
1,2022-09-12,10,38,37,8.59,1.43,1.2,4.28,0.4,1.6,1.8,0.2
0,2022-09-12,10,67,109,2.86,2.97,1.0,2.65,0.4,0.4,0.6,0.4
0,2022-09-14,4,47,103,2.82,2.76,2.6,3.09,1.0,1.4,0.4,1.0
1,2022-09-15,4,22,89,5.98,1.5,3.0,4.58,2.0,2.2,0.6,2.4
2,2022-09-15,4,52,75,2.45,3.02,0.6,3.32,2.6,1.0,1.4,3.4
2,2022-09-16,10,37,108,2.65,2.97,0.4,2.91,1.4,0.4,1.6,0.8
0,2022-09-16,10,77,41,2.06,3.9,2.0,3.12,2.4,1.4,1.0,2.8
2,2022-09-16,10,50,71,2.3,3.02,0.8,3.62,1.6,1.2,1.8,1.4
2,2022-09-16,4,26,23,2.82,2.47,1.4,3.63,1.8,1.6,2.6,1.6
1,2022-09-17,4,64,105,2.61,2.73,1.0,3.45,0.4,0.6,1.2,0.8
2,2022-09-17,4,79,103,2.61,2.77,0.8,3.4,1.4,1.2,1.4,1.6
2,2022-09-17,1,122,48,4.48,1.76,1.2,4.17,0.8,2.2,2.0,0.6
0,2022-09-17,1,8,0,2.42,2.82,0.2,3.71,1.4,0.4,2.2,1.6
0,2022-09-17,6,30,127,1.56,5.78,1.6,4.42,3.0,1.2,1.0,3.6
2,2022-09-17,6,39,55,3.67,2.01,2.2,3.63,1.2,2.2,1.4,0.8
2,2022-09-17,6,106,19,1.23,12.31,0.0,6.34,2.0,0.2,2.0,2.0
0,2022-09-17,6,115,6,2.84,2.57,0.8,3.32,1.2,0.6,1.4,1.8
0,2022-09-17,1,56,104,6.21,1.5,2.2,4.81,0.8,1.8,0.8,0.8
2,2022-09-17,10,3,2,3.7,2.1,1.2,3.48,1.6,1.2,1.2,1.0
2,2022-09-17,10,91,33,6.79,1.48,1.2,4.4,0.8,0.8,1.0,0.6
0,2022-09-17,10,111,35,3.83,2.24,1.6,2.87,2.2,1.2,1.0,1.2
2,2022-09-17,10,36,67,5.4,1.85,2.4,3.21,1.0,1.0,0.4,0.4
2,2022-09-18,6,97,59,4.62,1.64,1.2,4.7,1.4,2.0,1.6,2.0
2,2022-09-18,10,109,21,4.18,2.05,1.0,2.98,0.2,0.4,0.6,1.4
2,2022-09-18,10,114,38,3.35,2.26,1.8,3.11,1.2,1.2,1.2,1.6
2,2022-09-18,4,69,12,8.63,1.42,2.0,4.54,0.2,1.4,0.6,0.8
2,2022-09-18,4,22,47,5.16,1.67,2.6,3.91,2.0,2.6,1.2,1.4
0,2022-09-18,4,110,26,2.96,2.39,1.2,3.55,2.0,1.6,1.4,2.0
0,2022-09-18,10,62,72,3.07,2.24,0.2,3.76,1.8,0.4,1.8,1.2
2,2022-09-18,6,54,53,5.05,1.69,2.0,4.11,0.2,1.8,1.2,0.6
0,2022-09-18,6,76,73,3.08,2.27,2.0,3.35,1.2,2.4,1.6,1.0
1,2022-09-18,1,88,86,6.62,1.46,3.0,4.95,0.8,3.0,0.2,1.0
2,2022-09-18,1,13,83,5.36,1.63,2.2,4.24,0.2,2.4,1.4,0.4
2,2022-09-18,1,100,1,8.02,1.37,2.0,5.32,1.6,1.6,0.4,1.8
2,2022-09-18,10,66,34,3.61,2.08,1.0,3.55,1.2,1.2,1.6,1.4
1,2022-09-18,10,119,17,2.91,2.33,2.4,3.64,1.4,1.6,0.8,1.4
2,2022-09-18,10,82,93,2.74,2.54,2.6,3.59,1.2,1.8,0.6,0.8
1,2022-09-18,6,95,40,6.41,1.5,1.4,4.79,1.0,1.8,1.8,1.0
0,2022-09-19,10,32,18,1.85,4.71,1.4,3.34,1.8,0.6,1.0,1.8
0,2022-09-19,4,11,75,1.96,3.77,1.4,3.54,2.0,1.0,1.6,3.0
2,2022-09-19,4,23,80,4.91,1.7,1.8,3.98,0.4,1.8,1.4,1.2
2,2022-09-19,4,89,52,3.89,1.94,1.6,3.66,1.0,2.6,2.0,1.2
1,2022-09-19,4,24,70,3.72,2.05,0.2,3.54,0.8,0.4,2.6,1.0
2,2022-09-24,4,79,110,3.06,2.25,1.2,3.59,1.0,1.4,1.4,1.6
1,2022-09-24,4,70,64,4.49,1.9,1.0,3.48,1.0,1.2,1.6,0.6
1,2022-09-30,10,2,72,3.25,2.25,1.4,3.51,2.4,1.2,1.2,1.6
1,2022-09-30,10,114,37,7.48,1.48,1.8,4.08,1.0,1.4,1.4,0.4
0,2022-10-01,4,79,22,1.88,3.7,1.6,4.07,2.6,1.4,1.2,2.4
2,2022-10-01,4,52,110,3.7,2.02,0.8,3.59,1.0,0.8,1.4,1.6
0,2022-10-01,4,11,103,2.46,2.83,0.8,3.5,1.2,1.0,2.0,1.8
1,2022-10-01,4,69,75,3.36,2.12,2.6,3.46,2.0,1.8,0.4,2.6
0,2022-10-01,1,1,122,1.98,3.51,1.0,3.95,1.8,1.0,2.4,2.6
1,2022-10-01,1,88,56,6.02,1.48,2.6,4.75,1.6,2.8,0.2,1.6
0,2022-10-01,1,104,86,1.93,3.79,1.4,3.88,0.8,1.4,1.4,1.0
0,2022-10-01,6,59,115,4.57,1.77,1.2,3.97,0.6,1.8,1.2,0.8
0,2022-10-01,6,53,19,1.43,6.93,0.2,4.95,2.0,0.6,2.6,1.8
2,2022-10-01,9,16,98,3.0,2.16,1.4,3.97,1.8,2.0,1.4,2.4
2,2022-10-01,10,18,77,6.73,1.52,1.8,3.78,1.4,1.6,0.8,1.4
1,2022-10-01,10,67,108,2.63,2.92,1.0,2.96,1.4,0.6,0.8,0.8
2,2022-10-01,6,73,95,2.33,2.84,1.2,3.88,1.6,1.2,3.2,2.0
1,2022-10-01,9,45,128,1.92,3.61,1.0,4.0,0.2,1.6,2.2,1.2
0,2022-10-02,9,94,121,6.05,1.54,2.0,4.45,0.2,1.8,1.2,0.4
2,2022-10-02,9,60,92,2.95,2.4,1.2,3.53,2.4,1.4,1.8,1.8
0,2022-10-02,9,61,125,1.98,3.54,1.4,3.92,2.0,2.0,1.4,2.4
0,2022-10-02,6,76,97,1.6,5.98,2.0,3.91,1.2,1.8,1.2,1.6
2,2022-10-02,6,6,30,2.77,2.54,1.2,3.59,1.4,1.6,2.2,1.2
0,2022-10-02,1,83,8,3.38,2.19,0.2,3.47,0.2,0.4,2.2,0.6
1,2022-10-02,6,40,106,4.83,1.88,1.0,3.46,0.6,1.2,1.8,0.4
2,2022-10-02,4,105,80,3.41,2.01,0.6,3.96,0.4,1.0,2.0,1.4
2,2022-10-02,4,26,47,3.01,2.41,2.0,3.31,1.4,2.0,1.4,1.0
2,2022-10-02,10,38,32,8.52,1.4,1.0,4.37,0.8,1.6,2.0,0.4
2,2022-10-02,10,41,111,5.49,1.76,2.4,3.2,1.6,3.0,1.4,1.4
0,2022-10-02,10,35,91,2.22,3.47,2.6,3.04,1.2,1.6,0.8,2.0
2,2022-10-02,4,12,70,3.08,2.39,0.2,3.27,1.0,0.6,2.0,1.6
0,2022-10-02,1,13,100,2.38,2.94,2.2,3.63,2.0,2.6,1.2,1.2
2,2022-10-02,6,127,39,11.68,1.25,3.0,6.28,2.2,3.6,0.2,1.8
0,2022-10-02,1,48,0,2.01,3.46,0.8,3.91,1.4,0.8,2.0,2.2
1,2022-10-02,10,66,119,4.04,1.87,1.4,3.85,2.0,1.0,1.2,1.2
2,2022-10-02,10,93,50,4.96,1.68,1.2,4.12,1.2,1.2,1.2,0.8
1,2022-10-02,10,17,62,4.68,1.8,1.0,3.75,0.2,1.0,1.2,0.4
2,2022-10-02,10,34,3,4.78,1.82,1.2,3.63,1.2,1.4,1.4,1.6
1,2022-10-03,4,23,24,4.18,1.8,1.8,4.2,0.4,1.6,1.2,0.6
1,2022-10-03,6,55,54,4.03,1.9,1.0,3.74,2.4,0.8,1.0,2.4
2,2022-10-03,10,21,36,2.51,3.12,0.2,2.95,2.4,1.0,1.8,1.2
2,2022-10-03,10,71,82,3.65,1.98,1.4,3.91,2.6,1.4,1.4,1.8
1,2022-10-03,10,33,109,2.74,2.83,0.2,2.89,1.6,0.4,2.4,0.6
2,2022-10-03,4,89,64,4.83,1.64,1.6,4.41,1.2,2.2,1.8,0.8
1,2022-10-07,10,62,119,1.99,3.66,0.4,3.72,2.2,1.0,2.0,1.4
2,2022-10-07,6,115,53,5.53,1.68,1.2,3.98,0.2,1.6,2.0,0.8
2,2022-10-07,10,37,67,3.66,2.25,1.0,2.92,1.0,0.6,1.4,1.0
2,2022-10-07,10,32,114,1.67,5.01,0.2,3.67,1.4,0.4,1.6,1.4
2,2022-10-08,1,0,1,4.46,1.7,2.0,4.43,0.4,2.8,2.2,0.8
0,2022-10-08,1,8,88,1.43,7.08,0.8,5.09,2.2,1.0,2.2,2.6
0,2022-10-08,1,56,48,8.74,1.32,1.2,5.76,0.8,1.6,1.6,1.0
1,2022-10-08,9,45,94,2.18,2.99,1.0,3.9,1.4,1.6,2.2,1.4
2,2022-10-08,9,125,98,4.86,1.58,2.4,4.51,1.8,2.8,0.8,2.4
1,2022-10-08,10,36,33,5.86,1.66,1.8,3.61,0.4,1.0,0.8,0.6
2,2022-10-08,6,95,59,3.54,2.03,1.4,3.81,0.6,1.8,1.8,1.6
1,2022-10-08,6,19,30,3.83,1.97,2.0,3.67,0.8,1.4,0.6,1.2
1,2022-10-08,6,40,127,1.35,8.53,1.0,5.11,3.0,1.4,2.0,3.8
1,2022-10-08,10,34,71,3.39,2.13,1.2,3.66,2.0,1.0,1.4,2.0
2,2022-10-08,10,109,35,3.85,2.27,1.6,2.82,2.4,0.8,0.6,1.4
0,2022-10-09,10,91,41,3.88,2.12,1.8,3.18,2.4,2.2,0.8,2.8
0,2022-10-09,10,77,38,1.66,4.73,1.2,3.97,1.0,1.4,1.8,1.6
1,2022-10-09,9,128,121,5.17,1.63,0.4,4.32,0.8,1.4,2.2,1.0
2,2022-10-09,9,60,16,2.88,2.46,1.8,3.45,1.8,1.4,1.4,2.6
1,2022-10-09,9,92,61,3.1,2.16,1.8,3.96,1.2,1.6,1.4,2.0
2,2022-10-09,1,100,104,7.28,1.4,2.6,5.18,0.8,1.8,0.2,1.0
0,2022-10-09,1,122,83,4.8,1.69,2.4,4.31,0.2,3.0,1.6,0.6
0,2022-10-09,1,86,13,2.99,2.29,1.4,3.63,1.6,1.8,1.2,2.2
2,2022-10-09,4,103,70,6.11,1.54,1.8,4.19,0.4,2.2,1.0,1.0
2,2022-10-09,6,97,55,4.82,1.71,1.8,4.11,1.0,2.0,1.6,0.6
1,2022-10-09,6,106,76,2.44,3.14,0.8,3.08,1.4,0.8,1.8,1.8
2,2022-10-09,6,39,54,3.36,2.13,2.0,3.58,2.0,1.6,1.2,2.0
2,2022-10-09,6,73,6,2.97,2.37,1.8,3.61,1.8,2.0,3.0,1.6
1,2022-10-09,10,72,93,2.34,3.07,2.0,3.48,1.2,1.6,1.0,1.2
0,2022-10-09,10,82,17,2.55,2.72,2.0,3.55,1.2,1.8,1.4,1.4
0,2022-10-09,10,3,66,2.67,2.67,0.6,3.47,1.6,1.2,1.6,1.2
1,2022-10-09,4,79,47,2.91,2.64,1.4,3.13,1.2,1.4,1.4,1.2
2,2022-10-09,4,26,23,3.04,2.38,2.4,3.35,2.0,2.0,1.2,1.6
2,2022-10-09,4,105,52,3.96,1.96,1.2,3.55,1.2,1.6,1.4,1.0
1,2022-10-10,10,50,2,3.78,2.02,1.2,3.58,1.0,1.0,1.4,1.0
1,2022-10-10,10,111,18,2.35,3.43,1.0,2.87,2.4,1.0,1.4,1.8
0,2022-10-10,10,108,21,4.82,1.87,1.6,3.23,0.8,1.0,0.8,1.2
0,2022-10-13,4,79,22,1.98,3.99,1.4,3.47,2.6,1.2,1.2,2.4
1,2022-10-13,4,26,69,2.58,2.98,3.0,3.18,2.2,1.8,0.6,1.2
0,2022-10-14,10,62,2,3.07,2.32,0.6,3.58,1.2,1.0,1.8,1.0
0,2022-10-14,10,35,36,2.93,3.02,1.8,2.62,1.4,1.2,1.0,1.0
1,2022-10-14,10,32,37,3.27,2.36,0.6,3.04,1.6,0.6,1.6,1.2
2,2022-10-14,4,103,75,3.44,2.34,1.8,3.08,1.6,2.0,0.8,2.2
2,2022-10-14,4,105,89,2.88,2.41,1.6,3.58,2.2,2.2,1.4,2.8
0,2022-10-14,6,39,115,4.15,1.91,2.4,3.67,1.8,2.2,1.6,2.0
2,2022-10-15,1,83,86,2.29,3.19,0.8,3.56,1.4,1.0,2.2,1.8
1,2022-10-15,6,53,40,2.43,2.95,0.2,3.44,1.2,0.8,2.0,1.4
0,2022-10-15,1,0,56,2.2,3.03,2.4,3.78,0.6,2.6,1.8,0.8
0,2022-10-15,6,106,59,1.75,4.38,1.0,3.96,0.0,0.6,1.0,0.6
2,2022-10-15,10,33,108,2.45,3.0,0.4,3.12,1.0,0.8,2.6,0.8
2,2022-10-15,10,41,109,5.76,1.77,2.4,3.34,2.2,2.4,1.0,1.0
2,2022-10-15,9,121,45,3.06,2.26,0.8,3.61,1.0,0.8,3.0,2.0
2,2022-10-15,9,94,61,2.56,2.54,1.4,3.77,1.4,1.8,2.2,2.0
0,2022-10-15,6,54,6,3.12,2.26,1.4,3.57,1.8,1.6,1.8,1.6
2,2022-10-15,6,30,73,3.91,1.88,0.8,4.05,2.4,1.0,1.6,2.2
2,2022-10-15,10,114,77,10.11,1.34,1.4,4.69,0.6,1.4,1.6,0.8
2,2022-10-15,1,104,1,3.04,2.19,0.8,3.71,0.4,1.0,2.0,1.0
2,2022-10-16,10,21,67,4.44,2.02,1.4,3.07,0.8,1.0,1.0,1.0
2,2022-10-16,1,100,122,5.2,1.61,2.6,4.3,1.8,1.8,0.2,2.6
1,2022-10-16,10,17,34,2.82,2.61,1.8,3.3,1.4,2.0,1.4,1.0
1,2022-10-16,10,119,72,4.96,1.72,1.8,4.06,1.6,1.2,0.8,1.4
1,2022-10-16,10,71,3,3.47,2.23,1.6,3.43,0.6,1.6,1.2,1.0
2,2022-10-16,10,66,50,4.84,1.71,1.6,3.93,0.8,1.0,1.0,0.6
2,2022-10-16,6,55,95,2.96,2.4,0.4,3.66,1.4,0.6,1.6,1.8
0,2022-10-16,6,76,127,1.35,9.37,1.4,4.99,2.6,1.4,1.2,3.2
2,2022-10-16,10,38,111,6.12,1.51,1.4,4.14,1.0,1.6,1.6,1.0
2,2022-10-16,1,8,48,3.16,2.23,0.8,3.7,0.8,1.2,2.0,1.2
1,2022-10-16,6,19,97,3.69,2.06,2.0,3.51,1.8,1.6,0.8,2.2
0,2022-10-16,1,13,88,1.6,5.2,2.0,4.43,2.2,2.0,1.2,2.0
2,2022-10-16,4,69,26,4.89,1.72,2.2,3.81,2.6,1.2,0.4,1.4
2,2022-10-16,4,22,79,6.51,1.45,2.6,4.79,1.4,3.0,1.4,1.4
1,2022-10-16,9,92,16,2.96,2.24,2.0,3.9,1.8,1.8,1.0,2.6
1,2022-10-16,9,128,125,1.95,3.44,0.4,4.15,2.4,1.2,2.0,2.6
1,2022-10-16,9,98,60,3.6,1.89,1.2,4.13,1.8,1.8,2.0,1.2
2,2022-10-17,10,18,91,3.98,2.05,2.6,3.2,1.8,1.8,0.2,2.2
0,2022-10-17,4,89,105,6.08,1.47,1.6,4.76,2.2,2.8,2.0,2.8
2,2022-10-17,4,75,103,5.3,1.69,1.4,3.74,2.4,1.8,1.0,2.2
1,2022-10-17,10,93,82,5.59,1.57,1.4,4.33,1.4,1.2,1.2,2.0
2,2022-10-18,9,121,94,2.21,3.02,1.4,3.81,2.0,0.8,2.0,2.2
1,2022-10-19,9,61,98,2.93,2.35,0.8,3.89,0.8,1.6,1.4,1.4
0,2022-10-19,9,60,125,2.0,3.61,2.0,3.71,2.0,1.0,1.0,1.6
2,2022-10-20,4,105,22,1.59,5.16,2.6,4.36,2.6,2.8,1.2,3.6
0,2022-10-20,9,45,92,2.15,3.07,1.0,3.81,1.6,1.8,2.2,1.2
1,2022-10-20,9,16,128,3.71,1.87,1.4,4.03,0.6,1.8,1.2,0.8
1,2022-10-21,10,36,41,3.24,2.44,1.4,3.01,3.0,1.2,1.0,2.2
2,2022-10-21,4,75,69,4.2,2.08,1.4,3.11,2.2,1.0,1.0,1.2
2,2022-10-21,10,72,62,3.44,2.08,1.8,3.64,0.6,1.2,0.6,1.0
0,2022-10-22,10,37,21,3.21,2.52,1.8,2.87,1.8,1.2,0.6,1.0
1,2022-10-22,6,40,39,2.46,3.1,1.4,3.25,1.8,1.2,0.8,2.2
2,2022-10-22,9,61,60,3.61,1.97,1.0,3.85,1.4,2.2,1.6,0.8
1,2022-10-22,9,125,94,6.21,1.46,2.6,4.79,1.4,2.2,0.6,1.8
1,2022-10-22,10,108,35,3.71,2.22,0.8,2.99,1.2,0.6,1.0,1.0
0,2022-10-22,1,86,0,4.25,1.77,0.8,4.13,1.8,1.6,1.4,2.0
1,2022-10-22,1,88,100,5.36,1.71,2.2,3.77,3.0,2.2,1.0,2.4
0,2022-10-22,1,48,104,2.86,2.38,0.6,3.74,1.4,1.2,2.0,1.6
0,2022-10-22,6,59,30,2.6,2.68,0.6,3.54,0.8,0.6,2.2,1.2
1,2022-10-22,10,34,66,2.84,2.51,1.0,3.33,2.2,1.0,1.2,1.4
0,2022-10-22,6,76,54,2.13,3.5,0.8,3.32,0.8,0.8,1.6,1.6
1,2022-10-23,9,98,92,3.58,2.0,0.4,3.88,1.6,1.6,2.2,1.4
0,2022-10-23,10,109,18,2.05,4.01,2.0,3.04,2.6,0.8,0.6,1.4
0,2022-10-23,10,82,71,2.78,2.5,1.0,3.6,1.2,2.2,2.6,1.2
2,2022-10-23,10,50,93,2.06,3.53,0.8,3.63,1.6,0.8,1.2,1.8
1,2022-10-23,10,3,17,2.48,2.9,0.8,3.39,1.4,0.8,1.0,1.8
2,2022-10-23,6,6,106,6.85,1.48,1.8,4.64,1.0,1.8,1.8,0.6
2,2022-10-23,6,97,53,7.61,1.34,2.0,5.61,0.4,2.4,1.8,0.6
1,2022-10-23,6,73,19,2.14,3.11,1.8,3.84,1.6,2.0,2.6,1.8
2,2022-10-23,9,16,121,6.47,1.43,1.6,4.75,2.0,1.6,0.8,1.0
1,2022-10-23,10,67,33,3.33,2.36,0.2,3.01,1.0,0.8,1.8,0.8
0,2022-10-23,9,128,45,4.2,1.75,0.8,4.06,0.4,0.6,0.8,1.6
0,2022-10-23,10,111,114,2.21,3.48,0.8,3.11,1.4,1.0,1.6,1.0
1,2022-10-23,1,1,83,2.76,2.45,0.2,3.69,1.2,1.0,2.2,1.0
1,2022-10-23,4,22,105,11.34,1.26,2.4,6.2,3.0,3.2,1.2,3.0
1,2022-10-23,1,56,13,3.62,1.96,1.0,3.88,1.8,1.2,2.0,1.8
0,2022-10-23,1,122,8,4.84,1.68,1.8,4.24,1.4,2.4,1.6,1.4
2,2022-10-24,6,115,55,2.74,2.63,2.4,3.48,1.0,2.2,1.2,1.0
2,2022-10-24,6,127,95,10.06,1.29,2.6,6.18,1.4,3.4,0.4,1.6
2,2022-10-24,10,77,32,3.79,2.14,0.0,3.11,0.8,0.6,2.0,0.6
0,2022-10-24,4,69,75,4.09,1.9,1.6,3.89,2.0,1.4,1.0,1.8
0,2022-10-24,10,91,38,3.31,2.17,1.8,3.48,2.0,2.4,1.0,1.8
0,2022-10-24,10,2,119,2.37,3.04,1.2,3.5,1.4,1.0,1.0,0.8
2,2022-10-26,1,86,48,6.99,1.43,0.8,4.87,0.6,1.4,1.0,1.4
0,2022-10-28,4,105,75,2.0,3.56,2.6,3.77,2.0,2.4,1.2,1.6
0,2022-10-28,10,108,41,2.2,3.14,0.4,3.4,2.6,0.6,1.2,1.8
1,2022-10-28,10,21,33,4.85,1.8,2.4,3.35,1.2,1.4,0.4,0.6
2,2022-10-28,10,71,50,4.87,1.7,1.6,3.84,1.4,1.4,0.8,1.2
2,2022-10-28,6,73,40,5.01,1.75,2.0,4.22,1.0,2.4,1.4,1.0
0,2022-10-29,10,82,34,2.07,3.43,0.8,3.74,1.2,1.8,2.6,1.0
0,2022-10-29,6,59,19,1.93,3.79,0.6,3.77,1.2,0.8,2.4,1.4
0,2022-10-29,6,6,39,2.88,2.33,2.4,3.58,1.4,1.8,1.2,1.6
2,2022-10-29,6,30,53,8.68,1.32,1.4,5.84,0.2,1.6,1.6,0.6
2,2022-10-29,1,88,48,13.76,1.2,1.8,7.42,0.6,1.6,1.0,1.4
0,2022-10-29,9,45,61,2.08,3.23,1.0,3.91,1.0,2.2,2.0,1.6
1,2022-10-29,9,92,60,3.86,1.92,1.2,3.75,1.4,1.0,1.0,1.0
1,2022-10-29,1,1,86,1.73,4.5,0.2,4.27,1.2,0.8,2.0,2.2
0,2022-10-29,1,0,104,3.5,2.03,2.4,3.86,1.8,2.2,1.4,2.6
0,2022-10-29,10,91,114,3.2,2.33,1.2,3.12,2.0,2.0,1.0,1.4
0,2022-10-29,10,37,77,3.23,2.38,1.6,3.04,0.6,1.0,1.0,0.8
0,2022-10-30,10,111,32,3.39,2.22,0.2,3.13,0.8,0.8,1.8,0.6
2,2022-10-30,10,36,18,3.09,2.53,1.6,2.95,2.6,1.4,1.0,1.4
0,2022-10-30,10,93,119,3.05,2.3,1.0,3.49,1.4,2.0,2.2,1.0
2,2022-10-30,10,17,2,6.14,1.57,1.4,4.19,1.0,1.8,1.6,1.0
2,2022-10-30,1,13,8,4.95,1.65,1.4,4.4,1.8,1.6,1.8,2.0
2,2022-10-30,1,56,122,4.69,1.64,1.0,4.6,1.2,1.4,2.2,2.2
2,2022-10-30,1,100,83,10.38,1.32,2.6,5.62,1.4,2.0,0.6,1.0
2,2022-10-30,6,55,76,5.24,1.75,0.8,3.58,0.2,1.2,1.8,0.2
0,2022-10-30,10,62,3,2.34,3.0,0.4,3.53,1.0,1.0,2.2,1.2
1,2022-10-30,6,95,115,3.66,1.97,0.8,3.94,2.4,1.2,2.8,2.2
2,2022-10-30,6,97,106,10.54,1.26,2.6,6.39,1.0,3.0,1.0,0.6
0,2022-10-30,9,94,128,3.09,2.22,1.0,3.88,0.8,1.6,1.8,0.4
2,2022-10-30,9,121,98,1.88,3.74,2.0,4.24,0.6,1.2,0.8,1.6
2,2022-10-30,9,125,16,5.21,1.64,2.2,4.1,1.6,1.8,0.8,1.2
0,2022-10-30,6,54,127,1.53,6.39,1.4,4.38,2.6,1.8,1.4,3.2
0,2022-10-31,10,67,35,2.9,2.83,0.4,2.78,0.8,0.8,1.6,0.8
2,2022-10-31,10,109,38,2.07,3.85,1.4,3.19,2.4,0.8,1.0,1.8
0,2022-10-31,10,66,72,5.65,1.56,2.2,4.31,1.8,1.4,0.8,1.4
2,2022-10-31,4,75,105,5.02,1.57,2.4,4.63,2.0,2.6,1.0,2.0
2,2022-11-04,10,50,82,2.04,3.51,0.8,3.81,0.2,1.0,1.6,1.2
0,2022-11-04,10,33,37,2.7,2.74,1.4,3.02,1.0,1.0,0.8,0.8
2,2022-11-04,6,53,73,1.76,4.22,0.2,4.42,2.0,0.6,3.0,2.8
2,2022-11-04,10,41,67,8.38,1.43,2.6,3.93,0.4,1.6,0.4,0.6
2,2022-11-05,9,98,45,4.91,1.59,0.6,4.61,0.8,1.2,1.6,2.2
0,2022-11-05,1,122,88,1.33,7.78,0.6,5.85,2.2,1.8,2.6,1.6
1,2022-11-05,1,83,0,2.4,2.86,1.4,3.62,1.8,1.2,1.2,1.8
1,2022-11-05,1,48,1,3.08,2.26,0.6,3.67,0.4,1.0,2.4,1.4
1,2022-11-05,9,61,121,5.01,1.62,1.6,4.2,2.0,2.0,1.6,0.8
1,2022-11-05,6,95,97,1.76,3.96,0.8,4.21,2.6,1.4,3.0,3.0
2,2022-11-05,10,77,111,3.17,2.52,1.2,3.0,0.2,0.8,1.0,0.6
2,2022-11-05,10,114,109,5.7,1.7,2.0,3.46,1.4,1.2,0.8,1.0
1,2022-11-05,6,40,54,2.37,3.06,0.8,3.33,0.8,1.0,1.6,1.2
0,2022-11-05,6,127,6,16.13,1.14,2.6,8.95,1.8,3.0,0.4,1.6
0,2022-11-05,6,19,76,10.3,1.33,1.8,4.88,0.2,1.6,1.2,0.4
0,2022-11-05,10,32,91,1.72,4.91,1.4,3.57,0.6,0.8,1.0,0.6
2,2022-11-06,6,39,30,2.66,2.57,1.4,3.62,2.0,1.6,1.8,2.8
1,2022-11-06,9,16,94,4.15,1.78,1.0,4.07,1.0,0.8,1.0,1.4
2,2022-11-06,9,60,128,3.15,2.26,1.0,3.46,1.2,1.2,2.0,0.4
1,2022-11-06,6,115,59,3.97,2.05,2.6,3.92,0.6,2.4,1.4,0.8
0,2022-11-06,6,106,55,1.76,4.54,0.4,3.91,1.4,0.4,1.0,1.4
2,2022-11-06,10,38,36,3.6,2.17,2.4,3.16,1.6,1.8,1.0,1.4
1,2022-11-06,10,119,3,3.31,2.2,1.8,3.33,1.0,1.4,0.8,0.8
2,2022-11-06,10,34,62,8.04,1.4,1.8,4.84,0.4,1.2,0.6,1.0
1,2022-11-06,9,92,125,,3.61,1.4,,2.2,1.4,1.2,2.0
0,2022-11-06,10,35,21,3.48,2.42,0.8,2.75,2.6,0.8,1.2,1.8
1,2022-11-06,1,8,100,1.49,6.28,1.8,4.58,2.6,2.0,1.8,2.0
1,2022-11-06,1,104,13,2.42,2.78,1.8,3.91,1.4,2.4,2.4,1.4
2,2022-11-06,1,86,56,2.76,2.44,0.8,3.82,1.6,1.8,1.6,2.0
1,2022-11-06,10,72,17,2.52,2.73,1.8,3.56,1.8,1.4,0.8,2.4
0,2022-11-06,10,2,93,2.53,2.73,1.0,3.65,1.0,1.2,1.4,1.8
2,2022-11-07,10,18,108,5.27,1.7,2.0,3.67,0.4,1.4,1.0,0.8
1,2022-11-07,10,66,71,2.86,2.48,1.6,3.42,2.2,1.2,1.0,1.8
0,2022-11-09,9,61,16,3.18,2.2,1.6,3.68,1.2,2.0,1.6,0.8
2,2022-11-11,10,91,77,6.7,1.54,0.6,3.98,1.8,1.2,1.0,1.2
2,2022-11-11,6,76,6,2.41,3.18,0.8,3.3,1.8,0.4,1.4,1.6
0,2022-11-12,10,93,62,5.03,1.63,1.0,3.96,0.2,1.8,2.0,0.4
2,2022-11-12,9,45,16,1.99,3.42,0.6,3.96,1.6,1.6,2.0,1.2
1,2022-11-12,10,21,41,2.45,3.32,2.6,2.81,2.6,1.6,0.4,1.6
0,2022-11-12,6,59,97,1.71,4.31,0.8,4.08,2.2,0.8,2.0,2.8
0,2022-11-12,6,106,127,1.15,16.65,0.2,8.17,2.0,0.0,1.0,2.6
0,2022-11-12,6,55,39,2.91,2.46,1.8,3.47,2.0,1.8,1.6,1.8
2,2022-11-12,6,115,40,3.95,1.9,2.2,3.69,0.8,2.0,1.4,1.2
2,2022-11-12,1,104,83,3.92,1.87,2.0,3.93,1.6,2.4,1.4,1.2
0,2022-11-12,1,48,86,1.63,4.93,0.2,4.51,1.4,0.6,2.6,1.8
0,2022-11-12,9,94,98,2.55,2.61,1.0,3.7,1.2,0.6,0.6,1.4
1,2022-11-12,10,36,114,2.61,2.96,1.6,2.97,2.4,1.4,1.2,1.2
2,2022-11-12,1,1,8,2.67,2.5,0.6,3.72,1.4,1.4,1.8,1.6
0,2022-11-13,6,53,95,1.69,4.58,0.8,4.09,1.0,0.8,2.6,1.4
2,2022-11-13,6,30,19,2.6,2.78,2.0,3.32,1.2,2.8,1.4,1.2
2,2022-11-13,9,125,61,5.78,1.5,1.8,4.48,1.6,1.6,0.6,2.0
2,2022-11-13,9,60,121,4.45,1.75,1.0,3.9,2.0,1.4,2.0,1.0
2,2022-11-13,9,128,92,3.98,2.2,1.0,3.53,1.4,0.4,1.2,1.2
2,2022-11-13,6,73,54,4.27,1.82,1.4,4.24,0.8,2.0,1.8,1.8
1,2022-11-13,10,82,66,2.34,2.92,0.2,3.63,1.6,1.2,3.0,1.0
2,2022-11-13,10,71,2,5.51,1.62,1.8,4.06,0.8,1.2,0.4,1.2
0,2022-11-13,1,13,122,3.66,1.88,1.6,4.21,0.0,1.4,1.4,1.4
1,2022-11-13,10,50,72,2.19,3.2,1.4,3.52,1.8,1.8,1.4,1.4
0,2022-11-13,1,0,88,1.38,7.2,1.4,5.72,2.6,1.6,1.8,1.8
0,2022-11-13,10,108,38,2.03,3.46,0.2,3.47,2.4,0.6,1.6,1.8
0,2022-11-13,10,67,18,1.82,4.71,0.2,3.25,2.0,0.4,1.6,1.8
0,2022-11-13,10,17,119,3.4,2.14,1.8,3.64,1.8,2.0,1.6,1.4
1,2022-11-13,1,56,100,2.25,3.14,1.4,3.6,2.2,1.8,1.6,1.6
0,2022-11-13,10,3,34,2.31,3.18,1.2,3.33,1.8,1.0,1.0,1.6
1,2022-11-13,10,111,37,3.15,2.39,0.2,2.91,1.4,0.8,1.6,0.8
1,2022-11-14,10,109,32,4.42,1.94,1.2,3.22,1.4,0.8,1.2,0.4
1,2022-11-14,10,33,35,2.69,2.9,1.2,2.78,0.8,0.8,0.8,0.6
1,2022-11-29,10,21,114,2.14,3.89,2.2,2.86,2.6,1.6,0.6,1.6
0,2022-11-30,10,35,18,1.99,4.45,1.0,2.93,2.4,0.6,0.8,1.8
0,2022-12-01,10,33,38,1.63,5.34,1.2,3.83,2.4,0.6,0.6,1.8
0,2022-12-02,10,111,91,2.03,3.87,0.2,3.19,1.2,0.8,1.6,1.6
2,2022-12-02,10,77,109,2.97,2.76,1.8,2.75,0.8,1.2,1.0,0.8
0,2022-12-03,10,114,108,6.06,1.57,2.2,3.85,0.2,1.4,0.8,0.6
2,2022-12-03,10,37,35,3.7,2.39,1.0,2.68,1.0,0.4,1.0,1.0
2,2022-12-04,10,18,21,7.02,1.57,2.4,3.62,1.8,2.0,1.2,1.6
1,2022-12-04,10,32,36,1.94,3.9,1.0,3.3,1.6,0.4,1.6,1.6
2,2022-12-04,10,41,33,7.52,1.48,2.2,4.12,0.6,1.6,0.8,0.8
2,2022-12-05,10,38,67,8.98,1.39,2.4,4.6,0.2,2.0,1.0,0.2
1,2022-12-09,10,91,37,7.34,1.47,1.8,4.07,1.4,2.2,0.6,1.0
2,2022-12-10,10,35,41,2.35,3.39,0.8,2.94,2.2,0.8,1.4,2.8
1,2022-12-11,10,109,111,3.45,2.34,0.8,2.93,0.2,0.8,1.4,0.8
1,2022-12-11,10,33,18,1.67,5.57,0.4,3.65,2.4,0.8,2.8,2.0
0,2022-12-11,10,21,38,1.74,4.59,1.2,3.72,2.4,1.0,1.2,2.8
2,2022-12-12,10,108,32,5.25,1.75,0.8,3.49,1.0,1.0,1.6,0.6
0,2022-12-12,10,67,114,1.57,6.33,0.2,3.73,1.6,0.4,2.0,1.0
2,2022-12-14,10,36,77,4.87,1.85,1.2,3.18,2.4,1.4,1.6,1.4
0,2022-12-15,10,38,18,3.16,2.37,3.0,3.08,2.6,3.0,0.8,2.0
1,2022-12-16,10,37,41,2.35,3.26,1.6,3.04,2.0,1.2,0.6,2.6
2,2022-12-17,10,91,109,7.34,1.53,2.0,3.91,1.0,2.4,0.6,0.6
2,2022-12-17,10,114,21,7.76,1.48,1.6,3.86,1.0,1.0,1.0,0.6
1,2022-12-18,10,77,108,2.73,2.83,1.8,2.94,1.2,1.2,1.2,1.0
1,2022-12-18,10,32,67,3.45,2.43,1.0,2.85,0.0,0.6,1.6,0.4
1,2022-12-18,10,111,36,2.59,2.99,0.4,2.91,1.6,0.6,1.6,1.8
2,2022-12-19,10,38,33,8.46,1.35,2.4,4.89,0.4,2.4,0.8,0.6
0,2022-12-20,10,18,35,6.64,1.6,2.6,3.62,0.8,1.6,0.6,1.2
0,2023-01-07,4,70,11,3.67,2.17,0.4,3.21,0.8,0.8,1.6,0.8
1,2023-01-07,4,22,80,7.78,1.43,2.0,4.86,0.4,3.0,1.2,1.4
2,2023-01-08,4,110,52,3.63,2.23,0.8,3.27,1.2,1.8,2.0,1.0
0,2023-01-08,4,69,47,4.26,1.95,1.0,3.38,0.8,1.0,1.2,1.0
1,2023-01-09,4,24,26,2.84,2.44,0.6,3.53,2.0,1.0,2.2,1.0
0,2023-01-09,4,89,103,2.35,3.11,1.4,3.22,1.8,2.4,1.8,1.6
2,2023-01-10,4,75,79,6.25,1.53,3.0,4.34,0.8,3.2,1.0,1.2
2,2023-01-13,4,12,64,5.41,1.72,0.8,3.62,1.0,0.4,1.2,0.8
2,2023-01-14,4,79,80,3.59,2.17,0.2,3.39,0.4,1.0,3.8,1.2
0,2023-01-14,4,26,69,2.81,2.61,1.6,3.3,0.8,0.8,1.0,1.0
1,2023-01-14,4,11,47,2.44,2.94,1.2,3.35,0.8,1.4,2.2,1.0
2,2023-01-15,4,89,110,3.26,2.14,1.2,3.7,0.8,1.8,1.8,1.4
1,2023-01-15,4,105,22,1.85,3.96,1.4,3.96,1.6,1.4,2.2,2.6
2,2023-01-15,4,52,24,3.45,2.26,1.2,3.25,0.6,1.2,1.8,1.2
2,2023-01-16,4,103,75,3.85,2.11,2.4,3.24,3.0,2.0,0.4,3.8
2,2023-01-17,4,23,70,4.62,1.76,1.4,3.95,0.4,1.4,1.2,1.0
2,2023-01-20,10,36,91,2.59,2.92,1.2,3.01,2.6,1.6,1.6,2.8
2,2023-01-20,10,109,37,3.92,2.17,0.4,2.77,1.8,0.4,1.2,1.4
2,2023-01-21,4,69,11,8.9,1.39,1.2,4.87,1.4,1.6,1.8,1.4
2,2023-01-21,10,67,77,2.87,2.85,0.2,2.9,1.4,0.8,2.2,1.2
2,2023-01-21,10,33,114,1.77,4.63,0.4,3.65,1.6,0.6,2.6,1.4
1,2023-01-21,4,24,103,1.93,3.91,0.6,3.71,2.4,1.0,2.6,2.2
1,2023-01-21,9,61,128,3.05,2.24,1.4,3.6,1.4,1.4,1.6,1.2
0,2023-01-21,4,64,89,2.08,3.33,0.4,3.73,1.2,0.8,2.0,2.0
0,2023-01-21,9,45,125,1.8,4.25,1.2,4.04,2.2,1.8,1.8,2.2
1,2023-01-22,9,98,16,2.91,2.27,1.6,3.78,1.4,2.6,1.6,1.2
2,2023-01-22,4,110,23,3.09,2.22,0.6,3.78,1.4,1.0,2.2,1.6
1,2023-01-22,4,80,12,2.23,3.35,0.4,3.26,1.2,1.0,2.4,0.8
2,2023-01-22,4,70,26,2.24,3.22,0.2,3.39,1.0,1.0,2.0,0.8
0,2023-01-22,10,35,38,1.98,3.83,1.4,3.29,2.4,1.4,1.2,2.2
1,2023-01-22,10,108,111,3.97,2.1,1.4,3.09,0.6,1.0,1.2,0.8
0,2023-01-22,4,47,105,4.24,1.95,1.0,3.48,1.0,0.8,1.0,1.4
1,2023-01-22,4,22,79,7.88,1.37,1.2,5.22,0.8,1.8,1.2,1.2
0,2023-01-22,9,94,60,2.75,2.56,0.4,3.37,1.4,0.6,2.0,1.8
0,2023-01-23,10,41,18,3.07,2.73,1.6,2.75,2.0,2.4,1.4,1.4
1,2023-01-23,10,21,32,4.59,2.04,0.4,2.88,0.6,0.4,1.8,0.8
2,2023-01-23,4,75,52,6.81,1.54,2.4,4.11,1.2,3.0,1.4,1.4
1,2023-01-27,4,12,89,3.51,2.09,1.4,3.62,1.2,1.4,1.8,1.8
1,2023-01-27,10,109,36,3.1,2.61,1.0,2.85,1.8,0.8,1.2,2.0
0,2023-01-28,10,111,67,4.49,1.97,0.8,3.23,0.8,0.8,1.4,0.8
2,2023-01-28,10,114,35,5.69,1.69,1.4,3.52,1.2,1.0,0.8,1.4
0,2023-01-28,9,16,61,3.34,2.19,1.0,3.54,1.0,0.8,1.0,1.2
0,2023-01-28,4,79,69,1.96,3.72,0.8,3.72,1.2,1.4,3.6,1.6
1,2023-01-28,4,24,110,3.87,1.97,0.8,3.72,1.2,1.0,1.6,1.6
0,2023-01-28,10,77,21,3.05,2.63,0.8,2.76,0.4,0.8,1.4,0.4
1,2023-01-28,9,60,45,4.31,1.81,2.0,3.84,1.2,2.2,1.6,1.6
1,2023-01-29,4,105,23,3.06,2.18,1.0,3.83,1.4,1.4,2.4,1.6
2,2023-01-29,9,128,98,3.02,2.26,1.4,3.66,1.6,1.6,1.8,2.2
2,2023-01-29,4,22,64,12.01,1.22,0.8,6.9,0.4,1.2,1.4,1.0
2,2023-01-29,9,125,121,11.71,1.28,2.2,5.58,1.4,1.8,0.6,1.0
0,2023-01-29,10,32,33,2.92,2.65,0.8,2.88,0.8,1.0,1.2,0.8
0,2023-01-29,10,38,41,4.65,1.88,2.4,3.41,1.0,1.8,0.4,2.0
1,2023-01-29,4,103,11,7.49,1.44,2.0,4.63,0.8,2.0,0.8,1.0
0,2023-01-29,4,52,47,2.7,2.89,1.2,3.02,1.0,1.6,2.0,0.8
1,2023-01-29,9,92,94,3.71,2.06,1.2,3.49,0.4,1.4,1.8,1.0
2,2023-01-30,4,75,70,7.65,1.44,2.4,4.82,0.6,3.6,1.6,0.8
0,2023-01-30,10,37,18,2.04,4.05,1.2,3.06,2.0,1.4,1.0,1.4
1,2023-02-02,4,12,105,3.74,2.07,1.6,3.65,1.0,1.6,1.6,1.2
2,2023-02-03,4,11,79,3.17,2.36,1.0,3.24,0.8,0.8,1.6,1.4
2,2023-02-03,10,21,111,3.1,2.6,0.8,2.82,0.6,0.6,1.8,0.8
2,2023-02-03,10,108,109,3.41,2.29,1.6,3.08,1.0,1.0,0.8,0.6
1,2023-02-04,10,35,32,4.93,1.88,1.2,3.05,0.6,1.0,1.2,0.8
2,2023-02-04,10,36,37,4.57,1.95,1.8,3.09,1.0,1.6,0.6,1.2
1,2023-02-04,4,70,24,2.81,2.63,0.6,3.24,0.8,1.0,1.8,0.8
2,2023-02-04,9,98,92,3.59,2.02,1.4,3.53,0.8,2.0,1.2,1.2
2,2023-02-04,9,45,16,2.09,3.43,0.8,3.85,1.0,1.0,1.6,1.0
0,2023-02-04,4,23,75,2.43,2.9,1.0,3.65,2.4,1.0,1.6,3.0
0,2023-02-04,4,64,52,2.74,2.72,0.2,3.13,0.6,0.8,3.0,1.2
1,2023-02-05,10,67,91,1.68,4.91,1.4,3.69,2.0,1.2,1.8,1.8
0,2023-02-05,4,26,103,2.68,2.78,0.4,3.27,1.6,0.6,1.6,1.8
1,2023-02-05,4,89,22,2.21,2.95,1.4,4.01,1.4,1.6,1.6,2.2
1,2023-02-05,4,110,12,2.75,2.64,1.4,3.32,1.8,1.4,1.6,1.6
1,2023-02-05,4,47,80,4.46,1.85,1.6,3.57,0.4,1.0,0.8,1.0
0,2023-02-05,9,94,128,2.19,3.13,0.4,3.65,2.0,1.2,2.6,1.6
2,2023-02-05,9,121,60,2.27,3.01,0.8,3.57,2.2,1.0,2.4,2.2
0,2023-02-05,10,18,38,3.46,2.27,2.0,2.97,1.8,1.2,0.4,1.2
1,2023-02-05,9,61,125,1.86,3.86,1.0,3.88,2.6,1.2,2.0,2.6
2,2023-02-06,4,69,105,6.36,1.51,1.8,4.25,1.2,1.6,1.2,1.0
2,2023-02-06,10,41,114,2.65,3.02,1.4,2.87,1.8,2.4,2.0,1.2
2,2023-02-06,10,33,77,3.64,2.21,1.4,3.02,0.8,0.8,2.0,1.0
1,2023-02-10,10,109,67,4.38,1.97,1.0,3.07,1.6,0.6,1.6,1.2
2,2023-02-10,1,100,86,4.0,1.97,1.8,3.58,2.0,1.4,1.0,2.2
0,2023-02-10,4,80,23,2.42,2.77,0.6,3.57,0.8,1.0,2.0,0.6
0,2023-02-10,4,12,69,2.69,2.64,1.4,3.44,2.4,1.8,1.6,2.0
0,2023-02-10,10,36,108,3.57,2.17,2.2,3.14,2.2,2.2,0.6,2.0
2,2023-02-11,10,111,33,3.69,2.09,0.6,3.25,2.0,0.8,1.2,1.8
2,2023-02-11,10,114,18,2.94,2.63,1.8,2.97,1.8,1.4,0.6,1.0
2,2023-02-11,1,88,1,13.19,1.19,2.6,7.81,1.2,1.4,0.4,1.8
0,2023-02-11,1,122,104,3.33,2.11,0.6,3.7,2.6,1.4,2.4,2.6
2,2023-02-11,4,22,70,11.28,1.24,1.4,6.18,0.8,2.4,1.2,1.2
2,2023-02-11,9,92,45,4.64,1.72,0.6,4.02,1.4,1.0,2.2,1.0
2,2023-02-11,9,16,94,5.48,1.56,0.8,4.39,0.4,1.0,1.2,1.2
2,2023-02-11,4,24,11,3.48,2.07,0.8,3.55,1.6,0.6,1.2,1.2
2,2023-02-11,4,79,64,6.06,1.56,0.8,4.43,0.0,1.2,2.2,0.8
0,2023-02-12,1,8,56,1.55,5.57,1.4,4.55,1.6,1.2,1.6,2.0
0,2023-02-12,1,83,48,3.07,2.32,1.0,3.54,0.2,0.8,1.2,0.8
2,2023-02-12,1,13,0,3.58,2.01,1.0,3.73,0.8,1.0,1.4,1.2
1,2023-02-12,10,32,41,1.79,4.7,0.6,3.43,1.4,0.8,1.4,1.2
0,2023-02-12,10,37,38,1.74,4.71,0.4,3.63,1.8,0.8,1.8,1.0
2,2023-02-12,4,105,26,2.86,2.47,1.2,3.46,0.2,1.0,1.0,0.6
1,2023-02-12,4,75,47,4.12,1.93,2.4,3.46,1.6,2.6,1.4,1.0
2,2023-02-12,4,103,110,7.98,1.4,2.2,4.97,1.6,1.8,0.4,1.6
2,2023-02-12,4,52,89,2.43,2.84,1.2,3.6,1.6,1.8,2.0,1.8
1,2023-02-12,9,128,121,6.71,1.55,2.0,3.95,1.4,1.6,1.0,1.0
2,2023-02-12,9,125,98,4.53,1.66,2.2,4.48,2.0,2.2,0.6,2.6
1,2023-02-12,9,60,61,2.65,2.49,2.0,3.76,1.0,1.8,1.0,1.2
1,2023-02-13,10,91,21,5.86,1.66,1.6,3.59,1.4,1.6,1.4,1.0
2,2023-02-13,10,77,35,3.17,2.48,0.2,2.95,1.4,0.6,2.4,1.2
1,2023-02-15,4,103,52,7.6,1.42,2.2,4.97,1.8,2.0,0.8,2.2
2,2023-02-15,4,23,79,5.03,1.66,1.4,4.17,1.4,1.2,1.2,1.6
0,2023-02-15,9,121,92,2.57,2.93,1.0,3.29,1.0,1.0,2.0,1.0
0,2023-02-15,4,11,22,1.74,4.46,1.0,4.09,1.8,0.6,0.8,2.8
2,2023-02-16,4,69,80,9.52,1.33,3.0,5.4,0.6,2.4,1.0,0.8
2,2023-02-16,4,70,110,2.52,2.73,0.8,3.46,1.0,1.0,1.4,1.6
2,2023-02-16,4,47,24,4.66,1.84,1.2,3.52,1.2,1.0,1.0,0.6
0,2023-02-17,4,64,75,1.72,4.54,0.0,4.1,2.0,1.0,3.2,1.8
1,2023-02-17,10,67,36,1.89,4.28,1.8,3.24,1.6,1.6,1.2,1.8
0,2023-02-17,10,2,3,2.63,2.84,0.6,3.17,1.2,1.4,2.6,1.0
1,2023-02-17,10,21,109,3.35,2.46,1.6,2.87,1.0,1.4,1.6,1.0
1,2023-02-18,10,35,111,3.16,2.4,0.8,3.07,1.0,0.4,1.2,1.4
2,2023-02-18,10,41,77,5.99,1.59,1.6,3.74,0.8,1.2,1.4,0.8
1,2023-02-18,9,125,60,6.94,1.46,2.6,4.53,1.6,3.2,0.8,1.6
1,2023-02-18,9,121,94,2.9,2.44,0.8,3.42,0.2,1.0,2.2,1.4
1,2023-02-18,1,83,56,1.63,5.26,0.4,4.32,1.6,0.6,1.4,1.6
2,2023-02-18,4,69,70,10.39,1.31,3.0,5.6,1.4,2.2,0.6,1.4
1,2023-02-18,4,52,23,2.57,2.81,1.4,3.34,1.4,1.6,1.8,1.2
0,2023-02-18,4,79,26,2.21,3.04,0.8,3.67,0.2,1.2,1.8,0.8
1,2023-02-18,4,11,89,2.56,2.66,0.8,3.65,1.6,0.8,1.4,2.0
0,2023-02-18,1,0,122,2.84,2.52,0.8,3.45,0.6,1.2,1.8,1.2
0,2023-02-18,1,48,100,1.63,5.2,0.8,4.32,1.8,0.8,1.8,1.0
2,2023-02-19,10,18,32,9.06,1.42,1.2,4.3,0.8,0.8,0.8,0.8
2,2023-02-19,1,1,13,1.91,3.89,1.2,3.73,1.6,1.4,1.6,1.4
0,2023-02-19,1,104,88,1.51,6.01,2.6,4.68,2.6,2.4,0.8,1.6
2,2023-02-19,1,86,8,7.2,1.42,2.0,4.98,0.8,2.2,1.2,1.0
1,2023-02-19,10,38,114,3.71,2.04,2.4,3.46,1.8,1.4,0.8,1.6
0,2023-02-19,4,110,47,3.24,2.32,1.0,3.39,1.6,1.8,2.0,1.4
0,2023-02-19,9,45,128,1.88,3.94,1.4,3.8,2.2,1.0,1.0,1.8
1,2023-02-19,9,16,92,4.41,1.82,0.8,3.84,1.4,1.2,1.4,1.4
1,2023-02-19,9,98,61,3.49,2.0,1.4,4.02,1.2,2.4,1.8,1.4
1,2023-02-19,4,80,64,4.4,1.84,0.4,3.57,0.0,0.8,2.2,1.2
2,2023-02-19,10,17,50,5.53,1.64,1.2,3.99,1.4,1.4,1.6,2.4
0,2023-02-19,10,93,34,2.25,3.21,0.8,3.5,2.2,1.6,2.2,1.8
1,2023-02-19,10,72,82,3.44,2.17,1.8,3.47,0.4,1.8,1.2,0.8
1,2023-02-19,10,62,71,1.79,4.51,0.6,3.85,2.2,0.6,1.8,2.0
0,2023-02-19,4,12,103,2.2,3.37,0.8,3.41,1.8,1.4,1.8,1.2
0,2023-02-20,4,75,105,4.45,1.76,2.6,4.05,1.6,2.2,1.0,1.2
2,2023-02-20,4,22,24,11.09,1.29,2.2,6.15,1.2,3.0,1.2,0.8
0,2023-02-20,10,119,66,3.12,2.39,2.2,3.25,1.2,1.6,0.6,0.8
2,2023-02-20,10,108,37,4.99,1.8,2.2,3.46,0.2,2.0,0.6,0.8
1,2023-02-20,10,33,91,2.09,3.6,1.8,3.27,1.2,1.8,0.8,1.2
2,2023-02-23,4,26,12,3.13,2.35,0.6,3.34,0.6,1.2,1.8,0.8
2,2023-02-24,10,108,67,7.42,1.46,2.2,4.3,1.8,2.2,0.8,1.2
0,2023-02-24,10,111,41,2.51,2.97,1.0,3.15,2.0,1.2,1.2,1.4
2,2023-02-24,1,56,1,7.18,1.4,1.6,5.23,1.6,1.4,0.8,1.6
0,2023-02-24,4,89,105,3.4,2.01,1.2,4.09,1.6,1.6,1.8,1.2
2,2023-02-24,10,71,72,4.45,1.78,2.2,3.94,1.8,2.0,0.4,1.8
2,2023-02-25,1,13,48,5.76,1.58,1.4,4.13,0.8,1.0,0.8,0.8
0,2023-02-25,1,100,0,6.44,1.48,2.2,4.8,0.2,1.4,0.8,1.0
1,2023-02-25,4,70,80,3.17,2.39,0.8,3.19,0.6,1.4,1.6,1.0
0,2023-02-25,4,64,110,2.91,2.36,0.2,3.66,0.4,1.2,3.2,1.2
2,2023-02-25,4,26,52,5.2,1.72,1.2,3.66,1.6,1.0,1.2,1.4
0,2023-02-25,9,94,98,2.24,2.9,0.4,3.89,1.0,1.2,2.0,1.4
1,2023-02-25,9,128,125,2.68,2.62,2.2,3.44,2.2,1.4,0.8,2.8
2,2023-02-25,10,109,33,3.99,2.06,1.2,3.19,2.0,1.2,2.0,2.0
2,2023-02-25,10,91,35,5.79,1.66,1.2,3.53,0.4,1.2,1.6,0.2
2,2023-02-25,10,36,21,4.62,1.88,1.6,3.3,1.8,1.6,0.6,1.8
1,2023-02-26,1,8,104,2.18,3.11,0.2,3.75,2.0,0.4,2.0,1.6
1,2023-02-26,4,12,22,1.98,3.69,0.4,3.75,2.6,0.4,1.2,3.0
0,2023-02-26,4,103,47,5.72,1.69,2.2,3.63,2.2,1.2,0.4,1.6
0,2023-02-26,10,32,38,1.5,6.9,0.6,4.17,2.0,0.6,1.4,1.4
2,2023-02-26,10,37,114,2.48,3.02,0.0,3.12,1.4,0.8,2.2,1.2
2,2023-02-26,1,88,83,15.07,1.19,3.0,7.14,0.4,2.2,0.4,0.8
1,2023-02-26,9,92,121,5.56,1.68,1.6,3.64,1.0,1.6,1.8,1.0
1,2023-02-26,9,60,16,2.63,2.6,1.2,3.56,1.0,1.2,1.2,1.6
0,2023-02-26,1,122,86,2.22,3.19,1.2,3.58,2.0,1.4,1.6,1.8
0,2023-02-26,10,50,119,2.17,3.48,1.4,3.37,2.0,2.6,2.6,1.6
2,2023-02-26,10,82,62,4.26,1.88,0.4,3.83,0.8,0.2,1.8,0.8
2,2023-02-26,10,34,2,8.74,1.39,2.6,4.7,0.0,2.2,0.2,1.0
1,2023-02-26,10,3,93,3.28,2.38,1.6,3.12,0.6,1.0,1.0,1.0
2,2023-02-26,9,61,45,4.87,1.68,1.4,4.12,0.8,1.8,1.6,1.0
2,2023-02-26,4,105,11,4.88,1.64,2.0,4.28,1.0,2.2,0.8,0.8
0,2023-02-27,10,77,18,1.66,5.48,0.6,3.49,1.8,0.6,2.0,1.4
2,2023-02-27,4,24,75,2.65,2.6,1.0,3.53,2.0,0.8,1.0,1.6
0,2023-02-27,10,66,17,3.05,2.32,1.2,3.54,1.6,1.2,0.6,2.2
2,2023-02-27,4,89,79,5.9,1.51,0.6,4.68,0.6,1.2,2.6,1.0
1,2023-02-28,4,23,69,2.58,2.67,1.6,3.49,3.0,1.0,0.2,2.0
1,2023-02-28,10,21,108,2.39,3.2,1.6,3.0,2.6,1.6,1.6,2.4
0,2023-02-28,10,35,109,3.29,2.53,0.4,2.83,1.2,0.4,1.4,1.2
2,2023-02-28,10,41,91,4.16,2.1,2.6,3.04,1.2,1.6,0.6,1.2
0,2023-03-01,10,33,36,2.37,3.15,1.4,3.12,1.6,1.8,1.2,1.4
0,2023-03-01,10,67,37,2.76,2.81,1.2,2.95,0.6,1.2,1.2,0.8
2,2023-03-01,10,114,32,8.21,1.4,1.4,4.33,0.4,1.2,0.8,0.6
2,2023-03-02,10,38,77,10.18,1.29,2.0,5.84,0.6,1.6,1.2,1.0
2,2023-03-02,10,18,111,6.81,1.54,1.8,3.69,0.8,1.8,1.2,1.0
2,2023-03-03,10,3,50,4.76,1.82,1.6,3.65,0.8,0.8,0.8,2.0
1,2023-03-03,6,40,53,4.4,1.85,0.6,3.59,0.8,1.0,2.0,0.6
2,2023-03-03,10,109,41,2.29,3.4,1.6,3.09,2.6,1.4,1.8,1.4
2,2023-03-04,4,64,26,2.14,3.46,0.2,3.48,1.8,1.4,2.4,1.2
2,2023-03-04,4,23,11,5.55,1.6,1.6,4.2,0.8,1.2,0.4,0.8
1,2023-03-04,6,97,115,5.44,1.64,2.2,4.32,2.2,2.2,0.8,2.0
2,2023-03-04,6,127,76,23.46,1.15,2.4,7.74,1.2,2.8,0.4,1.0
0,2023-03-04,1,83,13,2.04,3.58,0.4,3.55,1.4,0.6,1.6,1.2
2,2023-03-04,1,48,122,2.38,2.93,0.8,3.69,1.2,0.8,1.6,1.4
1,2023-03-04,9,121,125,1.51,5.74,1.2,4.55,1.8,1.0,1.0,2.8
0,2023-03-04,9,61,16,2.93,2.4,1.8,3.61,1.0,1.6,1.2,1.8
0,2023-03-04,6,39,59,3.17,2.38,2.0,3.39,0.8,1.8,1.2,1.0
0,2023-03-04,4,70,103,1.81,4.58,1.0,3.62,2.0,1.4,1.4,1.4
0,2023-03-04,10,36,35,4.36,1.98,2.0,3.05,0.4,1.8,0.8,0.4
2,2023-03-04,10,108,33,4.66,1.87,2.6,3.24,0.8,2.2,0.6,1.6
0,2023-03-04,1,1,100,1.54,6.3,1.4,4.24,1.6,1.0,1.2,1.2
1,2023-03-04,4,24,12,4.22,1.96,1.4,3.58,0.4,1.2,1.0,0.8
2,2023-03-04,6,6,73,2.98,2.26,1.8,3.85,1.4,1.8,1.6,2.6
0,2023-03-05,10,77,114,1.74,4.35,0.6,4.02,1.4,1.0,3.2,1.0
1,2023-03-05,9,128,92,3.53,2.07,2.2,3.52,1.6,1.4,0.8,1.4
1,2023-03-05,9,94,60,2.54,2.76,0.4,3.4,0.8,0.8,2.2,1.0
1,2023-03-05,9,98,45,4.44,1.73,1.4,4.1,0.8,2.0,1.6,0.8
2,2023-03-05,10,67,21,2.6,2.79,0.6,3.02,1.2,0.8,1.6,1.2
2,2023-03-05,10,111,38,1.81,4.38,0.8,3.68,2.6,1.0,1.2,2.0
2,2023-03-05,4,47,89,3.56,2.06,2.2,3.73,1.0,1.6,1.0,1.4
2,2023-03-05,4,69,52,6.0,1.59,2.6,3.86,1.6,1.8,0.6,1.2
0,2023-03-05,4,22,75,3.9,1.85,2.2,3.93,1.4,2.2,1.4,1.2
2,2023-03-05,10,34,72,7.96,1.39,3.0,5.08,1.2,2.2,0.0,1.6
2,2023-03-05,10,62,17,1.74,4.52,0.8,4.01,2.0,0.6,1.2,2.0
1,2023-03-05,10,119,82,4.13,1.97,2.0,3.41,1.0,1.6,1.2,0.4
2,2023-03-05,6,30,55,4.48,1.73,2.4,4.09,1.8,3.0,1.4,1.6
1,2023-03-05,6,54,106,9.1,1.41,0.8,5.14,0.0,1.6,2.4,0.0
2,2023-03-05,10,93,71,2.76,2.53,0.8,3.64,2.2,0.8,1.8,2.4
2,2023-03-05,6,95,19,2.54,2.76,1.0,3.61,1.0,1.0,2.4,1.2
0,2023-03-05,1,104,56,1.93,3.62,1.6,3.87,1.6,1.0,0.8,0.8
0,2023-03-05,4,110,79,5.36,1.6,0.8,4.29,0.6,1.6,2.4,1.2
2,2023-03-05,1,0,8,3.88,1.91,0.8,3.81,0.4,1.0,2.0,0.2
0,2023-03-05,1,86,88,1.97,3.82,2.4,3.55,3.0,1.6,0.6,2.4
1,2023-03-06,10,2,66,2.08,3.53,0.0,3.39,1.0,0.8,2.4,1.0
1,2023-03-06,10,91,18,2.96,2.48,1.2,3.22,1.8,1.2,1.4,2.0
1,2023-03-06,10,37,32,5.42,1.72,1.2,3.55,0.4,1.4,1.6,0.6
2,2023-03-06,4,80,105,2.12,3.43,0.6,3.61,2.4,0.6,1.6,2.6
0,2023-03-10,6,95,73,4.91,1.69,1.6,4.28,1.4,1.4,2.0,2.4
2,2023-03-10,10,72,2,3.12,2.3,0.6,3.49,0.2,1.2,3.0,0.4
1,2023-03-10,10,33,67,4.61,1.89,0.2,3.39,1.0,0.6,1.8,1.0
2,2023-03-10,10,114,111,4.96,1.72,2.0,3.51,1.4,1.0,0.4,1.4
0,2023-03-11,4,12,23,2.97,2.47,0.4,3.31,2.2,0.6,1.4,1.6
2,2023-03-11,4,79,47,2.26,3.16,1.2,3.54,2.6,2.0,2.2,1.8
2,2023-03-11,4,11,80,3.59,2.18,0.2,3.31,1.0,0.4,1.8,0.6
0,2023-03-11,6,106,115,1.81,4.36,0.2,3.76,1.8,0.4,1.6,2.0
0,2023-03-11,6,6,59,3.32,2.26,1.8,3.54,0.8,1.8,1.4,1.4
2,2023-03-11,6,97,40,9.09,1.35,2.2,5.68,0.6,2.2,0.8,1.2
0,2023-03-11,10,32,77,3.22,2.31,0.4,3.21,0.6,0.4,1.2,1.0
2,2023-03-11,10,41,36,4.28,1.93,2.0,3.37,1.4,1.0,0.4,1.0
2,2023-03-11,6,54,30,3.09,2.28,1.0,3.71,2.4,1.6,2.2,2.6
2,2023-03-11,9,125,94,9.95,1.31,1.4,5.59,0.4,2.0,1.2,0.6
2,2023-03-11,9,60,128,3.15,2.35,0.8,3.32,1.8,1.0,1.2,1.4
0,2023-03-12,10,66,62,6.3,1.54,1.2,4.16,1.4,0.8,0.2,0.8
2,2023-03-12,10,35,108,2.56,2.9,0.8,3.05,2.6,0.4,1.0,1.4
1,2023-03-12,10,119,71,2.27,3.11,1.6,3.47,1.6,1.6,1.4,2.2
0,2023-03-12,10,50,34,1.36,9.02,0.8,5.12,3.0,2.0,2.8,3.2
2,2023-03-12,10,17,93,3.83,1.93,1.4,3.77,1.4,1.4,1.2,1.0
2,2023-03-12,6,127,53,32.79,1.06,2.4,16.51,0.8,2.8,0.4,0.8
2,2023-03-12,6,39,76,4.31,2.0,2.0,3.28,1.2,1.8,1.4,1.0
0,2023-03-12,4,103,22,3.26,2.26,2.0,3.43,2.0,1.4,0.8,1.8
2,2023-03-12,4,26,110,3.55,2.06,1.8,3.61,0.6,1.4,1.4,1.6
2,2023-03-12,10,38,91,4.27,1.85,2.0,3.77,1.2,2.0,1.4,1.4
2,2023-03-12,4,105,64,10.48,1.3,2.4,6.11,0.8,2.4,0.6,1.6
2,2023-03-12,6,19,55,5.01,1.74,0.8,3.84,1.2,0.8,1.4,1.2
0,2023-03-12,1,122,1,5.07,1.69,1.2,4.11,1.2,1.4,1.2,0.8
2,2023-03-12,1,100,13,4.97,1.75,2.0,3.75,1.8,1.4,0.8,1.8
2,2023-03-12,1,86,104,5.47,1.58,1.8,4.43,1.4,1.8,1.4,1.4
0,2023-03-12,1,56,88,1.89,3.93,2.2,3.78,3.0,1.4,0.8,2.8
2,2023-03-12,1,0,48,3.38,2.12,1.2,3.64,1.2,1.2,1.6,1.0
2,2023-03-12,9,45,121,3.73,2.07,0.8,3.53,0.8,0.8,1.2,1.0
0,2023-03-12,1,8,83,3.1,2.35,0.2,3.42,0.2,0.0,2.0,0.4
0,2023-03-12,9,92,61,3.45,2.06,1.8,3.72,1.2,1.6,1.2,1.0
1,2023-03-12,9,16,98,4.03,1.84,1.6,4.17,1.6,1.6,1.2,2.2
1,2023-03-13,10,21,37,3.1,2.52,0.6,2.92,1.4,0.8,1.6,1.2
1,2023-03-13,4,52,70,4.24,2.14,1.0,3.46,0.8,0.6,1.0,1.2
2,2023-03-13,4,89,24,4.36,1.79,0.8,4.02,1.4,1.0,2.6,1.2
0,2023-03-13,4,75,69,3.33,2.36,1.4,3.21,2.6,1.6,1.4,2.0
2,2023-03-13,10,18,109,6.2,1.58,2.0,3.57,2.2,2.4,1.6,1.8
0,2023-03-13,10,82,3,2.96,2.72,1.2,2.89,1.6,0.8,1.4,1.0
2,2023-03-16,10,91,108,4.93,1.85,1.0,3.19,2.0,1.0,1.4,1.0
2,2023-03-17,10,77,111,2.48,3.05,0.6,2.96,0.8,0.8,2.4,1.0
1,2023-03-17,10,37,35,3.86,2.21,1.6,2.94,1.4,1.2,0.6,0.6
2,2023-03-18,10,33,21,3.44,2.25,0.4,3.04,0.6,0.6,1.4,0.6
1,2023-03-18,10,38,114,5.48,1.62,2.0,3.89,2.0,1.8,1.2,1.0
0,2023-03-18,6,115,30,2.89,2.5,1.8,3.43,1.8,1.8,1.2,2.2
2,2023-03-18,6,40,95,2.13,3.35,0.4,3.57,1.6,1.4,2.6,1.4
2,2023-03-18,6,59,54,3.21,2.26,1.4,3.54,1.0,1.4,1.2,1.8
0,2023-03-18,4,79,12,2.39,3.19,1.2,3.39,0.4,1.6,2.0,0.6
1,2023-03-18,4,24,105,3.08,2.31,0.8,3.61,2.4,1.4,1.6,2.6
0,2023-03-18,4,64,70,2.56,2.82,0.8,3.35,1.0,1.6,2.2,1.2
2,2023-03-18,6,73,97,1.96,3.47,1.8,4.16,2.2,2.8,1.4,1.8
0,2023-03-18,9,94,45,2.87,2.41,0.4,3.5,0.8,0.6,2.6,1.0
2,2023-03-18,9,128,61,3.77,1.97,1.2,3.64,1.6,1.2,1.4,1.0
2,2023-03-18,4,26,11,5.15,1.74,2.4,3.68,0.8,1.4,0.8,0.8
0,2023-03-19,6,53,39,2.13,3.53,0.8,3.45,2.4,1.2,2.4,2.0
0,2023-03-19,4,110,75,2.8,2.56,0.6,3.42,1.2,1.2,2.2,1.6
0,2023-03-19,4,47,22,2.29,3.11,2.4,3.51,2.0,1.6,0.8,1.8
0,2023-03-19,4,103,69,3.28,2.39,1.4,3.22,2.6,0.6,0.8,2.0
2,2023-03-19,9,121,98,1.91,3.7,0.6,3.92,1.2,1.0,1.4,1.8
1,2023-03-19,9,60,92,3.35,2.19,1.4,3.48,1.2,1.4,1.0,1.2
0,2023-03-19,6,55,6,3.91,2.0,1.2,3.61,1.2,1.0,1.8,1.6
0,2023-03-19,1,104,100,1.5,6.34,0.8,4.72,2.4,1.0,1.8,1.8
1,2023-03-19,1,88,8,18.09,1.16,3.0,8.35,0.2,3.0,0.6,0.2
2,2023-03-19,1,1,0,2.18,3.13,1.2,3.66,1.8,0.4,1.4,1.4
2,2023-03-19,1,13,86,2.29,3.11,1.8,3.44,1.8,2.0,1.2,1.8
1,2023-03-19,1,48,56,1.93,3.93,1.2,3.73,2.0,0.8,1.4,1.2
1,2023-03-19,1,83,122,2.56,2.66,0.8,3.65,0.6,0.8,1.6,1.2
2,2023-03-19,9,125,16,5.14,1.61,1.8,4.26,1.8,2.6,1.0,1.8
1,2023-03-19,10,18,36,5.88,1.71,2.6,3.32,1.4,3.2,1.2,1.0
0,2023-03-19,10,2,82,2.87,2.49,0.2,3.32,1.2,0.4,1.8,0.8
2,2023-03-19,6,19,127,2.32,3.35,1.2,3.2,2.4,1.2,1.0,2.0
1,2023-03-19,10,93,66,3.05,2.27,0.8,3.68,1.0,0.8,1.8,1.0
2,2023-03-19,10,71,17,3.42,2.15,1.6,3.58,1.8,2.4,1.4,1.6
2,2023-03-19,10,41,91,4.66,1.86,2.4,3.32,1.4,1.4,0.6,1.6
1,2023-03-19,6,76,106,4.84,1.85,1.2,3.36,0.2,1.2,1.8,0.4
2,2023-03-19,10,3,72,4.35,1.82,2.0,3.82,1.0,1.2,0.8,1.4
1,2023-03-19,10,62,50,3.71,2.08,2.0,3.24,0.2,1.4,0.6,1.2
2,2023-03-19,10,34,119,9.84,1.34,3.0,5.28,1.6,3.4,0.2,1.6
2,2023-03-20,10,108,67,5.18,1.73,1.4,3.45,1.0,0.6,1.2,0.8
2,2023-03-20,10,109,32,6.37,1.59,2.0,3.9,0.2,1.4,1.2,0.4
1,2023-03-20,4,80,52,3.07,2.5,1.0,3.1,0.6,0.6,1.2,0.2
2,2023-03-20,4,23,89,4.05,1.85,2.2,4.0,1.4,1.2,0.2,1.4
0,2023-03-25,4,64,23,1.81,4.41,0.8,3.7,2.2,1.2,1.8,1.6
1,2023-03-30,4,80,26,2.06,3.79,1.2,3.38,2.4,1.0,1.2,1.0
0,2023-03-31,10,72,66,2.46,2.84,0.8,3.51,1.0,0.8,2.6,1.6
0,2023-03-31,10,108,77,4.94,1.75,1.4,3.55,1.2,0.8,1.0,1.0
0,2023-03-31,1,48,1,3.59,2.08,0.8,3.5,1.8,1.0,1.8,1.2
2,2023-04-01,1,8,104,2.39,2.84,0.4,3.46,0.2,0.4,1.8,0.6
2,2023-04-01,1,122,83,4.22,1.85,0.8,3.77,1.0,1.0,1.0,0.8
0,2023-04-01,6,76,59,2.45,3.01,1.4,3.21,2.0,1.2,1.6,2.0
1,2023-04-01,6,97,6,5.97,1.53,1.6,4.73,1.8,1.6,1.6,1.6
2,2023-04-01,10,111,109,4.08,2.13,0.6,3.26,2.4,1.0,1.4,1.4
1,2023-04-01,10,35,33,3.6,2.29,1.4,2.88,0.8,0.8,0.8,0.6
1,2023-04-01,10,36,41,3.33,2.28,1.4,3.16,2.4,1.4,1.2,1.4
2,2023-04-01,6,127,115,9.89,1.33,1.8,5.81,1.6,1.8,1.0,1.4
2,2023-04-01,9,16,121,6.31,1.5,1.2,4.51,1.2,1.2,1.6,1.0
2,2023-04-01,9,92,125,2.18,3.37,0.8,3.53,1.8,1.0,1.2,2.2
0,2023-04-01,4,52,79,5.21,1.74,0.6,3.89,1.2,0.6,1.4,1.6
1,2023-04-01,4,70,89,2.54,2.71,1.0,3.61,1.2,0.8,1.0,1.4
0,2023-04-01,6,30,95,3.66,1.97,1.8,3.87,1.4,1.2,1.2,1.0
0,2023-04-02,4,75,26,4.02,1.95,1.2,3.55,2.0,1.4,1.2,1.2
2,2023-04-02,4,69,24,7.18,1.49,2.6,4.39,1.0,1.8,0.6,1.8
1,2023-04-02,4,12,47,3.16,2.42,1.0,3.16,1.8,1.4,1.0,1.6
2,2023-04-02,4,105,103,3.17,2.23,2.0,3.68,1.2,2.8,1.0,0.6
2,2023-04-02,6,39,106,8.18,1.44,2.4,4.86,0.4,1.8,1.2,0.6
0,2023-04-02,6,40,19,1.87,4.27,1.0,3.65,1.2,1.8,1.8,1.2
1,2023-04-02,4,22,23,4.78,1.68,2.0,4.15,2.6,2.0,1.6,2.0
2,2023-04-02,10,34,71,4.33,1.85,3.0,3.67,1.6,3.4,0.4,1.8
0,2023-04-02,1,0,88,1.24,12.13,1.8,6.53,2.6,1.6,1.6,2.4
1,2023-04-02,10,62,93,2.89,2.48,1.6,3.54,1.0,1.2,0.8,1.4
0,2023-04-02,10,32,37,2.12,3.62,0.2,3.16,1.8,0.2,1.2,1.2
1,2023-04-02,10,114,18,2.93,2.53,2.0,3.13,2.2,1.0,0.6,3.0
2,2023-04-02,9,45,60,2.44,2.87,1.4,3.45,1.4,1.2,1.2,1.4
0,2023-04-02,9,61,94,6.42,1.49,1.4,4.53,0.4,1.0,1.0,0.6
0,2023-04-02,10,17,119,3.45,2.12,1.8,3.56,1.0,1.8,1.2,1.4
0,2023-04-02,6,53,54,1.84,4.19,0.8,3.88,1.0,1.0,1.4,2.2
1,2023-04-02,9,98,128,3.13,2.19,1.2,3.79,1.6,1.6,1.0,1.4
1,2023-04-02,1,13,56,2.76,2.56,1.8,3.45,1.6,1.8,1.0,1.4
2,2023-04-02,1,100,86,4.66,1.78,2.4,3.83,1.8,2.0,0.8,1.8
0,2023-04-02,10,50,2,2.79,2.62,0.2,3.23,0.2,0.8,3.0,0.2
1,2023-04-02,6,55,73,3.69,1.97,0.6,3.9,1.8,0.6,1.8,2.4
0,2023-04-03,10,91,38,2.33,3.0,0.8,3.39,2.0,1.4,1.4,1.8
0,2023-04-03,10,67,21,2.48,3.13,0.8,2.9,0.4,0.8,1.8,0.2
1,2023-04-03,10,3,82,4.24,1.96,2.6,3.34,1.6,1.4,0.4,1.0
2,2023-04-03,4,11,64,6.63,1.55,0.8,4.17,0.6,0.6,1.2,1.2
2,2023-04-03,4,80,110,2.55,2.73,1.2,3.48,0.6,1.2,1.4,1.0
2,2023-04-07,1,104,122,2.48,2.69,0.2,3.73,0.8,0.4,1.6,0.6
2,2023-04-08,6,106,40,2.2,3.44,0.4,3.28,0.8,0.8,1.6,1.2
2,2023-04-08,6,6,115,3.31,2.26,1.4,3.45,1.4,1.2,1.0,1.0
1,2023-04-08,6,97,30,3.26,2.13,1.6,3.62,1.8,1.4,1.4,1.0
0,2023-04-08,1,83,48,3.26,2.37,0.8,3.28,0.8,0.6,1.4,0.8
1,2023-04-08,9,94,92,1.84,4.13,0.8,3.84,1.2,0.8,2.4,1.0
0,2023-04-08,10,109,108,3.43,2.16,1.8,3.24,1.2,1.0,1.2,0.8
2,2023-04-08,10,41,114,3.53,2.17,2.0,3.19,2.2,1.4,1.0,1.2
0,2023-04-08,4,24,80,6.04,1.52,1.0,4.39,1.6,1.6,2.2,1.2
0,2023-04-08,4,79,105,1.93,3.65,1.8,3.94,2.0,1.8,1.8,2.4
2,2023-04-08,1,1,8,2.88,2.44,1.8,3.43,1.0,1.2,1.0,0.6
1,2023-04-08,10,37,111,3.54,2.21,1.8,3.11,1.2,1.4,0.4,1.4
1,2023-04-08,9,128,16,3.36,2.17,1.2,3.49,1.6,1.4,1.6,1.2
0,2023-04-09,6,59,127,1.66,4.95,2.4,3.93,2.4,2.4,1.0,2.0
2,2023-04-09,6,54,76,6.76,1.56,1.4,4.07,0.8,2.8,2.2,1.0
2,2023-04-09,6,19,53,13.23,1.21,1.8,6.95,0.2,1.6,0.8,0.6
0,2023-04-09,10,119,3,3.1,2.49,1.6,3.09,2.2,2.0,1.0,1.4
2,2023-04-09,10,33,32,5.43,1.71,1.0,3.52,0.2,0.8,1.0,0.0
0,2023-04-09,10,21,35,3.81,2.35,1.0,2.65,1.6,0.4,0.8,0.8
0,2023-04-09,4,103,64,10.16,1.28,0.6,5.89,0.6,0.8,1.6,1.2
2,2023-04-09,4,22,69,3.9,1.87,1.6,3.94,2.6,2.0,1.8,2.2
2,2023-04-09,4,47,70,4.6,1.73,1.4,3.88,1.2,1.8,1.8,0.6
2,2023-04-09,4,110,11,4.19,1.85,0.6,3.8,1.2,0.8,1.8,0.8
2,2023-04-09,1,56,100,2.5,2.88,1.6,3.61,2.4,1.6,1.6,2.2
1,2023-04-09,1,88,13,9.12,1.34,2.6,5.47,2.0,2.4,0.6,2.2
0,2023-04-09,6,95,55,3.05,2.34,1.8,3.53,0.2,1.2,1.4,0.4
2,2023-04-09,1,86,0,6.76,1.45,1.2,4.72,1.8,1.4,2.0,1.6
1,2023-04-09,10,18,38,3.01,2.35,1.8,3.17,2.0,2.2,1.2,1.8
1,2023-04-09,4,23,26,3.65,2.04,2.6,3.63,2.0,2.2,0.8,1.4
2,2023-04-10,9,125,45,9.94,1.27,1.6,6.46,2.0,2.2,1.0,1.4
2,2023-04-10,10,91,36,3.56,2.19,0.8,3.24,1.0,1.6,1.4,1.2
1,2023-04-10,6,73,39,3.67,2.05,2.0,3.81,2.4,2.6,1.0,1.8
2,2023-04-10,10,66,62,6.28,1.57,1.0,4.22,1.6,1.4,1.6,1.2
2,2023-04-10,10,82,34,1.52,6.32,1.6,4.36,3.0,1.2,1.0,3.2
2,2023-04-10,10,71,17,3.43,2.08,1.4,3.66,1.2,1.8,1.6,0.8
1,2023-04-10,9,60,98,2.75,2.4,1.2,3.57,1.2,1.4,1.2,1.6
0,2023-04-10,9,121,61,2.07,3.48,1.0,3.53,1.2,0.8,1.2,0.8
0,2023-04-10,10,2,72,4.07,1.81,0.8,3.79,0.6,1.0,0.8,1.0
2,2023-04-10,10,77,67,5.02,1.81,1.8,3.39,0.8,0.8,1.0,0.6
1,2023-04-10,4,52,12,2.51,3.0,0.4,3.16,1.2,0.6,1.8,2.0
0,2023-04-10,4,89,75,2.64,2.51,1.4,3.74,1.2,1.4,2.0,1.2
0,2023-04-11,10,93,50,5.17,1.62,1.2,4.08,0.2,1.6,1.6,0.4
0,2023-04-14,10,111,33,4.2,1.97,1.4,3.2,1.6,1.4,1.0,0.8
1,2023-04-14,10,66,2,5.06,1.67,1.6,4.07,0.8,1.6,1.4,1.4
2,2023-04-14,4,11,52,3.41,2.2,1.2,3.39,0.6,1.0,1.4,0.8
1,2023-04-14,10,108,37,3.58,2.12,1.2,3.28,1.4,1.2,1.4,1.0
1,2023-04-14,1,83,104,2.63,2.64,0.8,3.58,0.6,0.8,1.6,1.2
0,2023-04-15,6,95,54,2.79,2.48,1.2,3.57,2.0,1.0,1.8,3.2
2,2023-04-15,9,61,128,2.96,2.38,1.2,3.47,1.2,1.0,1.2,1.2
1,2023-04-15,9,92,60,3.8,1.99,1.2,3.61,1.2,1.2,1.2,1.2
0,2023-04-15,1,1,122,2.64,2.71,2.4,3.42,0.8,1.4,0.8,0.4
2,2023-04-15,6,30,76,7.52,1.47,1.4,4.51,0.2,1.2,1.6,0.6
1,2023-04-15,6,55,53,9.57,1.36,0.8,5.63,0.2,0.6,1.6,0.6
2,2023-04-15,10,18,91,4.83,1.85,1.4,3.45,1.2,2.0,1.2,1.6
0,2023-04-15,6,115,19,2.3,3.52,0.8,3.15,2.4,0.6,1.4,2.0
0,2023-04-15,6,106,97,1.41,7.3,1.0,4.26,1.2,1.2,1.2,1.6
0,2023-04-15,4,64,24,1.98,3.59,0.6,3.92,0.4,1.0,2.0,1.4
1,2023-04-15,1,48,8,3.89,2.04,1.4,3.48,0.8,1.4,1.2,0.6
1,2023-04-15,4,70,79,3.72,2.03,1.0,3.46,1.8,0.4,0.6,1.6
0,2023-04-15,10,67,35,2.27,3.38,0.8,2.98,2.2,0.6,1.4,1.2
2,2023-04-16,4,110,105,2.37,2.79,0.6,3.9,2.0,1.0,1.8,2.4
0,2023-04-16,4,26,22,2.11,3.3,2.2,3.75,2.0,1.2,0.4,2.0
2,2023-04-16,10,17,3,3.41,2.2,0.6,3.35,2.6,0.8,1.8,1.4
0,2023-04-16,4,23,47,3.05,2.32,2.2,3.43,1.4,1.8,0.8,1.6
2,2023-04-16,4,12,75,2.35,2.99,1.2,3.48,1.8,1.8,1.2,2.0
2,2023-04-16,10,72,93,2.71,2.46,1.2,3.75,1.0,1.2,2.8,1.6
0,2023-04-16,9,98,121,6.07,1.48,0.8,4.67,0.8,1.0,1.2,0.8
2,2023-04-16,10,114,36,4.5,1.84,1.6,3.45,0.4,1.4,1.2,0.8
2,2023-04-16,10,62,50,3.53,2.17,1.6,3.37,0.8,1.2,0.8,0.8
2,2023-04-16,10,34,119,6.4,1.51,2.4,4.35,1.0,3.0,0.8,1.4
0,2023-04-16,1,0,100,1.44,7.02,1.2,4.96,2.4,1.4,2.0,2.2
1,2023-04-16,9,16,125,1.89,3.92,1.6,3.86,2.0,1.0,1.0,2.2
0,2023-04-16,9,45,94,3.92,1.9,2.0,3.87,1.0,1.4,1.2,1.2
1,2023-04-16,1,88,56,6.41,1.47,2.2,4.91,1.6,2.6,1.2,1.8
1,2023-04-16,1,86,13,3.45,2.08,1.2,3.75,1.6,1.6,2.0,2.2
0,2023-04-16,10,77,109,2.64,2.84,2.4,3.06,1.2,1.0,0.2,1.0
1,2023-04-16,6,39,127,1.6,5.85,2.0,4.09,2.4,1.6,1.4,2.0
0,2023-04-16,6,73,59,2.89,2.28,1.6,4.07,2.4,2.0,1.2,2.4
1,2023-04-16,6,40,6,3.0,2.5,0.8,3.28,2.0,1.2,1.6,1.2
0,2023-04-17,4,69,89,5.4,1.52,2.4,4.54,0.8,2.2,0.6,1.0
1,2023-04-17,10,82,71,2.0,3.71,1.6,3.64,1.4,1.2,1.0,1.4
2,2023-04-17,10,32,21,2.26,3.57,0.2,2.94,0.8,0.0,1.2,0.6
1,2023-04-17,4,80,103,1.87,4.25,1.6,3.64,0.6,1.4,1.4,0.8
2,2023-04-17,10,38,41,4.18,1.9,1.6,3.64,2.0,1.2,1.2,1.6
1,2023-04-21,1,122,48,2.98,2.32,1.4,3.53,1.0,0.8,1.2,1.4
1,2023-04-21,10,93,2,3.47,2.1,0.4,3.85,0.8,1.2,2.0,1.6
0,2023-04-21,10,91,114,2.59,2.75,1.2,3.26,1.6,1.8,1.2,1.8
2,2023-04-21,4,103,79,6.06,1.55,0.2,4.15,1.4,0.6,1.6,1.0
0,2023-04-22,4,70,12,2.16,3.28,1.2,3.57,1.6,0.6,0.6,2.4
2,2023-04-22,6,127,30,7.43,1.4,2.0,4.74,1.4,1.4,0.8,1.6
0,2023-04-22,6,40,73,2.9,2.35,0.8,3.74,1.6,1.2,1.6,2.0
2,2023-04-22,6,53,106,3.32,2.19,0.2,3.55,0.8,0.4,2.6,1.0
1,2023-04-22,1,8,83,2.85,2.52,1.0,3.35,1.0,1.0,1.2,0.8
0,2023-04-22,1,104,1,4.14,1.82,0.8,3.93,2.4,1.0,1.2,1.6
2,2023-04-22,9,125,92,6.49,1.49,2.0,4.74,1.2,2.2,0.6,1.0
0,2023-04-22,4,64,69,1.53,5.63,0.6,4.65,1.8,1.0,1.6,1.8
2,2023-04-22,10,41,18,3.31,2.38,2.0,3.13,1.8,1.8,1.4,2.0
1,2023-04-22,10,33,108,3.01,2.41,2.2,3.13,1.4,1.2,0.4,1.8
2,2023-04-22,10,35,32,5.24,1.8,2.2,3.31,0.6,1.4,0.6,0.2
1,2023-04-22,4,24,23,3.26,2.15,0.8,3.87,1.6,1.6,2.6,1.6
0,2023-04-22,9,121,45,2.65,2.69,1.2,3.35,1.8,1.2,1.6,1.4
2,2023-04-23,1,56,86,3.47,2.1,1.2,3.64,1.4,1.2,1.4,1.8
0,2023-04-23,1,13,0,5.69,1.55,1.2,4.41,0.6,2.2,2.2,0.8
2,2023-04-23,10,21,111,3.13,2.53,0.8,2.9,0.8,0.6,1.0,0.8
2,2023-04-23,10,36,38,1.9,3.89,0.4,3.75,2.2,1.0,2.0,1.4
1,2023-04-23,6,19,59,4.35,1.8,3.0,4.03,2.4,2.4,0.2,2.6
2,2023-04-23,6,6,95,3.01,2.36,1.6,3.44,0.6,0.8,0.4,0.6
0,2023-04-23,1,100,88,2.83,2.57,2.4,3.5,1.8,2.2,0.8,1.8
2,2023-04-23,9,60,94,5.75,1.57,1.2,4.19,1.4,1.0,0.8,1.6
1,2023-04-23,10,3,34,2.21,3.55,2.0,3.21,2.4,1.0,0.6,2.0
0,2023-04-23,6,115,39,3.62,2.25,0.6,3.29,2.2,0.4,1.4,1.4
1,2023-04-23,4,22,110,5.74,1.55,2.6,4.59,1.2,2.6,1.2,1.2
2,2023-04-23,6,76,55,2.44,3.22,0.2,3.16,1.0,0.8,2.6,0.6
1,2023-04-23,4,105,52,6.13,1.53,2.0,4.46,0.6,2.6,2.0,0.8
0,2023-04-23,9,16,61,2.78,2.4,1.2,3.65,1.8,1.0,1.2,1.8
2,2023-04-23,4,75,11,4.8,1.7,1.2,4.11,1.8,1.6,1.8,1.4
2,2023-04-23,9,128,98,3.23,2.14,1.0,3.8,0.6,1.2,2.0,1.2
2,2023-04-23,4,47,26,3.62,2.16,1.4,3.39,1.6,1.6,1.6,1.2
0,2023-04-23,10,17,82,4.68,1.78,1.2,3.82,1.6,1.0,1.6,1.0
2,2023-04-23,10,119,71,2.7,2.73,0.8,3.37,1.6,1.2,1.2,1.4
0,2023-04-23,10,50,66,1.68,4.86,0.8,4.03,1.6,1.0,2.4,1.8
1,2023-04-24,10,72,62,3.48,2.1,1.8,3.68,1.6,1.6,1.4,1.4
1,2023-04-24,10,37,77,4.01,1.9,1.4,3.52,2.4,1.6,1.2,1.0
2,2023-04-24,6,97,54,3.43,2.16,1.6,3.72,2.4,1.6,1.6,3.2
2,2023-04-24,10,109,67,8.81,1.41,1.2,4.29,0.2,1.0,1.8,0.2
0,2023-04-24,4,89,80,5.42,1.58,1.4,4.23,1.8,1.4,2.2,1.4
2,2023-04-25,9,45,125,1.56,5.47,1.8,4.67,2.0,1.4,1.6,2.6
0,2023-04-26,9,98,60,3.84,1.91,0.4,3.88,1.2,1.0,1.6,1.0
2,2023-04-26,9,92,128,3.65,2.09,1.2,3.58,1.6,1.2,2.0,1.4
2,2023-04-26,1,100,13,5.36,1.59,1.8,4.32,1.2,1.6,1.0,2.2
1,2023-04-26,1,86,88,1.85,4.15,0.8,3.93,1.8,1.6,2.4,1.8
2,2023-04-27,9,61,121,7.43,1.43,1.8,4.84,1.2,2.0,1.2,1.2
0,2023-04-27,9,94,16,1.88,3.84,1.4,3.81,1.0,1.6,1.6,0.8
1,2023-04-28,10,50,72,2.67,2.59,0.8,3.56,1.4,0.8,2.0,1.6
0,2023-04-28,1,8,122,2.48,2.95,1.2,3.37,1.6,1.0,1.0,1.2
2,2023-04-28,10,108,21,4.46,1.86,1.6,3.38,1.2,1.8,1.0,0.8
0,2023-04-28,6,30,40,5.31,1.6,1.4,4.35,0.8,1.6,1.8,1.0
0,2023-04-29,10,67,32,1.62,5.63,0.0,3.07,0.6,0.0,1.8,0.4
0,2023-04-29,4,52,22,1.67,4.83,0.6,4.03,2.2,0.8,1.6,2.4
1,2023-04-29,10,91,41,2.25,3.08,0.6,3.35,2.0,1.2,1.6,1.6
2,2023-04-29,9,60,45,4.16,1.83,1.6,3.84,1.8,1.2,0.8,1.8
0,2023-04-29,6,55,127,1.8,4.75,1.0,3.6,2.0,0.8,1.0,1.4
0,2023-04-29,6,6,19,2.08,3.61,2.2,3.61,2.6,1.0,0.2,1.8
1,2023-04-29,1,104,48,2.99,2.28,0.8,3.82,1.2,1.0,1.2,1.8
1,2023-04-29,1,83,1,3.31,2.18,0.6,3.45,2.4,0.6,1.2,1.8
2,2023-04-29,10,77,33,3.14,2.59,2.0,2.9,2.2,1.2,0.8,1.0
1,2023-04-29,6,97,39,4.73,1.71,1.6,4.23,2.2,1.8,1.8,1.6
1,2023-04-29,9,92,98,3.16,2.02,1.6,4.11,0.4,1.8,1.8,1.2
1,2023-04-29,6,54,115,3.95,1.85,1.8,3.86,0.0,3.2,1.6,0.4
2,2023-04-30,6,95,106,6.01,1.49,0.6,4.62,0.8,0.6,1.6,1.4
2,2023-04-30,6,73,76,5.06,1.68,1.6,4.22,0.8,1.8,1.6,1.0
0,2023-04-30,10,71,3,3.55,2.17,1.4,3.23,1.6,1.2,1.2,0.6
0,2023-04-30,10,114,38,2.75,2.57,1.6,3.25,1.6,1.8,1.4,1.2
2,2023-04-30,10,2,62,4.67,1.74,1.0,3.96,1.2,1.8,1.4,1.2
2,2023-04-30,10,119,82,4.27,1.93,1.2,3.58,2.2,1.2,1.0,1.6
0,2023-04-30,10,34,17,6.26,1.52,2.0,4.45,0.6,1.2,0.8,0.6
2,2023-04-30,6,59,53,6.19,1.44,2.0,5.15,0.8,2.6,1.2,0.8
2,2023-04-30,1,56,0,6.67,1.44,1.8,4.94,0.6,1.8,1.2,1.0
2,2023-04-30,4,47,64,9.34,1.33,2.0,5.53,0.6,2.0,1.6,1.0
2,2023-04-30,9,125,61,4.95,1.61,1.4,4.5,2.4,2.2,1.6,2.4
0,2023-04-30,9,121,16,2.22,3.1,0.6,3.64,1.6,1.2,2.2,1.2
1,2023-04-30,9,128,94,7.51,1.45,1.0,4.44,1.4,1.0,2.2,1.6
2,2023-04-30,4,79,24,3.19,2.13,0.8,3.76,1.0,0.8,1.6,1.2
1,2023-04-30,4,11,12,2.7,2.75,1.2,3.48,2.2,1.2,1.4,3.0
2,2023-04-30,4,105,70,7.26,1.43,1.6,5.55,1.0,2.0,2.0,0.6
2,2023-04-30,4,26,89,3.55,2.01,1.0,3.83,0.8,1.2,1.4,0.8
2,2023-04-30,4,69,110,4.83,1.68,1.8,4.15,1.4,1.8,0.8,1.4
2,2023-05-01,10,66,93,5.17,1.63,2.2,4.09,0.6,2.0,1.0,1.4
0,2023-05-01,10,109,37,3.86,2.12,1.8,3.16,1.4,1.2,1.0,1.8
0,2023-05-01,4,80,75,1.88,3.95,2.2,3.88,1.8,1.4,0.6,1.8
2,2023-05-01,4,23,103,4.32,1.83,1.2,3.93,0.8,0.8,1.0,0.8
2,2023-05-01,10,36,18,2.23,3.27,1.0,3.29,1.2,1.0,1.6,1.2
2,2023-05-02,10,111,35,4.15,2.05,0.8,3.05,2.2,0.8,1.2,1.6
0,2023-05-05,10,21,77,3.57,2.25,1.2,2.99,2.0,0.8,1.0,1.2
2,2023-05-05,10,37,67,13.83,1.2,1.8,6.07,0.0,2.2,1.6,0.0
1,2023-05-05,1,122,8,3.93,2.0,2.0,3.48,1.0,1.6,1.4,0.8
0,2023-05-06,6,106,6,2.2,3.24,0.6,3.62,1.6,1.4,2.2,1.0
0,2023-05-06,6,53,30,1.65,4.77,0.8,4.32,0.8,1.0,3.2,1.4
0,2023-05-06,9,94,121,3.24,2.19,1.0,3.53,0.6,1.6,1.8,1.4
0,2023-05-06,9,98,125,2.4,2.68,0.4,3.9,2.0,1.0,1.6,3.0
0,2023-05-06,6,39,40,5.05,1.74,1.8,3.84,0.8,1.6,1.0,0.8
2,2023-05-06,1,48,104,3.4,2.05,1.2,3.83,1.0,1.6,1.4,1.2
1,2023-05-06,10,33,109,2.95,2.62,1.6,2.84,1.2,0.8,0.4,1.2
2,2023-05-06,10,41,36,6.24,1.52,1.6,4.3,1.4,1.4,1.2,1.2
1,2023-05-06,1,1,83,3.12,2.33,2.0,3.49,0.6,1.8,1.4,1.4
0,2023-05-07,4,26,12,3.66,2.08,1.4,3.39,1.8,1.4,1.4,2.2
1,2023-05-07,10,18,114,4.36,1.93,1.0,3.32,1.4,1.0,1.4,1.8
2,2023-05-07,10,2,50,5.26,1.63,1.6,4.11,0.8,2.0,1.2,1.0
2,2023-05-07,10,62,66,2.04,3.88,1.0,3.39,2.6,1.0,1.2,2.0
0,2023-05-07,10,82,17,2.73,2.53,1.6,3.52,1.2,1.6,1.0,0.6
2,2023-05-07,10,3,119,3.75,2.22,1.6,3.15,1.8,0.6,0.4,1.6
2,2023-05-07,1,88,86,6.84,1.46,1.8,4.86,1.0,1.8,0.8,1.8
2,2023-05-07,6,54,55,3.11,2.23,2.0,3.77,1.0,3.0,1.2,1.0
0,2023-05-07,10,93,72,3.4,2.05,0.4,3.96,1.6,0.8,2.0,2.0
2,2023-05-07,6,19,73,6.58,1.48,2.6,5.15,1.6,2.2,0.6,1.6
1,2023-05-07,6,76,115,2.7,2.99,0.6,2.95,0.2,0.8,2.4,0.6
1,2023-05-07,4,75,89,5.39,1.58,1.8,4.51,0.8,1.6,1.6,1.0
0,2023-05-07,9,45,92,1.99,3.57,1.2,3.82,1.2,1.6,2.4,1.6
0,2023-05-07,1,13,100,1.87,3.9,0.6,4.07,1.8,2.2,2.6,1.8
0,2023-05-07,9,16,128,3.9,1.96,1.6,3.68,1.0,1.6,1.2,1.0
1,2023-05-07,9,61,60,4.23,1.76,2.4,4.12,2.2,2.4,1.6,2.0
1,2023-05-07,1,0,56,1.54,5.63,0.6,4.55,2.2,0.6,2.6,2.2
2,2023-05-07,6,127,97,6.38,1.47,2.6,4.93,1.8,2.4,0.6,2.0
2,2023-05-08,4,103,79,7.94,1.4,0.8,5.21,1.4,0.8,1.6,1.8
1,2023-05-08,10,35,108,3.17,2.41,2.0,3.05,1.6,1.4,0.8,1.4
1,2023-05-08,10,32,111,2.42,3.02,1.2,3.08,1.4,0.8,1.0,1.0
2,2023-05-08,10,38,91,6.62,1.49,2.0,4.26,0.8,1.4,1.0,1.2
0,2023-05-08,4,23,11,5.92,1.54,1.2,4.41,1.4,1.0,0.8,1.2
2,2023-05-08,10,71,34,2.29,3.09,0.8,3.51,1.4,0.8,1.2,0.8
2,2023-05-08,6,59,95,3.5,2.02,2.0,3.75,1.2,3.0,1.0,1.2
0,2023-05-11,4,11,22,1.76,4.74,1.4,4.08,2.2,1.4,1.2,1.8
1,2023-05-11,4,89,69,2.01,3.51,0.8,3.8,1.8,1.8,2.8,2.4
1,2023-05-12,1,104,83,3.13,2.25,1.0,3.67,0.8,1.2,1.8,1.8
2,2023-05-12,4,103,105,3.59,1.99,1.4,3.68,2.0,0.6,1.0,2.0
2,2023-05-12,4,12,47,2.92,2.62,2.2,3.0,2.6,1.8,0.6,2.4
1,2023-05-12,10,72,2,2.5,2.67,2.2,3.62,1.6,2.0,1.2,2.0
1,2023-05-12,10,36,91,3.36,2.18,1.2,3.38,0.8,1.4,2.6,1.2
2,2023-05-12,10,37,33,4.03,2.08,1.8,3.15,1.6,2.0,1.6,0.6
0,2023-05-13,10,77,35,2.61,2.96,2.0,3.02,2.0,1.4,1.0,1.2
2,2023-05-13,10,109,21,4.33,1.99,1.4,3.23,0.6,1.2,1.2,0.8
1,2023-05-13,10,114,41,3.27,2.24,1.4,3.29,2.0,1.8,1.6,2.6
1,2023-05-13,1,122,1,3.9,1.93,1.6,3.82,1.6,1.4,1.4,2.0
0,2023-05-13,1,8,48,2.02,3.64,0.6,3.68,1.8,0.6,1.2,2.6
2,2023-05-13,6,115,73,3.97,1.88,0.4,4.04,1.4,0.6,1.6,1.6
1,2023-05-13,6,53,97,1.35,8.16,0.8,5.81,1.6,1.0,2.2,2.4
2,2023-05-13,9,92,94,8.73,1.32,1.6,5.78,0.8,1.8,1.8,1.2
2,2023-05-13,6,19,106,17.82,1.16,2.6,8.9,0.6,2.2,0.8,1.4
2,2023-05-13,9,45,61,1.77,4.1,1.2,4.27,2.0,2.0,2.6,2.4
1,2023-05-13,6,127,54,9.37,1.32,2.6,6.18,2.0,2.6,1.0,2.2
1,2023-05-14,6,55,59,3.57,2.01,0.8,3.81,2.0,1.0,2.0,2.8
2,2023-05-14,10,66,50,9.54,1.34,2.0,5.47,0.8,1.6,0.6,1.0
2,2023-05-14,10,93,62,4.04,1.93,0.2,3.78,1.4,0.6,2.0,1.2
0,2023-05-14,10,17,34,2.09,3.37,1.8,3.81,0.8,1.2,1.4,0.8
2,2023-05-14,10,38,18,4.43,1.91,2.0,3.47,1.0,1.6,1.0,1.0
2,2023-05-14,10,108,32,4.68,1.8,1.8,3.54,1.4,1.4,0.8,1.2
0,2023-05-14,10,67,111,1.39,8.11,0.0,4.74,1.0,0.0,1.6,1.0
1,2023-05-14,10,3,71,3.12,2.42,2.0,3.19,1.4,1.0,0.2,1.2
0,2023-05-14,1,56,88,1.99,3.56,2.2,3.85,1.8,2.0,0.6,1.6
1,2023-05-14,9,125,128,6.72,1.47,2.0,4.6,1.4,3.0,1.4,1.2
0,2023-05-14,4,22,11,8.61,1.31,2.6,5.97,1.4,2.0,0.8,1.4
2,2023-05-14,9,98,16,4.8,1.63,0.2,4.53,1.4,0.8,1.8,1.4
2,2023-05-14,4,105,103,4.36,1.86,1.4,4.01,2.0,1.6,1.8,1.2
2,2023-05-14,1,13,86,2.68,2.5,0.4,3.77,1.0,2.0,2.6,1.8
2,2023-05-14,1,100,0,12.68,1.22,1.8,6.79,0.8,1.6,1.4,0.8
2,2023-05-14,6,95,39,3.98,2.0,0.6,3.56,1.2,0.8,1.8,1.2
2,2023-05-14,6,40,76,3.97,2.14,1.4,3.17,0.8,1.2,1.2,0.8
0,2023-05-14,6,30,6,4.21,1.79,1.4,3.84,2.0,1.6,1.8,2.0
2,2023-05-14,9,60,121,4.95,1.7,2.2,3.9,1.2,2.2,0.8,1.4
2,2023-05-14,4,69,89,5.86,1.55,1.4,4.41,1.0,1.6,1.0,1.6
0,2023-05-15,10,82,119,2.04,3.3,1.4,3.72,1.2,1.6,1.4,1.0
2,2023-05-15,4,47,12,3.5,2.19,2.4,3.39,2.6,1.8,0.6,1.8
1,2023-05-18,4,103,69,3.13,2.58,1.8,3.0,2.0,1.4,1.4,1.8
1,2023-05-19,10,111,108,4.38,1.95,1.4,3.23,1.8,1.2,1.2,1.2
2,2023-05-19,10,32,77,4.6,1.87,1.4,3.42,1.4,1.4,1.2,1.0
0,2023-05-19,1,83,8,4.23,1.9,1.0,3.67,0.6,1.8,1.8,0.6
0,2023-05-19,10,50,93,2.18,3.28,0.2,3.53,0.8,0.8,2.6,0.6
1,2023-05-19,10,21,37,5.29,1.71,0.6,3.47,2.2,0.6,1.4,2.2
0,2023-05-19,10,35,109,3.32,2.17,2.0,3.09,2.0,1.0,0.4,1.4
0,2023-05-19,4,47,22,2.54,2.98,2.4,3.13,2.0,1.8,0.6,1.8
1,2023-05-20,6,73,127,1.76,4.08,1.2,4.38,2.2,1.4,1.8,2.6
0,2023-05-20,9,121,92,1.67,4.95,0.6,4.11,2.0,1.0,2.2,2.8
2,2023-05-20,10,33,67,12.43,1.24,1.0,5.45,0.0,0.4,0.6,0.0
0,2023-05-20,10,91,18,2.0,3.49,0.4,3.4,0.8,0.8,1.6,0.8
0,2023-05-20,1,48,122,4.13,1.91,1.8,3.73,1.8,2.2,1.0,1.8
0,2023-05-20,1,1,104,2.41,2.75,1.2,3.67,0.6,2.2,2.2,0.6
0,2023-05-20,6,106,30,1.29,8.31,0.0,6.21,1.2,1.0,3.4,1.0
2,2023-05-20,6,6,53,4.9,1.6,2.0,4.42,1.0,2.2,1.0,1.2
1,2023-05-20,9,61,98,2.8,2.32,1.4,3.93,0.8,1.6,2.0,1.6
2,2023-05-20,6,59,40,3.09,2.25,2.2,3.55,2.0,2.8,0.8,1.4
2,2023-05-21,1,88,100,3.99,2.04,2.2,3.59,2.4,1.2,0.4,2.2
1,2023-05-21,1,0,13,1.61,4.94,0.8,4.57,0.8,0.8,2.4,2.0
1,2023-05-21,1,86,56,2.55,2.57,0.4,3.78,1.6,1.4,2.4,1.6
0,2023-05-21,9,94,125,1.59,5.0,0.2,4.72,2.0,0.6,2.4,3.0
1,2023-05-21,9,16,60,2.25,2.97,1.2,3.71,2.6,1.4,2.4,2.6
2,2023-05-21,9,128,45,3.85,1.97,1.6,3.71,1.8,1.2,1.4,2.2
0,2023-05-21,4,69,103,4.01,2.04,2.2,3.24,1.4,1.8,0.4,1.4
2,2023-05-21,6,97,19,2.58,2.83,1.6,3.48,2.6,2.0,1.8,2.2
2,2023-05-21,6,54,39,4.74,1.75,1.6,4.08,1.0,2.0,1.6,0.8
2,2023-05-21,10,34,3,3.71,2.14,1.4,3.24,1.6,1.4,1.2,1.0
1,2023-05-21,10,119,17,4.71,1.72,1.8,3.93,1.8,1.4,1.2,1.2
0,2023-05-21,10,62,72,3.31,2.11,1.4,3.82,1.8,1.2,1.2,1.6
0,2023-05-21,10,2,66,2.52,2.82,1.8,3.44,2.0,1.8,0.8,2.0
2,2023-05-21,10,41,38,2.83,2.49,1.6,3.43,2.4,2.2,1.2,1.6
2,2023-05-21,6,55,115,3.67,2.11,0.4,3.32,1.0,0.8,2.0,1.0
2,2023-05-22,10,71,82,8.03,1.33,1.0,5.91,0.8,1.0,1.2,1.4
2,2023-05-22,6,76,95,2.59,2.9,0.8,3.1,1.2,0.6,1.2,0.8
0,2023-05-22,4,22,47,4.63,1.75,2.0,3.93,1.8,1.4,0.8,1.4
0,2023-05-22,10,36,114,2.09,3.3,1.4,3.53,1.6,1.4,2.2,1.6
0,2023-05-25,9,94,61,2.0,3.12,0.2,4.01,1.0,0.6,2.4,1.4
0,2023-05-25,9,121,128,2.28,3.02,0.6,3.5,1.6,0.8,2.0,1.4
2,2023-05-25,9,60,125,2.49,2.63,2.2,3.85,2.0,2.4,1.2,2.2
1,2023-05-25,9,45,98,1.88,3.39,1.2,4.38,1.0,2.0,2.2,1.8
1,2023-05-25,9,92,16,4.32,1.73,2.6,4.25,1.4,2.8,0.6,1.6
1,2023-05-26,4,103,47,5.13,1.81,2.0,3.37,1.8,1.6,1.0,1.6
2,2023-05-26,10,108,37,2.9,2.47,1.8,3.1,2.2,0.8,0.4,2.0
2,2023-05-26,10,72,50,4.09,1.78,1.8,4.13,0.2,2.0,1.0,0.6
2,2023-05-27,1,122,104,3.3,2.11,1.8,3.76,1.0,1.6,0.8,1.2
0,2023-05-27,10,38,36,5.89,1.47,1.8,4.8,1.4,1.6,1.2,1.6
1,2023-05-27,6,95,127,2.49,2.88,1.2,3.66,2.2,0.8,1.8,3.0
1,2023-05-27,6,54,19,1.7,4.44,1.6,4.23,2.0,2.2,1.6,2.0
0,2023-05-27,6,106,73,1.81,4.12,0.0,4.54,1.4,0.8,3.6,1.6
0,2023-05-27,6,53,115,1.89,3.91,0.8,3.65,1.0,1.2,2.4,0.8
1,2023-05-27,1,8,1,2.79,2.55,1.0,3.39,1.2,0.4,0.8,2.4
2,2023-05-27,1,48,83,3.94,1.82,1.6,4.14,0.8,1.8,1.0,1.6
1,2023-05-28,10,44,111,,4.1,0.0,,1.6,0.0,0.0,1.4
0,2023-05-28,10,18,41,8.95,1.35,0.8,4.8,2.2,0.8,1.4,2.6
2,2023-05-28,1,86,100,2.03,3.37,0.4,3.89,1.8,1.0,2.0,2.0
2,2023-05-28,1,88,0,13.63,1.17,2.6,8.88,1.0,1.6,0.6,1.0
1,2023-05-28,6,97,76,5.96,1.56,1.6,4.18,1.4,2.0,1.8,1.2
0,2023-05-28,6,30,59,3.78,1.89,1.2,4.04,2.2,1.0,1.6,2.2
2,2023-05-28,6,40,55,2.66,2.96,1.8,3.12,0.8,1.2,0.8,1.4
0,2023-05-28,10,114,91,8.12,1.37,1.6,4.76,0.4,1.6,1.4,0.8
2,2023-05-28,6,39,6,2.64,2.64,0.8,3.46,2.4,0.8,1.6,2.6
2,2023-05-28,1,56,13,3.06,2.15,1.6,3.96,0.8,1.8,0.8,1.6
2,2023-05-29,10,28,32,1.87,4.26,1.6,3.31,1.4,2.0,1.4,1.8
0,2023-05-29,4,47,103,3.2,2.57,1.4,2.93,1.6,0.8,0.6,1.4
1,2023-05-29,10,93,66,1.92,3.86,1.4,3.97,2.4,0.8,1.2,2.2
0,2023-05-29,10,119,34,2.46,2.86,2.0,3.53,1.4,1.4,1.0,1.8
2,2023-05-29,9,16,45,4.37,1.64,1.0,4.57,0.8,1.8,2.6,1.6
0,2023-05-29,9,61,92,2.08,3.26,1.0,4.23,2.2,1.2,2.2,2.6
2,2023-05-29,9,98,94,6.14,1.44,1.2,5.16,0.2,2.0,1.4,0.6
2,2023-05-29,9,125,121,8.55,1.27,2.0,6.79,0.6,2.0,0.8,0.6
0,2023-05-29,9,128,60,2.97,2.36,2.2,3.6,2.2,1.8,0.8,2.4
2,2023-05-29,10,62,2,2.17,3.26,0.8,3.52,1.6,0.8,1.8,1.6
2,2023-05-29,10,17,71,2.01,3.58,1.4,3.79,1.4,1.2,1.8,1.4
0,2023-05-30,10,82,3,1.6,5.6,0.6,4.16,1.6,1.4,2.2,1.6
2,2023-06-01,10,18,108,6.37,1.51,0.8,4.03,2.2,1.0,1.6,1.6
2,2023-06-02,1,1,48,2.02,3.55,0.8,3.78,2.0,2.2,2.6,1.8
1,2023-06-02,1,104,8,3.66,1.93,1.0,4.0,1.0,1.2,2.2,0.4
0,2023-06-02,1,83,122,2.39,2.88,0.6,3.7,2.2,1.4,2.0,1.6
2,2023-06-03,1,0,86,1.75,4.12,0.4,4.11,1.0,1.0,2.6,1.4
0,2023-06-03,9,94,58,2.99,2.18,0.0,3.98,0.0,0.2,2.8,0.0
2,2023-06-03,10,66,72,3.9,1.76,2.0,4.41,2.2,2.4,1.2,2.0
1,2023-06-03,10,50,62,2.7,2.47,0.2,3.7,1.2,0.8,2.4,0.8
1,2023-06-03,1,13,88,2.06,3.48,0.8,3.95,2.6,1.6,2.0,1.8
2,2023-06-03,10,32,28,3.57,1.98,1.4,3.65,1.6,1.8,2.0,2.2
2,2023-06-03,6,115,95,3.99,1.91,1.6,3.86,1.4,1.2,1.0,1.0
2,2023-06-03,6,73,30,2.78,2.23,1.4,4.5,1.2,1.6,1.4,1.2
2,2023-06-03,6,76,53,8.09,1.39,1.0,4.97,0.2,0.8,0.4,0.4
2,2023-06-03,6,59,106,12.79,1.19,2.6,8.13,0.0,2.8,0.8,0.6
2,2023-06-03,6,55,97,2.63,2.53,0.8,3.85,1.2,1.4,2.0,1.2
2,2023-06-03,6,19,39,7.08,1.44,2.0,5.01,0.8,1.8,0.8,0.8
1,2023-06-03,6,6,54,2.44,2.55,1.8,3.84,1.8,2.8,1.4,1.6
2,2023-06-03,6,127,40,3.56,2.06,1.8,3.53,2.4,2.6,1.6,1.4
2,2023-06-03,1,100,56,4.34,1.7,1.8,4.47,1.6,2.4,1.8,1.8
0,2023-06-03,10,2,93,3.75,1.88,1.4,4.01,1.4,1.4,1.0,1.0
1,2023-06-04,10,3,17,4.88,1.65,2.0,4.11,2.0,2.2,1.2,2.2
1,2023-06-04,10,34,82,10.75,1.24,1.8,7.27,0.0,2.2,1.8,0.8
2,2023-06-04,10,111,44,14.98,1.19,1.8,6.12,1.0,1.2,0.6,0.0
1,2023-06-04,10,71,119,2.9,2.17,1.4,4.07,1.4,1.6,2.0,1.4
0,2023-06-05,1,122,1,3.57,2.0,2.2,3.74,1.2,1.6,0.6,2.4
2,2023-06-06,9,58,94,3.63,1.86,3.0,4.17,0.0,2.0,0.0,0.2
0,2023-06-07,6,124,40,2.24,3.47,0.0,3.23,1.8,0.0,0.0,1.0
0,2023-06-07,6,84,76,2.14,3.84,0.0,3.24,1.6,0.0,0.0,1.2
1,2023-06-08,1,1,13,1.79,4.12,1.6,4.05,1.0,2.4,1.8,1.4
0,2023-06-09,10,119,66,2.6,2.7,1.0,3.54,2.0,0.8,1.2,2.6
0,2023-06-10,6,76,84,6.48,1.52,2.0,4.12,0.0,1.8,0.2,0.0
2,2023-06-10,6,40,124,6.82,1.47,1.8,4.31,0.0,0.8,0.6,0.0
2,2023-06-11,1,13,1,5.93,1.49,1.2,4.66,1.6,1.4,1.4,2.2
0,2023-07-01,4,24,110,3.7,1.95,0.8,3.82,1.4,1.0,2.4,1.6
1,2023-07-01,4,64,75,2.08,3.55,0.6,3.53,2.0,1.0,2.2,2.4
0,2023-07-01,4,22,52,7.05,1.44,1.8,4.75,0.4,1.4,1.2,0.4
2,2023-07-02,4,12,26,4.4,1.89,2.0,3.59,0.8,1.0,0.4,1.0
1,2023-07-02,4,103,79,6.44,1.47,1.6,4.75,0.8,1.2,1.2,1.4
1,2023-07-02,4,11,69,2.13,3.5,1.4,3.53,1.6,1.4,1.4,1.4
1,2023-07-02,4,105,70,5.25,1.57,1.4,4.36,0.4,1.8,1.8,0.4
0,2023-07-03,4,89,80,5.12,1.66,0.4,4.2,2.0,1.2,2.2,1.0
0,2023-07-04,4,23,47,4.43,1.91,1.0,3.5,1.4,0.8,1.0,1.2
0,2023-07-08,4,79,89,2.52,2.6,1.0,3.81,0.4,1.4,1.2,1.2
1,2023-07-08,4,70,24,3.76,2.03,0.4,3.57,0.8,0.4,1.6,1.4
1,2023-07-09,4,110,64,7.11,1.42,2.0,4.98,0.8,2.2,1.8,1.0
2,2023-07-09,4,47,11,4.02,1.97,1.4,3.56,1.6,1.4,1.2,1.4
1,2023-07-09,4,52,103,2.09,3.53,1.0,3.48,1.8,0.8,1.2,1.2
0,2023-07-09,4,26,105,2.83,2.44,0.6,3.58,1.6,1.0,2.0,1.6
2,2023-07-10,4,69,12,4.19,1.89,1.2,3.62,2.0,0.8,0.6,0.8
2,2023-07-11,4,23,75,4.11,1.88,0.8,3.82,1.6,1.0,1.4,1.8
1,2023-07-14,10,36,91,3.07,2.53,1.4,3.02,1.0,2.4,2.4,0.8
1,2023-07-14,4,89,12,3.4,2.17,1.0,3.63,1.8,1.4,2.0,0.8
2,2023-07-14,4,47,70,3.63,2.17,2.0,3.24,0.6,2.0,1.2,0.6
1,2023-07-14,10,74,111,3.06,2.7,0.0,2.82,1.8,0.0,0.0,2.0
0,2023-07-15,4,64,69,1.88,4.1,0.4,3.7,1.6,0.6,1.8,1.0
2,2023-07-15,10,18,78,8.08,1.42,1.4,4.11,1.2,1.0,1.0,1.4
0,2023-07-15,10,35,41,4.86,1.88,1.4,3.3,2.2,0.8,0.8,2.8
2,2023-07-15,4,24,26,4.01,2.04,1.0,3.56,0.6,1.4,2.0,0.8
0,2023-07-16,4,105,52,5.78,1.51,2.0,4.56,1.0,1.8,1.0,0.8
2,2023-07-16,4,103,23,3.74,2.01,1.8,3.68,1.4,1.2,0.8,1.8
2,2023-07-16,4,22,79,7.14,1.4,1.2,5.03,0.8,1.4,1.6,1.6
0,2023-07-16,10,108,38,1.98,3.71,1.6,3.6,1.8,1.4,1.2,1.8
1,2023-07-16,10,77,109,2.69,2.84,1.4,2.98,2.0,1.0,1.4,1.4
2,2023-07-16,4,11,80,3.84,2.02,1.4,3.53,2.0,1.6,1.8,1.2
2,2023-07-17,10,37,33,3.91,2.1,2.0,3.18,1.0,2.2,1.6,1.0
1,2023-07-17,4,75,110,3.43,1.96,1.6,3.91,1.6,1.6,2.0,1.6
0,2023-07-17,10,28,114,1.74,4.66,1.0,3.86,1.0,2.0,1.8,1.2
2,2023-07-21,10,66,51,9.53,1.31,2.6,5.64,0.0,2.6,1.2,0.0
0,2023-07-21,10,111,18,1.97,4.02,1.8,3.23,1.8,1.8,0.6,1.2
0,2023-07-21,6,30,54,3.38,2.15,1.2,3.84,1.8,1.2,2.0,1.8
2,2023-07-21,10,91,108,5.21,1.7,1.0,3.83,1.4,0.6,1.0,1.6
0,2023-07-22,6,6,55,3.45,2.19,2.0,3.43,1.4,3.0,1.2,1.4
1,2023-07-22,6,59,85,4.37,1.76,2.6,3.87,0.6,2.4,0.8,0.4
0,2023-07-22,6,76,127,1.7,5.2,2.0,3.77,1.8,1.8,0.4,1.8
2,2023-07-22,10,38,28,8.95,1.33,1.8,5.09,0.8,2.0,2.0,1.8
2,2023-07-22,10,41,37,3.94,2.0,2.6,3.37,2.0,2.8,1.2,2.0
0,2023-07-22,10,62,34,1.71,4.97,1.4,3.87,2.0,0.8,1.4,2.4
1,2023-07-22,9,121,61,1.94,3.73,0.6,3.67,1.0,0.6,1.4,1.0
2,2023-07-22,9,98,16,4.26,1.83,1.6,4.05,1.0,2.6,1.2,1.6
2,2023-07-22,6,115,19,2.17,3.93,2.0,3.1,2.0,1.2,0.8,2.0
0,2023-07-22,9,45,92,2.01,3.41,0.8,3.81,2.6,1.6,2.0,2.6
2,2023-07-23,6,97,73,4.95,1.57,1.0,4.66,1.4,1.0,1.2,2.0
1,2023-07-23,10,72,82,3.72,1.96,2.0,3.77,0.2,2.0,1.2,0.8
2,2023-07-23,6,39,40,3.89,2.12,0.6,3.08,1.8,0.8,2.4,1.0
2,2023-07-23,9,125,57,7.2,1.36,2.0,5.32,0.4,1.4,0.8,0.6
2,2023-07-23,9,128,126,6.95,1.46,2.0,4.62,0.0,1.8,1.0,0.0
2,2023-07-23,10,3,117,6.06,1.67,1.6,3.76,1.4,2.6,1.8,1.2
0,2023-07-23,10,93,17,2.79,2.51,2.0,3.55,1.6,1.2,0.8,2.6
0,2023-07-23,10,109,36,2.73,2.75,1.6,3.09,1.0,1.4,1.0,1.8
0,2023-07-23,10,78,35,2.52,3.08,0.6,2.92,0.8,1.0,2.0,0.4
2,2023-07-23,6,95,15,3.79,2.05,0.8,3.34,0.0,0.4,1.8,0.0
1,2023-07-24,10,114,74,9.99,1.28,1.6,5.1,1.0,1.4,1.0,1.0
1,2023-07-24,10,33,77,3.86,2.09,0.8,3.18,1.4,1.2,1.2,0.8
2,2023-07-24,10,71,119,4.55,1.82,1.6,3.69,1.0,1.6,1.8,0.8
0,2023-07-26,9,58,60,1.92,3.7,3.0,3.88,2.2,3.0,1.0,2.0
1,2023-07-28,10,119,62,4.2,1.93,0.4,3.51,0.8,0.6,1.6,0.6
1,2023-07-28,1,56,86,4.09,1.88,1.0,4.0,0.8,1.0,1.2,1.4
0,2023-07-28,10,108,109,3.49,2.18,0.8,3.2,1.6,1.2,1.8,1.0
1,2023-07-28,10,36,33,8.06,1.41,1.6,4.49,1.0,2.0,0.8,1.4
0,2023-07-29,10,117,34,1.74,4.76,1.4,3.91,2.6,1.2,1.2,2.4
2,2023-07-29,10,35,111,4.1,2.1,1.4,3.1,1.2,1.0,0.8,1.6
1,2023-07-29,9,92,128,3.39,2.07,2.6,3.72,2.0,2.6,0.8,1.8
2,2023-07-29,9,60,98,2.76,2.3,2.6,3.88,2.2,2.2,0.8,3.0
1,2023-07-29,9,57,45,4.56,1.69,0.4,4.2,0.8,0.8,2.0,1.4
0,2023-07-29,10,74,38,1.58,5.97,1.0,3.94,1.8,0.5,0.5,1.8
1,2023-07-29,6,55,30,2.87,2.59,2.0,3.48,0.6,1.6,0.8,1.2
1,2023-07-29,1,48,1,4.05,1.87,1.8,3.81,1.6,1.8,1.4,1.8
0,2023-07-29,1,104,0,2.92,2.33,1.0,3.81,1.0,1.2,2.2,1.4
1,2023-07-29,6,115,76,4.63,1.96,2.4,3.15,1.4,1.6,1.0,1.0
0,2023-07-29,1,8,88,1.46,6.68,1.2,4.85,2.6,0.6,0.6,1.8
1,2023-07-29,6,39,127,2.02,4.05,1.2,3.37,1.8,1.2,2.2,1.6
2,2023-07-29,1,122,14,3.28,2.23,2.0,3.59,0.0,1.8,1.0,0.0
2,2023-07-30,10,66,93,4.14,1.85,2.6,3.84,2.0,2.2,1.0,1.4
1,2023-07-30,10,82,51,4.67,1.72,0.4,4.0,0.0,1.0,2.2,0.0
0,2023-07-30,10,17,72,4.6,1.68,1.6,4.47,1.6,2.4,1.8,2.2
1,2023-07-30,6,85,73,3.44,2.09,0.2,3.77,1.4,0.6,2.8,2.2
0,2023-07-30,6,40,59,2.67,2.77,1.8,3.46,2.2,1.2,0.8,2.2
0,2023-07-30,6,6,19,2.32,3.4,1.4,3.27,1.4,2.2,1.4,1.8
1,2023-07-30,9,126,125,1.34,8.02,0.0,5.7,2.0,0.0,2.0,1.4
2,2023-07-30,9,16,121,3.42,2.08,1.0,3.67,0.2,1.8,2.6,0.4
2,2023-07-30,6,54,95,4.43,1.78,1.8,3.67,1.4,2.0,1.0,0.8
2,2023-07-30,9,61,58,5.88,1.52,1.0,4.41,2.0,0.6,1.0,2.0
0,2023-07-30,10,41,78,8.35,1.42,2.6,4.33,0.6,2.2,1.0,1.0
1,2023-07-30,10,18,114,3.34,2.27,2.4,3.15,1.6,1.8,0.8,1.2
0,2023-07-30,1,13,100,2.28,3.08,1.2,3.7,1.8,1.8,1.2,2.2
0,2023-07-31,10,28,91,2.09,3.53,0.8,3.31,1.6,2.0,2.0,0.6
0,2023-07-31,10,3,71,2.99,2.57,1.6,3.21,1.6,2.2,1.8,1.8
2,2023-07-31,6,97,15,6.12,1.47,1.6,4.62,0.0,1.2,1.0,0.0
0,2023-07-31,10,77,37,3.27,2.37,1.0,3.02,1.4,0.8,1.4,2.0
2,2023-08-04,6,54,76,7.51,1.51,2.2,4.31,1.4,2.0,0.6,1.0
2,2023-08-04,10,111,78,2.93,2.38,1.0,3.18,0.6,1.6,1.4,1.2
2,2023-08-04,10,93,117,4.63,1.74,1.4,3.91,1.2,1.2,1.4,1.2
2,2023-08-04,10,114,35,6.01,1.63,1.6,3.81,1.8,1.2,0.8,1.4
2,2023-08-05,6,55,39,3.42,2.21,2.0,3.41,1.4,2.0,1.2,1.4
2,2023-08-05,10,34,82,6.33,1.48,2.6,4.93,0.6,2.4,1.6,1.4
0,2023-08-05,10,33,108,2.76,2.57,1.0,3.11,0.6,1.8,1.6,1.6
1,2023-08-05,10,109,28,4.49,1.89,2.0,3.42,0.6,1.8,1.6,1.8
2,2023-08-05,6,19,59,4.4,1.78,1.4,4.1,2.6,1.8,1.4,2.8
0,2023-08-05,6,85,97,2.07,3.36,0.4,3.77,2.0,0.8,1.8,1.4
2,2023-08-05,1,86,8,6.49,1.5,1.0,4.64,1.0,1.4,1.8,0.6
2,2023-08-05,1,100,56,3.84,1.93,1.8,3.65,1.0,2.4,1.2,1.0
2,2023-08-05,9,128,60,3.0,2.26,2.0,3.5,2.6,2.0,1.2,2.0
2,2023-08-05,9,125,121,7.23,1.38,2.0,5.57,0.2,1.6,1.2,0.6
1,2023-08-05,9,58,92,2.1,3.25,1.5,3.75,2.2,1.75,1.75,2.0
0,2023-08-05,6,73,115,3.1,2.25,1.6,3.67,2.0,2.2,1.4,1.2
2,2023-08-06,10,77,41,2.95,2.58,0.4,3.14,2.4,0.4,1.6,2.2
2,2023-08-06,9,45,16,2.39,2.73,0.4,3.66,1.6,1.2,2.2,2.6
0,2023-08-06,9,57,126,5.67,1.55,0.4,4.38,0.5,1.0,2.2,1.0
2,2023-08-06,10,71,17,4.25,1.77,2.0,4.14,1.6,2.2,1.6,2.4
2,2023-08-06,10,62,66,2.41,3.08,1.0,3.32,2.6,1.0,1.8,2.2
0,2023-08-06,10,51,3,1.75,4.34,0.5,3.8,1.4,1.0,1.5,2.2
2,2023-08-06,6,15,40,4.0,1.99,0.0,3.44,1.2,0.5,2.0,1.0
0,2023-08-06,6,95,6,3.4,2.13,0.8,3.59,0.8,0.6,1.6,2.0
2,2023-08-06,9,98,61,4.53,1.71,1.6,4.2,1.6,1.8,1.0,1.0
2,2023-08-06,1,88,104,14.16,1.16,2.6,9.55,1.0,1.8,0.8,1.4
1,2023-08-06,1,14,48,3.09,2.23,0.0,3.67,1.4,1.0,2.0,1.2
0,2023-08-06,1,1,13,1.93,3.68,1.6,3.93,1.0,2.0,2.0,1.6
0,2023-08-06,6,127,30,3.94,1.78,1.8,3.8,0.8,1.4,0.8,1.8
2,2023-08-06,10,38,18,3.37,2.21,1.8,3.27,2.0,2.0,2.0,1.6
2,2023-08-07,10,37,36,2.45,2.95,1.4,3.21,1.6,2.0,2.2,2.4
0,2023-08-07,10,72,119,2.95,2.36,2.0,3.5,0.4,2.4,1.6,0.8
1,2023-08-07,10,91,74,8.19,1.47,2.0,3.97,0.6666666666666666,1.2,0.4,0.3333333333333333
1,2023-08-09,1,0,122,2.78,2.51,1.4,3.53,2.4,1.8,2.0,1.8
2,2023-08-11,6,115,97,2.28,3.15,2.6,3.32,2.0,1.6,0.2,1.8
2,2023-08-11,10,108,37,3.27,2.23,0.6,3.3,1.8,1.0,1.8,2.0
2,2023-08-11,10,34,72,7.32,1.39,2.6,5.2,1.4,2.4,1.0,1.8
1,2023-08-12,9,92,98,2.26,2.83,1.8,4.02,2.0,2.0,1.4,2.0
1,2023-08-12,1,100,0,7.07,1.38,1.8,5.64,1.6,2.0,1.0,2.0
1,2023-08-12,1,122,1,4.26,1.76,2.0,4.11,1.0,1.8,1.2,1.0
2,2023-08-12,1,56,14,5.72,1.55,1.0,4.57,0.5,1.0,1.4,2.0
2,2023-08-12,9,121,45,3.14,2.23,0.2,3.69,1.0,1.0,2.8,1.6
1,2023-08-12,10,74,109,2.54,3.09,0.75,2.93,1.6,0.5,1.0,1.6
0,2023-08-12,10,78,114,1.88,3.86,0.6,3.58,1.6,1.2,2.2,0.8
1,2023-08-12,6,59,55,4.28,1.77,2.0,4.22,2.0,2.8,2.0,2.4
0,2023-08-12,9,58,128,1.96,3.7,1.4,3.91,2.0,1.6,1.6,2.2
0,2023-08-12,6,73,54,1.98,3.37,1.4,3.96,2.2,1.8,1.4,1.6
2,2023-08-12,6,39,85,4.3,1.88,1.4,3.59,0.4,1.6,2.6,1.0
2,2023-08-13,6,19,95,4.85,1.73,2.0,3.89,0.8,2.4,1.2,0.8
2,2023-08-13,6,127,40,8.28,1.38,1.6,4.96,1.2,1.4,1.0,1.2
2,2023-08-13,1,88,13,5.7,1.51,2.6,4.87,1.6,2.2,0.8,1.8
0,2023-08-13,10,36,77,5.02,1.72,1.6,3.62,1.0,2.2,1.0,1.0
2,2023-08-13,1,8,104,2.93,2.39,1.0,3.63,0.8,0.6,1.6,1.2
2,2023-08-13,6,30,15,3.59,2.02,0.8,3.66,1.0,1.8,3.0,1.0
1,2023-08-13,9,61,125,2.38,2.93,1.4,3.67,2.0,1.0,1.0,2.2
0,2023-08-13,1,86,48,3.99,1.87,1.6,3.86,1.0,2.0,1.2,1.6
0,2023-08-13,9,16,57,2.91,2.2,1.4,3.87,0.2,2.6,2.2,0.8
2,2023-08-13,9,60,126,6.98,1.41,2.4,5.15,1.3333333333333333,1.8,1.0,1.3333333333333333
0,2023-08-13,10,82,71,1.95,3.6,0.6,3.86,2.0,1.2,2.4,2.2
0,2023-08-13,10,117,66,2.32,2.99,0.6,3.46,2.4,1.2,1.8,1.8
2,2023-08-13,10,17,62,4.12,1.81,1.4,4.07,1.6,2.4,2.0,1.8
1,2023-08-13,10,3,93,3.72,2.05,2.0,3.4,1.4,2.0,1.4,1.4
2,2023-08-14,10,28,33,3.12,2.38,0.2,3.2,1.0,0.8,2.4,1.8
2,2023-08-14,6,76,6,3.04,2.7,0.8,2.96,0.8,0.6,1.0,1.8
1,2023-08-14,10,119,51,7.71,1.4,1.0,5.02,0.3333333333333333,1.0,1.6,0.6666666666666666
0,2023-08-18,10,51,34,1.67,5.06,0.5,4.09,2.6,0.5,1.25,2.4
2,2023-08-18,10,77,108,3.18,2.43,1.6,3.02,1.2,1.4,1.2,1.6
2,2023-08-18,10,114,111,8.79,1.34,2.2,4.84,1.4,1.6,0.4,1.8
2,2023-08-18,6,85,55,2.62,2.84,0.4,3.25,2.2,1.0,2.4,2.4
2,2023-08-19,4,23,64,8.57,1.32,1.2,5.64,0.4,1.8,1.2,0.4
0,2023-08-19,10,37,28,3.99,1.97,1.8,3.35,0.8,1.6,1.8,0.6
1,2023-08-19,10,33,74,3.72,2.24,0.4,2.93,0.8,0.8,1.4,0.6
1,2023-08-19,6,54,59,4.11,1.83,2.6,3.9,1.6,2.0,0.6,2.2
0,2023-08-19,6,15,115,3.01,2.5,0.75,3.06,2.6,0.75,1.75,1.6
2,2023-08-19,6,30,19,2.51,2.74,1.4,3.63,2.4,1.8,2.2,3.0
1,2023-08-19,4,110,105,2.56,2.58,1.2,3.75,1.4,1.2,1.6,1.6
2,2023-08-19,6,95,39,3.4,2.25,0.6,3.32,1.4,0.8,1.6,1.6
1,2023-08-19,1,0,8,3.98,1.99,1.6,3.5,1.0,1.8,1.4,0.6
1,2023-08-19,1,104,56,1.52,5.71,0.2,4.89,1.4,0.4,2.0,1.2
0,2023-08-19,1,1,100,1.38,7.5,0.6,5.37,2.0,0.8,2.2,1.8
1,2023-08-19,4,52,47,2.08,3.58,1.6,3.38,2.0,1.6,1.2,1.8
0,2023-08-19,4,79,11,2.56,2.53,0.8,3.88,1.4,1.6,2.0,1.8
0,2023-08-20,1,14,86,1.97,3.53,0.3333333333333333,3.95,1.4,1.3333333333333333,2.3333333333333335,1.8
0,2023-08-20,1,48,88,1.63,5.14,1.6,4.63,2.6,1.8,2.0,2.2
2,2023-08-20,10,36,41,3.68,2.02,1.0,3.46,1.8,1.2,1.2,2.0
2,2023-08-20,10,93,71,2.34,2.96,1.4,3.75,2.6,1.2,1.4,3.0
2,2023-08-20,10,62,82,3.15,2.24,1.0,3.52,0.6,1.4,1.6,1.0
0,2023-08-20,10,66,17,3.24,2.21,2.4,3.58,1.4,1.4,1.0,2.0
1,2023-08-20,10,72,3,2.29,3.07,0.8,3.51,1.6,1.6,2.2,1.8
2,2023-08-20,10,38,78,9.08,1.35,2.4,5.05,0.6,1.8,1.4,1.0
1,2023-08-20,1,13,122,3.61,2.0,1.4,3.76,1.6,1.6,1.2,1.6
2,2023-08-20,6,40,76,3.56,2.44,0.6,2.83,0.8,1.0,2.0,0.4
0,2023-08-20,6,97,127,2.59,2.76,1.8,3.42,2.0,2.2,1.6,1.6
2,2023-08-20,6,6,73,3.97,1.9,0.8,3.85,0.8,1.4,2.0,1.2
1,2023-08-21,4,80,75,2.43,2.87,1.4,3.5,1.2,1.0,1.0,1.4
0,2023-08-21,4,70,103,1.86,4.15,0.4,3.71,1.8,0.4,1.8,1.2
0,2023-08-21,10,109,18,2.04,3.99,1.2,3.27,2.0,1.4,1.8,1.4
1,2023-08-21,4,26,89,3.23,2.15,0.6,3.64,1.0,0.8,1.8,0.6
1,2023-08-21,10,91,35,4.37,1.95,2.2,3.1,1.2,1.2,0.2,1.2
1,2023-08-21,4,22,12,3.5,2.07,1.2,3.68,1.4,1.4,1.4,0.6
2,2023-08-21,10,119,117,4.56,1.72,1.0,4.05,0.6,1.0,1.6,1.2
2,2023-08-23,4,52,110,2.42,2.88,1.6,3.55,1.2,1.6,1.2,1.2
2,2023-08-23,4,64,79,3.9,1.84,0.4,3.86,0.2,0.6,2.0,0.8
2,2023-08-23,4,47,24,4.99,1.61,2.0,4.05,1.0,2.0,1.2,1.4
2,2023-08-24,4,11,23,2.18,3.12,2.0,3.76,1.2,2.0,1.4,1.6
2,2023-08-24,4,75,26,3.32,2.22,0.8,3.5,0.2,1.4,2.2,0.6
2,2023-08-24,4,22,70,7.53,1.39,1.4,5.18,0.4,1.4,1.2,0.2
1,2023-08-25,6,40,54,2.28,3.63,0.6,3.29,2.6,1.0,2.0,1.8
1,2023-08-25,6,73,19,2.04,3.93,0.2,3.86,1.8,0.6,2.4,2.4
1,2023-08-25,10,74,37,2.91,2.78,0.8,2.85,1.2,0.4,0.8,1.6
0,2023-08-25,10,108,36,2.15,3.13,1.2,3.65,1.4,2.0,2.0,1.8
2,2023-08-25,10,82,119,2.21,3.16,0.4,3.53,1.6,0.8,2.8,1.4
2,2023-08-26,9,126,92,1.64,4.73,1.0,4.46,1.8,1.25,2.75,1.6
1,2023-08-26,9,128,98,3.07,2.28,2.0,3.62,2.0,2.4,1.0,1.8
2,2023-08-26,4,79,52,3.08,2.3,0.2,3.58,2.2,0.8,2.0,2.4
0,2023-08-26,1,1,8,2.43,2.89,0.4,3.44,1.0,0.6,2.2,0.6
0,2023-08-26,10,34,93,4.73,1.69,3.0,4.07,1.4,2.6,0.8,1.4
2,2023-08-26,1,100,14,9.29,1.3,2.6,5.85,0.25,1.6,0.0,1.0
1,2023-08-26,4,24,64,3.97,1.86,0.8,3.98,1.0,1.4,2.2,0.6
0,2023-08-26,1,122,88,1.54,5.87,1.2,4.43,2.6,1.2,1.2,2.6
2,2023-08-26,10,18,33,8.68,1.37,2.0,4.46,0.6,2.0,1.2,0.6
2,2023-08-26,6,76,39,2.8,2.81,0.8,3.04,1.4,0.4,1.0,1.4
1,2023-08-26,6,97,6,4.77,1.66,1.8,4.49,1.2,2.4,2.0,1.8
1,2023-08-26,6,85,30,2.14,3.23,1.0,3.67,2.0,1.2,2.2,2.2
2,2023-08-26,6,127,115,6.56,1.53,2.0,4.25,2.6,2.0,1.0,1.6
1,2023-08-26,10,28,77,2.64,2.79,1.4,3.17,2.0,1.2,1.6,2.0
2,2023-08-27,6,55,15,3.38,2.28,1.6,3.25,0.6,2.4,1.6,0.6
1,2023-08-27,4,12,105,3.96,1.94,1.0,3.72,1.6,0.6,0.6,1.6
1,2023-08-27,1,86,104,7.28,1.37,1.4,5.55,0.4,2.2,0.8,0.6
2,2023-08-27,1,56,13,3.87,1.86,1.0,4.09,1.4,0.8,1.2,1.4
0,2023-08-27,1,48,0,3.46,2.09,1.0,3.72,1.8,1.6,3.0,1.6
1,2023-08-27,4,22,23,3.92,1.86,1.4,4.1,1.2,1.8,1.6,1.4
0,2023-08-27,9,45,61,1.93,3.65,0.8,3.97,1.0,1.4,2.2,0.8
2,2023-08-27,4,89,47,3.15,2.23,1.0,3.61,2.6,1.0,1.6,1.8
0,2023-08-27,9,57,121,4.4,1.72,0.8,4.0,0.8,1.0,2.0,1.6
0,2023-08-27,4,70,80,3.09,2.4,0.4,3.34,1.4,0.6,1.8,1.2
0,2023-08-27,6,95,59,2.96,2.26,1.2,3.68,1.2,1.6,1.4,1.8
2,2023-08-27,10,41,114,2.05,3.29,1.2,3.78,2.2,1.8,2.0,1.8
2,2023-08-27,10,3,62,5.07,1.72,1.6,3.85,1.4,1.4,1.2,1.6
2,2023-08-27,10,71,66,5.15,1.65,2.4,4.21,1.8,3.0,1.0,1.2
0,2023-08-27,10,51,72,2.19,3.18,0.4,3.73,1.0,0.4,1.4,1.4
0,2023-08-28,4,69,26,5.62,1.56,1.6,4.63,0.2,1.2,0.6,0.6
1,2023-08-28,10,35,109,3.06,2.38,1.4,3.22,1.0,1.2,1.0,1.8
2,2023-08-28,10,111,38,1.74,4.83,0.8,3.72,3.0,0.8,1.8,2.0
0,2023-08-28,10,117,17,1.98,3.71,0.0,3.53,1.8,1.0,2.0,1.6
2,2023-08-28,4,110,103,2.38,2.9,1.2,3.51,2.2,1.2,1.6,1.8
0,2023-08-29,4,75,11,3.7,1.92,1.2,3.98,2.0,0.8,1.4,2.2
2,2023-08-31,4,105,69,2.85,2.35,1.2,3.9,1.4,1.0,1.0,1.2
0,2023-08-31,4,80,12,2.24,3.46,1.4,3.19,1.2,1.0,1.2,0.6
2,2023-08-31,4,103,89,4.13,1.85,1.6,3.87,1.6,1.4,0.8,1.4
0,2023-09-01,10,72,117,3.97,1.94,1.4,3.67,0.0,2.0,1.4,1.0
1,2023-09-01,10,77,74,3.62,2.21,2.0,3.04,0.8,2.0,1.6,0.8
2,2023-09-01,10,36,28,6.67,1.46,1.4,4.32,1.6,2.2,2.0,1.2
2,2023-09-02,10,38,114,2.89,2.37,2.4,3.63,2.0,1.6,0.8,1.8
1,2023-09-02,9,121,126,4.19,1.82,1.4,3.84,1.4,2.4,2.6,1.8
2,2023-09-02,9,98,57,4.9,1.65,1.6,4.3,0.8,1.2,1.0,1.4
2,2023-09-02,9,58,45,3.14,2.2,0.8,3.79,0.8,1.2,2.2,1.2
2,2023-09-02,6,54,97,3.23,2.2,2.2,3.83,1.4,1.2,0.2,1.8
2,2023-09-02,4,52,64,3.97,1.99,1.6,3.77,1.0,2.0,1.2,0.6
0,2023-09-02,10,37,18,1.93,3.92,1.4,3.47,2.0,1.8,1.8,2.2
2,2023-09-02,4,79,24,3.56,2.01,0.6,3.8,1.0,0.8,1.8,1.2
0,2023-09-02,1,104,14,2.51,2.66,0.4,3.73,0.2,0.6,1.8,1.0
0,2023-09-02,1,122,48,3.11,2.34,1.2,3.43,1.0,1.2,1.2,1.4
0,2023-09-02,1,8,100,1.58,5.47,1.4,4.3,2.6,1.0,1.4,2.0
0,2023-09-02,6,115,6,3.35,2.29,2.0,3.25,1.4,1.2,1.2,1.6
2,2023-09-02,6,55,40,4.56,1.84,1.6,3.52,0.8,2.4,1.6,0.8
2,2023-09-02,6,76,85,3.42,2.32,1.4,3.09,1.0,0.6,0.6,1.2
2,2023-09-03,4,103,80,7.43,1.45,2.0,4.36,1.4,1.8,1.0,1.2
1,2023-09-03,10,66,3,2.84,2.68,1.2,3.11,1.6,1.0,1.8,1.4
2,2023-09-03,10,34,119,4.78,1.67,2.4,4.14,1.6,2.4,1.2,1.2
2,2023-09-03,10,17,82,6.02,1.62,1.8,3.94,0.8,1.4,1.0,0.6
2,2023-09-03,10,93,51,7.77,1.4,2.0,4.99,0.4,1.8,1.2,0.6
1,2023-09-03,10,62,71,1.78,4.41,1.4,3.9,2.4,1.4,1.4,2.8
2,2023-09-03,10,108,41,2.37,2.77,1.2,3.64,1.2,2.6,2.8,2.0
1,2023-09-03,4,23,70,7.61,1.41,1.4,4.86,0.2,1.4,1.2,0.6
2,2023-09-03,4,89,110,3.91,1.86,1.6,4.13,1.2,1.8,1.6,1.0
0,2023-09-03,4,26,22,2.07,3.3,0.8,3.94,1.6,1.0,1.6,1.8
2,2023-09-03,1,56,1,8.49,1.31,1.6,5.73,0.4,1.2,0.8,0.6
2,2023-09-03,4,105,75,3.06,2.19,1.6,3.85,1.0,1.2,1.0,0.6
1,2023-09-03,9,16,128,2.52,2.63,1.2,3.5,2.2,2.2,2.0,2.2
2,2023-09-03,1,88,86,6.04,1.5,3.0,4.6,1.6,2.8,0.4,2.2
1,2023-09-03,1,13,0,4.0,1.83,0.8,4.01,1.8,0.4,1.4,1.8
0,2023-09-03,9,92,125,2.21,3.0,1.2,3.86,2.2,1.6,1.8,2.4
0,2023-09-03,6,39,30,2.28,2.85,0.8,3.63,2.2,1.0,2.2,2.4
1,2023-09-03,6,19,127,2.82,2.8,2.0,3.18,2.0,2.4,1.4,2.4
2,2023-09-03,9,61,60,3.75,1.94,1.6,3.76,2.4,1.0,0.8,2.6
2,2023-09-03,6,73,95,2.81,2.44,0.4,3.54,0.6,0.4,2.0,1.2
2,2023-09-03,6,59,15,3.24,2.12,1.6,3.79,0.6,1.6,1.4,0.8
2,2023-09-04,4,11,12,2.95,2.49,2.4,3.29,1.2,2.4,1.0,0.6
0,2023-09-04,4,47,69,2.55,2.89,2.0,3.2,1.4,1.6,0.8,1.2
1,2023-09-04,10,33,35,2.61,2.99,0.4,2.87,1.6,0.6,1.4,1.6
2,2023-09-04,10,91,111,6.32,1.57,1.8,3.74,1.2,1.2,0.4,1.0
0,2023-09-04,10,109,78,4.84,1.79,1.2,3.69,0.6,2.2,2.2,1.2
1,2023-09-15,6,30,76,4.73,1.69,2.6,4.0,1.8,2.2,1.2,1.0
0,2023-09-15,10,28,108,2.6,2.63,1.6,3.36,1.8,1.2,1.6,2.8
1,2023-09-15,10,119,66,2.46,2.77,1.4,3.45,0.8,0.8,1.0,0.8
0,2023-09-15,10,111,109,3.0,2.39,1.2,3.18,0.6,0.8,1.4,1.4
1,2023-09-16,1,100,88,2.45,2.89,2.6,3.55,3.0,1.8,0.4,2.8
2,2023-09-16,4,24,105,2.63,2.51,1.0,3.76,1.6,0.8,1.4,1.8
1,2023-09-16,10,71,34,3.2,2.16,2.0,3.89,2.4,2.4,0.8,2.2
2,2023-09-16,10,114,91,4.05,1.98,1.8,3.46,2.2,1.6,1.2,1.4
1,2023-09-16,6,15,39,3.93,2.06,0.6,3.35,0.6,1.0,1.8,1.0
2,2023-09-16,6,97,95,6.7,1.55,0.8,4.7,0.6,1.4,1.8,1.2
1,2023-09-16,6,6,54,2.59,2.83,2.0,3.26,2.2,1.4,0.6,1.2
1,2023-09-16,6,19,55,4.77,1.74,1.6,3.91,2.0,2.0,1.2,2.4
1,2023-09-16,4,64,26,2.08,3.32,0.8,3.75,0.8,0.8,1.8,1.4
0,2023-09-16,1,0,56,2.29,3.27,1.4,3.58,2.0,1.6,1.0,1.4
1,2023-09-16,1,14,8,3.2,2.32,0.8,3.45,1.4,1.6,3.2,1.2
2,2023-09-17,4,110,11,3.77,1.91,1.0,4.01,3.0,1.2,1.8,2.6
2,2023-09-17,4,22,47,4.75,1.72,2.2,3.96,1.4,2.2,1.2,1.2
2,2023-09-17,10,35,37,4.34,1.86,1.2,3.39,0.8,1.4,1.4,1.6
1,2023-09-17,10,74,36,1.82,4.19,1.0,3.56,1.8,1.2,1.2,2.6
0,2023-09-17,10,41,38,2.5,2.76,0.6,3.49,2.4,1.2,2.6,1.8
0,2023-09-17,10,3,17,3.11,2.42,1.8,3.17,2.4,1.4,0.8,1.8
2,2023-09-17,1,48,13,2.35,2.79,1.4,3.8,1.0,1.6,2.2,0.8
1,2023-09-17,1,86,122,4.89,1.66,1.4,4.23,0.6,2.0,0.8,0.8
0,2023-09-17,10,117,82,3.38,2.3,0.6,3.2,0.6,1.0,1.6,0.4
1,2023-09-17,6,115,40,4.38,1.95,1.8,3.29,0.8,1.2,1.4,0.6
0,2023-09-17,6,85,127,1.82,4.74,0.8,3.67,2.0,1.2,2.4,2.4
0,2023-09-17,6,59,73,4.19,1.76,1.6,4.4,0.8,1.4,1.6,0.8
2,2023-09-17,4,69,23,4.0,1.89,1.8,3.86,1.0,1.4,0.8,0.8
1,2023-09-17,4,70,52,2.5,2.88,0.2,3.37,2.0,0.6,2.0,2.4
0,2023-09-17,1,1,104,2.73,2.47,0.2,3.66,0.4,0.2,1.8,0.8
0,2023-09-17,10,51,62,2.22,3.18,0.2,3.5,1.4,0.2,2.0,1.2
1,2023-09-18,4,80,79,3.73,1.92,0.8,3.83,1.2,0.8,2.4,1.0
2,2023-09-18,4,12,103,2.52,2.94,1.2,3.17,2.4,0.6,0.8,2.6
0,2023-09-18,10,72,93,2.29,2.93,0.8,3.73,2.6,1.8,1.6,2.0
1,2023-09-18,10,78,33,3.71,2.15,1.2,3.1,0.4,1.4,1.6,0.6
2,2023-09-18,10,18,77,8.73,1.35,2.0,5.05,2.2,2.4,1.4,2.4
2,2023-09-19,4,75,89,3.21,2.14,1.0,3.91,1.6,0.6,1.8,1.6
0,2023-09-21,4,80,22,1.71,4.51,1.0,4.27,2.2,0.8,1.8,2.4
1,2023-09-21,10,35,38,2.09,3.5,1.2,3.37,2.4,1.6,1.4,1.6
0,2023-09-22,10,28,41,1.94,3.9,1.4,3.46,0.6,1.0,1.6,1.0
0,2023-09-22,10,108,74,3.87,1.98,1.8,3.4,1.0,2.8,2.0,1.0
1,2023-09-22,10,62,117,3.94,2.03,1.4,3.41,0.6,0.6,1.0,1.0
2,2023-09-23,6,15,6,3.12,2.4,0.2,3.34,1.6,1.0,2.0,1.2
0,2023-09-23,1,88,14,10.89,1.24,2.6,6.59,0.8,2.6,0.8,1.2
0,2023-09-23,1,104,122,2.24,3.09,1.0,3.62,0.6,1.4,1.8,1.0
2,2023-09-23,6,97,30,2.92,2.24,0.8,4.08,2.2,0.8,1.6,1.8
1,2023-09-23,9,45,98,1.7,4.36,0.8,4.34,1.6,1.2,1.6,1.2
1,2023-09-23,9,57,128,2.58,2.58,0.8,3.7,1.8,1.4,2.2,2.2
2,2023-09-23,9,121,58,3.65,1.97,1.4,3.79,0.8,2.6,2.8,0.8
2,2023-09-23,1,0,1,5.17,1.66,1.2,4.04,0.2,1.4,1.2,0.6
2,2023-09-23,6,55,95,3.8,1.92,1.6,3.59,0.6,1.8,1.2,1.0
0,2023-09-23,4,52,12,2.94,2.6,1.6,3.1,1.6,1.8,1.0,1.0
2,2023-09-23,4,11,64,5.52,1.57,2.4,4.47,1.0,2.2,0.8,1.2
0,2023-09-23,4,79,110,1.97,3.39,1.4,4.15,1.4,1.2,0.8,1.6
0,2023-09-23,10,37,78,2.68,2.61,0.2,3.25,0.8,1.4,3.0,1.0
1,2023-09-23,10,33,111,3.66,2.17,0.6,3.02,1.2,0.8,1.4,0.6
1,2023-09-23,10,109,114,2.22,3.18,1.0,3.43,1.8,1.4,1.8,1.8
1,2023-09-24,6,39,19,2.61,2.71,0.8,3.48,1.2,1.2,1.8,1.6
2,2023-09-24,9,126,16,2.04,3.33,1.6,3.99,0.8,2.0,2.2,2.0
2,2023-09-24,9,61,92,3.29,2.15,2.0,3.76,0.6,1.6,1.2,1.0
2,2023-09-24,9,125,60,4.68,1.63,2.2,4.45,1.8,2.2,1.2,2.4
1,2023-09-24,10,77,35,2.85,2.63,1.6,3.03,1.4,1.8,1.4,2.0
0,2023-09-24,10,91,38,2.5,2.73,1.6,3.38,2.0,1.4,0.8,1.8
0,2023-09-24,6,127,59,6.12,1.49,2.6,4.49,1.6,2.6,0.4,1.2
2,2023-09-24,6,76,73,2.56,2.74,2.0,3.32,1.4,1.2,0.8,1.2
2,2023-09-24,1,8,13,2.47,2.91,1.6,3.53,0.4,1.4,0.8,0.6
1,2023-09-24,1,56,48,4.62,1.71,2.6,4.17,1.8,2.0,0.4,1.4
1,2023-09-24,1,86,100,2.39,2.79,1.0,3.67,2.2,1.8,1.4,1.8
0,2023-09-24,10,17,34,2.48,2.81,3.0,3.52,2.0,2.2,0.2,1.8
2,2023-09-24,10,93,119,3.83,1.95,2.6,3.84,1.0,2.2,0.6,0.8
1,2023-09-24,10,82,3,2.41,3.31,1.2,3.11,1.2,0.8,2.0,1.0
2,2023-09-24,10,66,72,5.35,1.61,1.0,4.26,0.8,1.0,1.6,1.6
0,2023-09-24,4,26,80,5.05,1.68,1.0,4.05,0.8,1.6,1.8,0.8
1,2023-09-24,4,105,22,2.13,2.97,1.6,4.06,2.6,1.6,0.6,2.6
2,2023-09-24,4,103,69,2.98,2.41,1.8,3.33,1.8,2.4,1.2,1.8
1,2023-09-24,4,47,75,3.48,2.15,0.8,3.44,1.4,0.8,1.8,1.0
2,2023-09-24,4,23,24,6.45,1.44,1.0,4.84,1.4,1.0,1.8,1.0
2,2023-09-24,6,54,115,5.52,1.64,1.8,4.07,1.4,1.2,0.4,0.8
2,2023-09-25,10,36,18,2.89,2.45,2.0,3.39,2.4,2.4,1.2,2.4
1,2023-09-25,10,71,51,9.95,1.24,1.6,6.3,0.2,2.2,1.0,0.2
0,2023-09-25,4,89,70,6.77,1.4,1.4,5.18,0.4,2.0,2.0,0.8
0,2023-09-25,6,40,85,2.8,2.73,1.0,3.07,0.8,0.4,1.0,1.0
2,2023-09-26,9,128,45,5.83,1.58,1.8,4.28,0.8,1.8,0.6,1.2
1,2023-09-27,9,92,121,5.75,1.6,0.4,4.44,2.0,0.6,1.8,2.6
2,2023-09-27,9,60,57,3.13,2.15,1.2,3.84,0.8,2.0,2.2,1.2
0,2023-09-27,4,47,64,7.26,1.44,0.8,4.79,1.0,0.6,1.6,1.4
2,2023-09-27,9,98,125,2.93,2.37,1.8,3.68,2.2,1.4,1.0,2.6
1,2023-09-28,9,58,126,3.13,2.16,0.8,3.76,2.0,1.0,1.8,2.2
1,2023-09-28,9,16,61,2.62,2.49,0.8,3.82,2.0,2.2,2.4,1.6
2,2023-09-29,10,74,28,3.91,2.11,1.4,3.06,0.8,1.2,0.8,0.8
0,2023-09-29,4,12,79,6.25,1.53,2.0,4.31,1.4,1.2,0.8,1.0
1,2023-09-29,6,39,115,3.8,2.15,0.4,3.31,0.8,1.2,2.4,0.2
0,2023-09-30,10,34,66,3.81,1.96,2.0,3.75,1.0,2.0,1.4,1.0
2,2023-09-30,9,92,57,3.97,1.88,0.4,3.95,0.8,0.8,2.0,1.2
2,2023-09-30,1,122,56,2.35,3.05,1.0,3.44,2.2,1.4,2.0,1.6
1,2023-09-30,10,111,37,3.64,2.14,0.8,3.35,0.2,0.8,1.6,1.4
1,2023-09-30,1,14,0,2.77,2.63,1.4,3.38,1.6,1.4,2.4,1.6
0,2023-09-30,1,1,88,1.2,12.91,0.0,7.85,2.0,0.4,2.0,2.2
0,2023-09-30,9,45,125,1.75,4.26,0.2,4.28,2.0,0.8,1.8,2.4
2,2023-09-30,10,41,91,3.74,2.04,1.2,3.42,1.0,1.0,1.6,1.2
0,2023-09-30,9,121,60,2.68,2.61,2.2,3.68,1.2,2.6,1.4,2.2
0,2023-09-30,4,11,26,2.88,2.4,2.4,3.6,0.8,2.4,1.0,1.4
1,2023-09-30,4,80,23,2.25,3.19,0.8,3.52,1.0,1.2,2.2,0.8
2,2023-09-30,6,19,15,4.8,1.74,0.8,3.87,0.8,1.6,1.8,1.2
0,2023-09-30,6,85,54,2.41,3.07,1.4,3.38,1.8,1.2,1.6,1.2
2,2023-09-30,6,59,76,4.57,1.78,2.0,3.82,2.0,1.4,1.2,1.4
2,2023-09-30,6,73,127,1.74,4.43,1.4,4.07,2.0,1.4,1.6,2.4
2,2023-09-30,4,24,52,3.53,2.19,0.8,3.3,1.4,0.6,1.4,1.8
2,2023-10-01,4,22,110,4.63,1.72,2.2,4.07,1.8,2.2,1.0,1.8
0,2023-10-01,4,64,103,2.02,3.58,1.0,3.63,1.8,1.8,2.0,2.4
2,2023-10-01,6,55,97,2.46,2.91,2.0,3.58,1.4,2.0,1.2,0.6
2,2023-10-01,9,126,98,1.63,4.74,1.6,4.47,1.8,2.0,2.2,1.4
1,2023-10-01,1,48,8,3.85,2.03,1.4,3.45,1.6,1.2,1.8,1.6
2,2023-10-01,1,100,104,10.26,1.25,2.2,6.41,1.0,2.0,1.0,1.8
0,2023-10-01,9,16,58,4.3,1.76,0.4,4.12,1.0,1.4,2.2,1.0
0,2023-10-01,9,61,128,2.92,2.33,2.2,3.61,1.8,1.6,0.8,1.6
2,2023-10-01,10,82,93,2.27,3.23,1.4,3.42,3.0,1.0,1.2,2.2
1,2023-10-01,10,117,71,1.64,5.05,0.8,4.07,1.2,1.0,1.4,1.2
0,2023-10-01,10,51,17,1.41,6.92,0.2,5.03,2.4,0.2,1.8,2.0
2,2023-10-01,10,119,3,2.91,2.68,0.8,3.11,1.2,0.8,1.6,0.8
2,2023-10-01,10,18,108,6.92,1.4,2.4,4.89,1.2,2.6,1.6,2.2
1,2023-10-01,1,13,86,2.33,2.87,0.4,3.75,1.2,0.8,1.6,2.0
1,2023-10-01,4,75,70,4.92,1.72,1.4,3.94,1.0,0.8,1.8,1.8
1,2023-10-01,10,35,36,2.37,2.99,1.4,3.23,2.6,1.8,1.4,3.0
2,2023-10-01,10,114,33,7.82,1.38,1.4,4.83,0.8,1.2,1.4,1.2
1,2023-10-01,6,6,30,2.12,3.22,1.6,3.85,1.6,1.2,0.4,1.4
2,2023-10-01,6,40,95,3.07,2.65,1.0,3.04,0.6,0.4,0.8,1.0
0,2023-10-02,10,72,62,2.97,2.33,0.8,3.48,1.6,1.6,1.8,0.8
1,2023-10-02,4,105,47,3.44,2.08,1.6,3.61,0.2,1.6,0.6,0.6
1,2023-10-02,10,38,109,5.78,1.57,2.0,4.01,1.0,2.4,1.2,1.4
1,2023-10-02,10,78,77,3.55,2.19,1.4,3.23,1.2,1.4,1.6,1.4
1,2023-10-04,4,79,69,1.74,4.38,2.0,3.99,1.2,1.6,1.0,1.2
2,2023-10-04,4,22,75,5.82,1.54,2.6,4.43,1.0,2.2,0.8,0.8
0,2023-10-05,4,70,26,2.17,3.28,1.2,3.57,1.4,1.6,1.2,1.8
2,2023-10-05,4,110,80,4.5,1.82,1.8,3.81,1.0,1.6,1.2,1.2
2,2023-10-05,4,89,24,4.93,1.63,1.2,4.33,1.4,2.0,2.6,1.6
1,2023-10-05,4,103,105,5.96,1.54,2.4,4.43,1.6,2.8,1.2,1.8
2,2023-10-05,10,18,91,5.38,1.64,2.4,3.65,0.8,2.2,1.0,1.2
2,2023-10-06,10,93,62,4.39,1.76,2.4,3.87,1.6,1.8,0.4,1.0
2,2023-10-06,10,36,78,7.14,1.41,2.2,4.42,1.6,2.6,1.0,1.2
1,2023-10-06,10,108,35,2.6,2.76,1.2,3.25,1.4,1.6,1.8,1.6
2,2023-10-07,1,13,14,3.81,1.89,0.4,3.94,1.6,0.8,1.6,1.4
0,2023-10-07,1,1,86,1.42,6.76,0.0,5.21,0.8,0.4,2.6,1.0
1,2023-10-07,6,115,59,2.89,2.55,0.4,3.34,2.4,0.4,1.8,1.4
2,2023-10-07,6,15,73,3.16,2.16,0.8,3.73,2.0,1.2,1.6,2.0
2,2023-10-07,6,54,39,4.83,1.7,2.2,3.73,0.6,1.4,0.2,1.6
2,2023-10-07,1,48,104,5.5,1.57,1.6,4.43,0.8,1.0,0.8,1.6
0,2023-10-07,6,95,127,1.51,6.17,0.0,4.34,1.4,0.2,1.8,2.0
2,2023-10-07,9,98,58,5.5,1.5,1.6,4.66,1.4,1.2,1.0,1.4
2,2023-10-07,9,128,121,5.17,1.59,1.8,4.38,1.6,1.8,1.0,2.4
0,2023-10-07,9,126,45,2.73,2.43,2.2,3.53,0.2,2.0,1.0,0.6
1,2023-10-07,10,77,111,3.73,2.13,0.8,3.25,1.0,0.6,0.8,0.8
1,2023-10-07,10,37,114,1.69,4.67,0.4,3.93,1.4,1.0,2.2,1.6
0,2023-10-07,4,64,22,1.65,4.64,0.8,4.44,2.6,2.0,2.4,2.4
0,2023-10-07,10,33,38,1.67,4.89,0.6,4.06,2.2,1.4,2.6,2.6
2,2023-10-08,1,56,8,4.63,1.8,2.0,3.69,1.6,1.6,0.6,1.4
0,2023-10-08,1,122,100,1.87,4.03,1.4,3.83,2.2,1.8,2.2,2.0
1,2023-10-08,1,0,88,1.45,6.83,1.6,5.01,2.0,1.4,1.0,2.0
1,2023-10-08,6,97,19,2.87,2.35,1.4,3.63,1.4,0.4,1.2,1.6
0,2023-10-08,6,6,85,3.39,2.1,1.2,3.66,0.8,0.6,0.6,0.8
1,2023-10-08,6,30,40,6.55,1.48,1.2,4.46,1.0,1.2,1.2,0.4
2,2023-10-08,6,76,55,2.62,2.88,2.0,3.21,2.6,1.4,0.8,2.6
0,2023-10-08,10,74,41,2.09,3.53,1.8,3.31,1.8,1.4,0.8,1.2
1,2023-10-08,10,28,18,1.52,6.21,0.2,4.14,2.4,0.2,1.8,2.2
2,2023-10-08,10,117,51,4.44,1.83,1.0,3.66,0.2,0.8,1.0,0.2
2,2023-10-08,4,105,80,5.27,1.61,1.2,4.43,1.0,2.0,1.2,1.2
1,2023-10-08,10,66,82,5.74,1.57,1.6,4.17,2.0,1.4,1.4,1.2
2,2023-10-08,10,17,119,5.88,1.54,2.4,4.52,0.8,2.4,0.8,0.8
0,2023-10-08,10,71,72,8.98,1.32,1.4,5.91,0.6,1.2,0.6,1.6
0,2023-10-08,4,26,110,2.99,2.28,1.4,3.75,1.8,2.0,2.0,2.0
2,2023-10-08,9,57,61,2.66,2.51,0.2,3.54,2.0,1.0,2.2,1.6
0,2023-10-08,9,60,92,2.91,2.31,1.8,3.73,0.8,2.8,2.2,1.0
1,2023-10-08,10,3,34,2.31,3.25,1.0,3.27,1.4,0.8,1.4,1.6
2,2023-10-08,9,125,16,5.82,1.48,2.0,4.89,0.4,1.6,0.8,1.2
2,2023-10-08,4,69,52,6.71,1.45,1.4,4.7,0.8,1.2,1.4,1.2
2,2023-10-08,4,47,12,3.22,2.43,0.4,3.02,1.8,0.6,2.0,1.6
1,2023-10-08,4,75,103,2.38,2.84,1.0,3.6,2.0,0.8,2.4,2.6
2,2023-10-09,4,24,11,3.91,1.92,1.2,3.8,1.8,1.6,1.6,2.0
0,2023-10-09,4,89,23,3.1,2.16,1.2,4.06,1.2,2.0,2.6,1.0
0,2023-10-09,4,70,79,3.2,2.16,1.2,3.68,1.6,1.8,1.6,1.6
2,2023-10-09,10,109,91,4.15,2.02,1.2,3.3,0.6,1.2,1.4,1.0
2,2023-10-19,10,78,91,2.32,3.08,1.6,3.14,0.0,1.4,1.0,0.8
1,2023-10-20,10,111,36,1.92,3.99,0.6,3.48,2.2,0.4,0.8,2.2
0,2023-10-20,10,51,93,1.71,4.89,0.2,3.87,2.4,0.2,1.6,2.2
1,2023-10-21,1,14,1,5.02,1.68,1.6,4.21,0.0,1.2,1.4,0.4
1,2023-10-21,10,41,109,3.83,1.95,1.8,3.56,1.6,1.0,1.2,1.0
2,2023-10-21,10,35,28,5.31,1.71,1.4,3.49,0.2,1.4,1.0,0.2
2,2023-10-21,10,34,117,10.41,1.31,1.6,5.74,1.6,1.6,1.4,1.4
2,2023-10-21,1,100,48,4.82,1.69,2.2,4.02,2.2,1.6,1.0,1.6
0,2023-10-21,1,88,56,5.44,1.55,1.6,4.47,2.0,2.0,1.0,1.4
1,2023-10-21,9,125,128,3.69,1.95,2.4,3.7,2.2,2.0,0.6,2.2
1,2023-10-21,6,15,54,2.18,3.47,1.4,3.37,2.6,1.2,1.2,2.0
1,2023-10-21,6,59,30,3.03,2.23,2.0,3.79,1.2,1.6,1.4,0.8
0,2023-10-21,4,79,47,2.03,3.52,1.6,3.61,1.0,1.4,1.4,1.2
0,2023-10-21,4,52,75,3.0,2.37,0.8,3.42,1.2,1.4,2.4,1.0
0,2023-10-21,4,12,64,4.92,1.66,1.2,3.98,0.8,1.4,2.0,2.0
1,2023-10-21,9,58,57,2.51,2.8,1.4,3.48,0.8,1.4,1.6,1.2
1,2023-10-21,6,85,19,2.35,3.17,1.2,3.3,1.4,0.6,1.4,1.8
0,2023-10-21,9,16,92,2.25,3.03,0.4,3.69,1.4,1.0,2.4,1.0
0,2023-10-21,6,73,40,4.5,1.8,1.8,3.83,1.0,1.8,1.0,0.4
0,2023-10-22,6,115,95,3.61,2.16,0.6,3.32,0.0,0.8,1.4,0.2
0,2023-10-22,1,104,13,1.83,3.96,0.6,4.06,1.0,1.4,2.6,1.6
2,2023-10-22,6,97,76,5.56,1.66,1.4,3.71,2.0,0.8,1.6,1.6
0,2023-10-22,10,119,71,1.77,4.36,0.8,3.96,0.8,0.8,1.6,0.6
1,2023-10-22,10,82,17,1.95,3.83,1.6,3.61,2.4,1.4,1.4,2.4
2,2023-10-22,9,121,98,2.13,3.14,1.0,3.95,2.0,1.8,2.0,1.8
0,2023-10-22,10,62,3,2.28,3.25,1.6,3.31,0.6,1.0,1.6,0.8
0,2023-10-22,4,110,69,3.04,2.29,2.4,3.59,2.0,2.6,0.8,1.8
1,2023-10-22,10,38,37,7.96,1.34,2.2,4.92,0.4,2.2,1.2,0.6
2,2023-10-22,4,80,24,3.72,2.04,0.8,3.48,1.8,1.2,2.2,2.0
0,2023-10-22,1,86,0,6.32,1.53,1.2,4.55,1.2,1.8,1.2,1.2
0,2023-10-22,10,114,77,6.78,1.45,1.6,4.36,0.8,1.6,1.2,0.4
1,2023-10-22,10,78,108,3.08,2.3,1.6,3.34,1.4,1.2,1.0,1.2
2,2023-10-22,6,127,55,7.84,1.4,1.4,4.82,2.0,1.6,1.2,2.2
2,2023-10-22,6,39,6,3.22,2.17,0.6,3.67,1.0,2.0,2.4,0.6
2,2023-10-22,9,61,126,4.77,1.62,1.4,4.33,1.6,1.6,2.0,1.2
2,2023-10-22,4,23,105,3.83,1.93,1.6,3.78,1.2,1.2,1.0,1.6
2,2023-10-22,4,22,89,8.02,1.35,2.6,5.65,1.2,2.0,0.6,1.6
1,2023-10-22,1,8,122,2.87,2.53,1.0,3.31,1.4,0.8,1.0,1.8
2,2023-10-22,4,103,26,5.61,1.58,1.6,4.49,1.4,1.8,1.4,1.8
2,2023-10-22,9,45,60,2.54,2.6,0.8,3.7,1.2,1.2,1.2,1.6
2,2023-10-23,4,11,70,4.62,1.72,1.2,4.12,1.0,1.8,1.8,1.8
1,2023-10-23,10,18,74,9.11,1.36,2.0,4.34,1.6,1.6,0.8,1.0
0,2023-10-23,10,72,66,1.93,3.83,0.6,3.71,1.8,0.8,1.8,1.8
2,2023-10-23,10,91,33,6.85,1.52,0.0,4.1,0.6,0.6,2.4,1.2
1,2023-10-25,4,23,12,4.73,1.75,2.0,3.71,1.2,1.2,0.8,1.6
2,2023-10-26,4,52,11,2.8,2.46,0.2,3.56,1.2,0.8,2.4,2.2
2,2023-10-26,4,69,24,5.59,1.55,2.0,4.45,1.2,1.6,1.2,1.6
1,2023-10-26,10,41,111,4.92,1.69,2.0,3.68,0.8,1.2,0.6,0.8
2,2023-10-27,10,66,62,6.14,1.54,2.2,4.25,1.4,2.0,1.2,0.8
1,2023-10-27,10,28,78,3.23,2.41,0.2,3.01,1.6,0.2,1.8,1.2
2,2023-10-27,6,85,15,3.66,2.17,1.4,3.26,1.6,0.4,1.0,1.2
0,2023-10-27,10,37,91,2.37,3.19,0.6,3.16,0.6,0.4,1.0,1.2
2,2023-10-28,6,40,97,2.03,3.74,1.6,3.63,2.0,0.8,0.4,1.2
2,2023-10-28,6,39,59,2.7,2.48,1.2,3.74,1.6,2.4,2.0,1.0
1,2023-10-28,6,55,73,3.37,2.09,1.4,3.71,1.2,1.8,1.6,1.4
2,2023-10-28,6,127,6,8.55,1.33,1.8,5.35,0.4,2.0,1.2,0.4
2,2023-10-28,9,98,45,5.02,1.59,1.4,4.56,1.4,1.6,1.0,1.4
1,2023-10-28,9,126,121,2.78,2.53,1.4,3.73,1.4,1.2,1.6,2.0
1,2023-10-28,10,74,35,2.78,2.87,1.6,2.95,1.4,0.6,0.2,1.6
1,2023-10-28,10,77,38,1.78,4.35,1.2,3.67,1.8,0.6,0.4,2.0
2,2023-10-28,1,14,122,2.68,2.65,1.2,3.43,1.6,0.4,1.0,1.8
2,2023-10-28,1,0,104,4.65,1.75,1.6,3.89,0.6,1.4,1.4,1.0
2,2023-10-28,10,34,51,13.41,1.19,1.6,7.77,0.2,1.6,1.6,0.4
2,2023-10-28,4,70,110,1.88,3.94,0.8,3.97,1.8,1.6,2.4,2.0
2,2023-10-28,4,64,80,3.18,2.25,1.2,3.49,1.4,2.2,2.0,1.2
1,2023-10-28,9,128,58,6.41,1.49,2.2,4.53,1.0,1.8,0.8,1.4
2,2023-10-28,1,88,8,11.39,1.28,1.0,6.39,1.2,1.6,1.2,0.6
2,2023-10-29,6,30,115,5.59,1.64,0.8,4.16,0.6,0.4,0.6,1.0
2,2023-10-29,6,19,54,3.23,2.3,1.4,3.4,2.2,1.6,1.4,2.0
2,2023-10-29,6,76,95,3.11,2.53,1.4,3.04,0.6,1.2,1.0,1.0
2,2023-10-29,4,105,11,4.61,1.64,1.2,4.58,1.2,1.4,1.2,2.2
2,2023-10-29,4,26,23,3.13,2.17,1.2,3.57,2.2,1.6,2.2,1.2
1,2023-10-29,4,75,79,5.0,1.58,1.2,4.26,1.4,0.6,1.2,1.2
1,2023-10-29,1,86,56,3.47,2.07,1.2,3.68,2.0,2.2,1.4,1.2
0,2023-10-29,1,100,13,4.63,1.71,2.2,4.07,1.4,1.6,1.0,1.6
0,2023-10-29,1,1,48,1.77,4.4,0.2,4.04,1.6,0.4,2.6,1.2
0,2023-10-29,4,69,22,3.05,2.27,2.0,3.76,2.6,1.6,1.2,2.4
2,2023-10-29,10,17,71,2.64,2.56,2.0,3.53,1.2,2.2,1.0,0.8
1,2023-10-29,10,93,72,4.82,1.65,2.4,4.1,0.6,2.4,0.4,0.8
1,2023-10-29,10,117,119,2.55,2.93,1.0,3.31,0.8,1.2,1.2,0.8
2,2023-10-29,9,92,61,3.9,1.89,2.0,3.87,1.4,1.2,1.0,1.4
0,2023-10-29,4,47,103,2.59,2.83,1.6,3.25,2.2,1.6,1.0,2.2
1,2023-10-29,9,60,125,2.53,2.72,1.2,3.66,2.0,1.4,2.0,1.8
2,2023-10-29,10,36,114,3.17,2.18,1.8,3.5,1.6,1.8,1.2,1.8
0,2023-10-29,10,108,111,3.35,2.16,1.0,3.26,1.0,0.6,1.2,1.2
2,2023-10-29,9,57,16,3.44,2.03,1.0,3.78,0.2,1.4,1.4,0.6
2,2023-10-30,4,89,52,4.75,1.66,0.6,4.33,0.6,1.8,3.0,1.2
2,2023-10-30,10,18,41,4.57,1.73,1.6,3.76,2.2,1.4,0.8,1.6
2,2023-10-30,4,24,12,4.08,2.01,1.2,3.43,0.8,1.8,1.6,1.4
2,2023-10-30,10,3,82,4.48,1.96,1.0,3.32,1.8,1.0,1.4,1.6
0,2023-10-30,10,33,109,2.15,3.41,0.4,3.27,1.8,1.2,2.8,1.2
0,2023-11-01,4,80,47,2.7,2.76,0.8,3.21,1.4,0.6,2.2,1.6
1,2023-11-01,4,23,110,4.46,1.81,1.6,4.05,1.2,1.0,0.6,1.6
0,2023-11-01,4,105,79,6.25,1.45,1.6,4.94,1.6,1.8,1.2,1.4
2,2023-11-01,4,69,70,10.22,1.28,2.0,5.94,0.8,1.6,1.2,0.8
0,2023-11-02,4,12,75,3.14,2.37,0.2,3.28,1.2,1.0,2.6,0.8
2,2023-11-02,4,64,89,2.36,2.77,1.8,3.77,1.2,2.4,1.4,2.4
2,2023-11-02,4,24,103,2.26,3.18,1.2,3.49,2.2,1.2,1.4,2.4
0,2023-11-02,4,11,22,1.74,4.42,0.6,4.16,3.0,1.8,2.0,2.8
2,2023-11-02,4,26,52,5.28,1.63,1.8,4.22,0.6,1.6,1.6,1.2
1,2023-11-03,10,78,74,2.97,2.66,1.2,2.86,1.6,0.8,0.8,0.8
0,2023-11-04,6,6,40,4.08,2.0,0.2,3.55,2.0,0.4,1.6,1.2
0,2023-11-04,9,128,92,2.81,2.48,2.2,3.46,2.6,2.0,1.0,2.0
0,2023-11-04,9,121,125,2.04,3.42,1.0,3.89,1.6,1.8,2.0,1.2
1,2023-11-04,10,62,72,2.88,2.42,0.8,3.53,0.8,0.8,2.2,0.8
0,2023-11-04,1,104,88,1.25,10.32,0.0,6.58,1.4,0.4,2.0,1.8
2,2023-11-04,1,122,0,3.59,2.09,1.4,3.68,2.2,1.2,1.4,1.4
0,2023-11-04,6,15,127,1.74,5.23,1.4,3.68,1.8,0.8,0.8,1.8
2,2023-11-04,9,57,60,3.0,2.33,1.4,3.67,1.4,2.0,1.4,1.4
2,2023-11-04,1,13,1,10.31,1.28,2.0,6.23,0.2,1.6,0.4,0.0
1,2023-11-04,4,103,11,7.41,1.43,1.6,4.88,0.6,1.8,1.2,1.6
1,2023-11-04,10,114,108,5.63,1.56,1.0,4.12,0.4,1.4,1.4,0.8
1,2023-11-04,10,91,77,4.74,1.82,1.2,3.26,1.4,1.4,1.4,1.0
2,2023-11-04,4,79,23,1.9,3.74,1.6,3.99,1.6,1.0,1.0,1.0
0,2023-11-05,10,51,66,1.39,7.52,0.2,5.09,2.6,0.4,2.4,2.0
0,2023-11-05,10,82,34,1.67,4.99,1.2,4.1,2.0,1.4,1.4,2.0
2,2023-11-05,10,119,93,2.76,2.49,0.8,3.55,2.0,0.6,1.4,1.8
2,2023-11-05,10,71,117,10.37,1.29,1.0,5.81,1.2,0.6,0.6,1.2
0,2023-11-05,10,38,36,4.14,1.85,1.8,3.75,2.2,2.0,1.2,2.2
1,2023-11-05,10,41,33,6.74,1.44,1.6,4.46,0.2,1.4,1.4,1.0
0,2023-11-05,10,109,37,5.32,1.73,1.8,3.55,0.6,1.6,0.8,0.2
0,2023-11-05,1,8,86,1.85,4.16,1.0,3.78,1.2,0.4,1.0,2.2
2,2023-11-05,1,56,100,2.66,2.75,1.6,3.3,2.0,1.2,1.0,1.2
2,2023-11-05,9,61,45,3.87,1.89,0.8,3.96,1.2,1.4,2.6,1.4
2,2023-11-05,1,48,14,4.77,1.77,1.6,3.71,1.6,1.6,0.4,0.6
2,2023-11-05,4,110,12,4.3,1.84,1.4,3.77,0.2,1.8,0.8,0.6
0,2023-11-05,9,58,98,1.85,3.8,1.2,4.08,1.8,1.4,1.6,2.0
1,2023-11-05,6,59,97,2.7,2.57,1.6,3.6,1.4,1.0,0.8,1.0
2,2023-11-05,6,54,55,4.62,1.77,2.0,3.94,1.4,1.8,1.0,1.6
2,2023-11-05,4,22,24,8.32,1.34,3.0,5.62,1.8,2.8,0.8,1.4
2,2023-11-05,4,47,26,3.1,2.35,2.0,3.48,1.8,1.8,1.4,1.6
2,2023-11-05,4,70,64,2.71,2.5,0.6,3.63,1.8,0.6,2.4,2.4
2,2023-11-05,9,16,126,4.11,1.79,0.2,4.06,1.0,0.2,2.2,0.8
2,2023-11-05,6,19,76,7.54,1.47,1.8,4.34,1.8,1.4,1.0,1.2
0,2023-11-05,4,75,69,2.61,2.65,1.6,3.49,2.4,1.0,1.2,2.0
2,2023-11-06,10,35,18,2.28,3.26,1.4,3.15,2.2,1.4,0.6,1.8
2,2023-11-06,10,111,28,3.78,2.07,1.4,3.02,0.4,1.4,1.2,0.2
1,2023-11-06,10,17,3,3.89,2.05,2.0,3.32,1.6,2.0,1.2,1.4
1,2023-11-06,6,73,39,3.29,2.17,0.8,3.84,1.6,1.2,1.6,2.2
0,2023-11-06,4,52,80,4.17,1.9,0.6,3.72,0.6,1.0,2.6,0.6
1,2023-11-06,6,95,30,2.38,3.06,0.6,3.51,1.2,1.0,1.6,0.6
0,2023-11-06,6,115,85,3.39,2.31,0.4,3.19,2.0,1.2,2.4,0.6
2,2023-11-06,4,89,105,3.4,2.12,1.2,3.92,1.4,2.2,2.2,1.6
2,2023-11-09,4,69,89,4.4,1.72,2.4,4.21,1.2,1.8,0.8,2.4
1,2023-11-10,10,93,82,4.01,1.87,1.4,3.75,1.0,1.6,0.8,1.6
1,2023-11-10,10,91,36,2.94,2.52,1.4,2.99,2.2,1.4,0.8,2.0
1,2023-11-11,6,127,54,5.15,1.68,2.4,4.05,2.0,2.0,1.0,1.8
2,2023-11-11,6,59,6,4.52,1.74,1.2,4.05,0.2,0.8,0.8,0.6
1,2023-11-11,6,40,19,2.38,3.19,2.6,3.23,2.2,1.6,0.4,1.4
2,2023-11-11,6,55,115,3.85,2.02,0.8,3.43,0.4,1.4,1.6,1.2
1,2023-11-11,10,78,18,1.84,4.25,1.2,3.5,1.6,1.0,1.0,1.4
1,2023-11-11,9,126,57,1.96,3.54,0.8,3.87,2.0,0.8,1.6,2.4
2,2023-11-11,1,48,86,2.05,3.35,2.0,3.78,1.6,2.2,0.8,2.4
1,2023-11-11,10,109,77,4.09,1.95,1.6,3.17,1.4,1.6,1.0,1.0
1,2023-11-11,4,80,69,2.63,2.66,1.2,3.5,2.4,1.2,1.6,2.2
0,2023-11-11,4,11,89,2.8,2.29,0.8,4.09,1.2,1.8,1.8,2.4
0,2023-11-11,1,1,122,1.74,4.53,0.2,4.04,1.4,0.0,2.8,1.4
2,2023-11-11,4,64,105,2.11,3.03,1.8,4.16,1.2,2.0,1.6,1.4
0,2023-11-11,4,24,75,3.33,2.15,1.2,3.56,1.6,1.0,1.4,1.0
2,2023-11-11,9,125,61,3.94,1.81,2.2,4.08,1.2,1.8,0.4,1.6
1,2023-11-11,10,41,35,4.25,1.9,1.2,3.53,1.8,1.2,1.4,1.6
2,2023-11-11,9,98,121,5.57,1.5,1.8,4.93,0.8,2.6,1.2,1.6
2,2023-11-11,1,104,8,2.15,3.42,0.0,3.45,0.4,0.0,1.8,0.0
1,2023-11-11,4,12,70,4.33,1.83,0.2,3.78,1.2,0.4,2.2,1.2
0,2023-11-12,6,95,85,3.51,2.2,0.8,3.27,2.0,1.4,1.8,0.6
2,2023-11-12,4,110,47,3.97,1.89,1.4,3.89,2.4,1.6,0.8,1.8
1,2023-11-12,4,103,22,2.65,2.45,1.6,3.68,3.0,1.8,1.2,2.6
1,2023-11-12,6,76,15,3.19,2.65,1.2,2.87,0.8,1.0,1.2,0.6
2,2023-11-12,6,30,73,4.38,1.69,1.4,4.41,1.0,1.2,1.0,1.2
2,2023-11-12,6,97,39,3.83,1.94,1.0,3.87,1.6,1.0,1.8,1.8
2,2023-11-12,10,117,62,2.93,2.51,1.0,3.3,0.8,1.0,1.0,1.0
2,2023-11-12,10,66,71,3.09,2.33,2.6,3.55,1.4,2.4,1.0,0.8
2,2023-11-12,9,45,58,3.1,2.13,1.2,3.8,1.0,1.2,1.4,1.6
0,2023-11-12,9,60,128,2.59,2.81,0.8,3.26,1.6,1.2,1.8,1.6
2,2023-11-12,9,92,16,5.27,1.61,3.0,4.37,0.6,2.0,0.6,0.4
1,2023-11-12,1,13,88,1.87,4.04,2.6,3.85,2.0,1.6,0.0,2.2
2,2023-11-12,1,14,56,1.77,4.47,1.0,3.72,2.0,0.8,1.4,1.8
0,2023-11-12,1,0,100,1.79,4.4,1.6,3.76,1.8,1.2,1.6,1.2
0,2023-11-12,10,72,51,6.1,1.51,1.0,4.49,0.0,1.0,1.2,0.6
2,2023-11-12,10,3,119,3.73,2.11,1.6,3.28,1.4,1.4,1.0,1.0
1,2023-11-12,10,34,17,4.18,1.84,2.0,3.71,2.2,2.2,1.2,1.8
1,2023-11-12,10,33,37,2.94,2.44,0.2,3.22,1.2,0.8,3.0,0.4
2,2023-11-12,10,114,28,7.49,1.38,1.0,4.51,0.4,1.4,1.4,0.4
2,2023-11-12,10,38,108,6.6,1.45,1.2,4.44,0.6,1.2,1.2,1.0
2,2023-11-13,4,23,52,7.56,1.38,1.0,5.2,0.6,1.4,1.6,0.8
0,2023-11-13,4,26,79,4.05,1.79,1.2,4.26,2.0,1.0,1.4,1.8
0,2023-11-13,10,111,74,2.86,2.56,1.8,2.88,1.2,1.8,1.4,0.6
1,2023-11-24,10,51,117,2.37,3.01,0.6,3.45,1.4,1.0,2.6,1.2
1,2023-11-24,10,35,78,5.01,1.75,1.8,3.56,1.4,1.6,0.6,1.2
2,2023-11-24,4,11,23,2.54,2.78,0.2,3.5,1.0,1.0,2.2,1.6
2,2023-11-24,4,89,64,5.12,1.61,1.8,4.4,2.4,2.2,1.6,2.0
2,2023-11-24,10,77,33,4.75,1.83,1.4,3.44,0.4,1.0,0.6,1.2
2,2023-11-25,10,119,34,1.87,4.04,0.8,3.83,2.2,0.6,1.4,2.2
1,2023-11-25,10,18,111,7.35,1.41,1.2,4.68,1.6,1.4,1.2,2.2
2,2023-11-25,9,61,121,3.56,1.83,1.2,4.34,0.8,1.6,2.8,1.6
2,2023-11-25,1,100,1,12.96,1.21,1.8,7.09,0.2,1.6,1.2,0.4
2,2023-11-25,1,88,48,6.29,1.5,1.6,4.67,2.4,1.4,0.6,2.4
2,2023-11-25,1,56,104,8.81,1.34,2.0,5.6,0.6,1.6,1.2,1.0
2,2023-11-25,6,127,95,11.06,1.31,2.6,5.68,0.8,2.0,0.6,1.4
2,2023-11-25,9,128,125,2.93,2.42,1.6,3.42,2.2,1.4,1.0,2.8
0,2023-11-25,9,126,60,1.99,3.49,0.4,3.75,0.2,1.0,2.0,0.6
1,2023-11-25,6,55,59,2.71,2.51,0.8,3.58,1.2,1.2,1.8,1.0
2,2023-11-25,10,37,41,2.4,3.0,1.2,3.23,0.8,1.0,1.2,1.2
0,2023-11-25,6,15,97,2.48,2.94,1.0,3.35,1.6,0.6,1.0,1.4
0,2023-11-25,6,19,30,3.2,2.18,1.8,3.69,1.8,1.4,1.0,1.4
1,2023-11-26,10,71,3,4.87,1.83,1.2,3.42,2.2,0.8,1.0,1.6
2,2023-11-26,9,57,58,4.36,1.78,2.2,3.99,0.4,2.6,1.2,1.4
2,2023-11-26,9,16,98,2.17,3.08,0.6,3.85,2.4,0.6,2.4,3.4
2,2023-11-26,9,92,45,5.57,1.55,3.0,4.35,1.8,2.4,0.6,2.2
0,2023-11-26,10,74,114,2.15,3.58,1.2,3.08,1.0,1.2,1.0,0.6
0,2023-11-26,10,28,38,1.53,5.96,0.4,4.24,1.6,0.4,1.6,1.2
0,2023-11-26,10,82,72,4.15,1.95,0.6,3.55,1.0,1.6,2.2,0.8
1,2023-11-26,10,62,17,1.77,4.53,0.2,3.78,1.8,0.6,2.4,1.2
2,2023-11-26,6,39,76,5.05,1.77,1.4,3.56,1.4,1.6,1.2,1.0
2,2023-11-26,6,115,54,2.3,3.39,0.2,3.31,1.6,1.0,2.4,1.6
2,2023-11-26,6,85,40,4.05,2.2,2.6,3.12,2.2,1.0,0.0,1.4
0,2023-11-26,1,8,0,3.89,2.11,0.2,3.26,1.4,0.2,2.2,1.2
2,2023-11-26,1,122,13,2.92,2.46,1.4,3.47,2.6,1.6,1.2,1.6
2,2023-11-26,1,86,14,8.75,1.35,1.4,5.52,1.4,2.4,1.4,1.2
1,2023-11-26,6,73,6,2.93,2.18,0.4,4.23,0.0,0.6,1.4,0.6
0,2023-11-27,10,93,66,2.31,3.08,1.6,3.48,2.6,1.8,0.8,2.4
0,2023-11-27,10,36,109,4.26,1.85,2.2,3.49,1.6,1.8,1.0,1.2
2,2023-11-27,10,108,91,2.68,2.72,0.6,3.09,1.6,1.2,1.6,1.4
2,2023-11-27,4,23,89,4.29,1.68,0.8,4.39,1.8,1.8,2.2,1.6
1,2023-11-30,4,23,22,2.21,3.12,1.4,3.59,2.6,2.4,2.4,2.2
2,2023-11-30,4,11,69,2.13,3.44,0.8,3.44,2.0,1.2,2.0,1.6
1,2023-12-01,10,82,117,3.89,2.02,0.4,3.47,1.0,1.2,2.0,0.8
0,2023-12-01,10,78,41,2.21,3.27,1.0,3.3,0.6,1.0,1.0,1.4
1,2023-12-01,10,37,77,2.87,2.7,1.6,2.82,1.8,1.8,1.6,1.4
1,2023-12-01,4,79,103,,3.76,2.0,,1.6,1.8,1.6,1.6
2,2023-12-01,4,47,110,,2.25,1.8,,1.4,1.0,1.2,1.0
1,2023-12-02,6,40,15,3.83,2.27,2.0,2.89,0.4,1.4,0.8,0.4
2,2023-12-02,10,114,18,3.29,2.28,1.4,3.21,1.2,1.2,1.4,1.2
1,2023-12-02,10,33,36,1.95,3.84,0.4,3.51,1.6,1.4,2.8,1.6
2,2023-12-02,10,111,35,2.36,3.22,1.6,3.02,1.8,1.8,1.8,1.4
1,2023-12-02,9,58,16,2.66,2.62,0.4,3.55,1.2,1.4,2.8,1.0
2,2023-12-02,9,45,57,2.35,2.87,1.2,3.67,2.2,1.6,2.0,2.2
0,2023-12-02,6,95,55,2.37,2.97,0.8,3.39,1.0,1.4,2.0,1.8
2,2023-12-02,6,76,115,2.8,2.95,0.8,2.82,0.6,0.6,1.2,1.2
2,2023-12-03,6,54,73,5.51,1.62,1.0,4.09,0.6,1.2,1.6,0.8
0,2023-12-03,10,38,74,6.16,1.56,1.6,3.87,1.2,1.2,1.0,1.4
2,2023-12-03,10,109,108,4.18,1.95,1.6,3.28,1.0,1.6,1.0,1.4
1,2023-12-03,4,69,11,6.44,1.48,2.0,4.61,1.4,1.6,0.2,1.2
2,2023-12-03,4,22,23,5.8,1.52,2.2,4.51,1.4,1.8,0.4,2.6
1,2023-12-03,1,13,56,3.06,2.4,2.0,3.42,2.0,0.8,0.2,1.6
2,2023-12-03,1,88,122,6.3,1.56,2.0,4.94,2.0,1.6,0.6,1.6
2,2023-12-03,6,19,39,4.05,1.88,1.6,3.88,2.0,1.4,1.2,1.4
2,2023-12-03,6,6,97,2.64,2.59,0.2,3.61,2.0,0.8,2.0,1.4
1,2023-12-03,9,125,92,3.13,2.14,1.6,3.98,3.0,2.4,1.2,2.6
1,2023-12-03,10,72,71,1.93,4.03,1.0,3.65,1.4,0.8,1.2,0.8
2,2023-12-03,6,59,127,2.13,3.71,1.2,3.36,2.6,1.2,1.2,2.2
0,2023-12-03,10,34,3,5.97,1.67,2.0,3.69,2.2,2.2,1.0,1.4
2,2023-12-03,10,17,51,13.91,1.21,1.4,7.28,0.8,1.6,1.4,1.0
2,2023-12-03,9,60,61,3.18,2.19,0.8,3.71,1.8,1.6,1.8,2.0
1,2023-12-03,1,14,100,1.98,4.03,1.4,3.57,1.8,1.2,0.8,1.6
2,2023-12-03,10,62,93,2.31,3.03,0.4,3.54,1.0,1.2,2.0,1.0
2,2023-12-04,4,103,79,8.65,1.35,1.2,5.55,2.2,1.6,1.2,2.2
2,2023-12-04,10,91,28,5.34,1.71,1.6,3.55,0.2,1.6,0.8,0.2
2,2023-12-04,4,110,47,4.07,1.98,1.4,3.6,1.8,1.0,0.6,0.8
2,2023-12-04,6,30,85,3.93,1.89,2.2,3.9,2.6,2.0,1.2,1.0
1,2023-12-04,1,0,48,1.99,3.7,1.8,3.71,1.8,1.0,1.8,2.2
2,2023-12-04,10,66,119,6.36,1.51,3.0,4.35,1.4,2.8,0.8,1.0
2,2023-12-05,1,8,1,5.95,1.66,0.2,3.82,0.2,0.2,2.2,0.4
0,2023-12-05,1,104,86,1.48,5.91,0.6,5.02,1.4,1.0,1.4,1.6
2,2023-12-06,9,98,126,11.82,1.25,1.8,6.47,0.4,2.6,1.8,1.0
0,2023-12-06,9,60,16,4.15,1.87,1.4,3.8,1.4,1.6,1.4,1.2
2,2023-12-06,9,125,58,6.29,1.46,1.6,4.81,0.4,2.6,1.4,1.2
0,2023-12-07,4,11,22,1.79,4.14,1.6,3.94,2.2,1.4,1.4,1.6
0,2023-12-08,4,110,103,3.1,2.56,2.0,2.99,1.2,1.6,0.4,1.4
2,2023-12-08,6,59,115,4.55,1.84,1.6,3.52,0.6,1.8,1.4,1.0
2,2023-12-08,10,78,111,3.3,2.31,0.8,3.12,2.0,1.2,1.4,1.8
0,2023-12-09,10,36,37,4.97,1.7,1.6,3.65,1.6,1.2,0.8,1.8
0,2023-12-09,1,1,56,1.36,8.19,0.0,5.34,1.6,0.4,2.6,1.4
1,2023-12-09,1,0,13,2.05,3.49,1.4,3.62,1.6,0.6,1.6,0.4
0,2023-12-09,1,86,88,2.75,2.55,2.0,3.72,2.6,1.6,1.0,1.8
2,2023-12-09,6,127,76,13.84,1.28,2.0,5.29,1.4,1.8,1.0,0.8
0,2023-12-09,9,16,45,4.14,1.84,2.0,3.95,1.2,1.8,1.4,2.2
2,2023-12-09,9,125,98,2.75,2.29,2.0,4.01,2.4,2.6,1.2,3.2
1,2023-12-09,9,57,92,2.34,2.91,2.0,3.67,2.6,1.8,1.6,2.6
2,2023-12-09,6,97,55,4.11,1.87,1.4,3.89,1.6,1.2,1.2,2.0
1,2023-12-09,6,6,39,3.12,2.36,0.8,3.43,1.4,1.2,1.6,0.8
0,2023-12-10,4,22,11,6.99,1.42,2.2,5.07,1.4,2.4,0.4,1.0
2,2023-12-10,1,48,122,2.67,2.56,2.0,3.53,1.8,2.2,1.2,1.6
2,2023-12-10,10,35,114,2.45,3.05,1.2,3.01,2.0,0.6,0.8,1.2
2,2023-12-10,10,41,77,4.53,1.81,1.0,3.47,1.4,1.6,2.2,0.8
1,2023-12-10,10,18,38,3.64,2.03,1.0,3.37,1.4,1.2,1.2,1.2
2,2023-12-10,1,100,8,6.51,1.54,1.4,4.31,0.6,1.4,1.0,0.8
2,2023-12-10,9,126,58,2.39,2.98,0.4,3.49,0.2,0.8,2.8,1.0
1,2023-12-10,6,40,30,2.16,3.41,1.6,3.48,2.6,1.0,0.6,2.2
1,2023-12-10,6,95,73,3.52,2.06,0.2,3.77,0.6,0.6,2.2,0.8
0,2023-12-10,1,14,104,3.45,2.11,1.4,3.59,0.6,1.4,1.0,1.2
2,2023-12-10,6,54,19,3.21,2.28,1.4,3.47,2.0,1.2,1.4,1.8
0,2023-12-10,6,15,85,2.96,2.72,0.4,2.97,2.4,0.0,1.0,1.0
1,2023-12-10,9,128,61,4.78,1.75,1.6,3.81,1.2,1.4,0.8,1.6
2,2023-12-10,9,60,121,4.39,1.72,1.2,4.29,0.8,1.6,1.8,1.4
0,2023-12-11,10,28,109,2.1,3.74,0.2,3.1,2.0,0.4,1.2,1.8
2,2023-12-11,10,108,33,5.0,1.69,0.8,3.92,0.6,1.4,1.8,1.0
1,2023-12-11,4,103,110,4.69,1.77,1.8,3.79,1.8,1.6,0.8,1.4
0,2023-12-12,10,74,91,3.0,2.75,1.6,2.73,1.6,1.8,1.4,1.0
2,2023-12-13,9,121,128,1.89,3.91,0.2,3.73,1.6,1.2,2.8,1.6
0,2023-12-15,10,37,108,2.34,2.81,2.2,3.36,1.4,2.2,1.4,1.4
1,2023-12-15,4,103,22,2.87,2.72,1.8,3.02,1.6,1.4,0.6,1.8
1,2023-12-15,10,77,36,2.85,2.77,1.2,2.96,1.0,0.6,0.8,1.0
0,2023-12-16,9,58,125,1.96,3.72,0.2,3.76,2.0,0.8,2.0,2.4
2,2023-12-16,10,38,35,5.82,1.61,1.4,3.79,1.6,1.0,1.2,0.8
2,2023-12-16,9,98,128,3.54,2.02,1.8,3.9,1.4,2.6,1.8,1.6
1,2023-12-16,10,111,41,2.2,3.07,1.4,3.57,1.6,1.2,1.2,2.0
1,2023-12-16,10,114,78,6.53,1.49,2.0,4.29,1.2,1.4,0.8,1.4
1,2023-12-16,9,45,126,4.14,1.83,1.8,3.85,0.8,2.2,1.2,1.0
2,2023-12-17,10,91,18,2.25,3.07,1.6,3.32,0.6,1.2,1.0,0.8
1,2023-12-17,9,92,60,4.42,1.77,2.2,4.03,1.8,2.0,0.6,1.8
0,2023-12-17,9,61,16,4.81,1.69,1.4,4.15,1.4,1.4,1.8,1.4
2,2023-12-17,9,121,57,2.67,2.54,0.6,3.55,1.6,1.4,2.8,1.4
0,2023-12-17,10,109,74,4.89,1.88,2.0,3.24,1.4,1.4,1.0,2.0
0,2023-12-18,10,33,28,2.99,2.45,0.6,3.11,0.0,1.0,1.6,0.4
1,2023-12-18,4,22,103,5.99,1.67,1.6,3.64,1.8,2.0,1.0,1.6
0,2023-12-19,10,78,38,1.78,4.4,1.2,3.68,2.0,1.6,1.6,1.4
2,2023-12-19,10,108,77,4.23,1.94,1.8,3.39,1.2,1.4,1.0,0.6
1,2023-12-20,10,41,36,3.31,2.18,1.6,3.39,0.6,1.8,1.6,0.6
1,2023-12-20,10,111,114,1.76,4.62,1.0,3.44,2.0,0.8,1.0,1.6
1,2023-12-21,10,35,91,3.11,2.48,1.0,2.94,2.0,0.6,1.4,1.6
2,2023-12-21,10,18,109,4.39,1.86,0.6,3.21,2.0,1.0,1.4,1.2
0,2023-12-22,10,74,33,5.3,1.73,1.8,3.37,0.4,2.0,1.6,0.8
2,2023-12-22,10,28,37,3.56,2.31,0.6,2.9,1.6,0.6,1.0,1.8
0,2024-01-13,4,64,11,2.67,2.7,1.8,3.29,2.0,1.6,1.4,1.4
1,2024-01-13,4,80,105,2.26,3.19,1.4,3.39,0.6,1.0,1.0,0.8
0,2024-01-14,4,24,22,3.14,2.41,1.2,3.3,1.6,1.4,1.8,1.6
0,2024-01-14,4,26,75,3.79,2.04,1.2,3.82,2.0,1.0,1.0,1.4
1,2024-01-14,4,47,89,3.85,1.99,1.8,3.56,1.8,0.8,1.0,1.8
2,2024-01-14,4,69,79,8.34,1.34,1.6,5.4,2.0,1.2,0.4,2.0
2,2024-01-14,4,110,52,5.63,1.58,1.4,4.33,0.6,1.0,0.6,1.0
2,2024-01-15,4,70,12,2.66,2.96,1.4,3.0,0.4,1.0,1.4,0.2
0,2024-01-18,4,23,103,3.04,2.41,1.4,3.31,1.8,1.8,2.0,1.2
2,2024-01-19,10,91,78,4.79,1.74,2.0,3.74,1.0,1.8,1.4,1.2
2,2024-01-19,10,36,108,3.84,1.89,0.6,3.76,2.4,0.6,1.0,1.6
0,2024-01-20,9,57,98,2.51,2.66,1.0,3.67,1.8,0.8,1.8,1.8
2,2024-01-20,10,109,35,4.16,2.06,1.8,2.97,1.0,1.2,1.6,0.6
2,2024-01-20,10,77,28,3.36,2.24,1.0,2.98,1.2,0.6,1.2,0.8
2,2024-01-20,9,125,45,6.12,1.46,2.0,4.94,2.0,1.8,1.0,2.4
2,2024-01-20,4,11,110,2.67,2.72,2.0,3.24,1.4,1.0,1.2,1.0
0,2024-01-20,4,79,70,3.18,2.27,1.4,3.47,2.0,1.8,2.4,1.4
2,2024-01-20,4,105,64,6.73,1.41,0.8,5.01,1.2,1.2,1.6,1.0
1,2024-01-20,4,52,26,2.39,3.04,0.0,3.27,1.2,0.4,2.6,0.8
0,2024-01-21,9,60,58,5.1,1.65,2.0,4.04,0.2,2.2,1.2,0.6
0,2024-01-21,10,114,41,4.25,1.82,1.6,3.64,1.6,1.8,1.4,1.6
2,2024-01-21,10,33,18,1.55,5.7,0.8,4.16,1.0,0.6,1.2,1.2
1,2024-01-21,9,128,16,4.84,1.72,1.4,3.84,2.0,1.6,1.0,1.4
1,2024-01-21,4,12,24,3.0,2.41,0.2,3.14,1.2,0.2,1.8,1.2
2,2024-01-21,4,22,80,7.64,1.38,1.6,5.12,1.0,1.6,0.6,1.2
2,2024-01-22,4,103,47,5.09,1.77,1.8,3.62,1.4,1.0,0.6,0.6
1,2024-01-22,10,37,74,3.6,2.24,1.4,2.99,1.2,1.2,1.0,1.2
2,2024-01-22,10,38,111,9.02,1.35,2.0,5.06,1.2,1.6,0.8,0.8
0,2024-01-22,4,89,69,2.37,2.96,1.4,3.37,1.6,1.4,1.6,1.2
1,2024-01-23,9,121,92,2.19,3.14,1.2,3.7,1.8,1.4,2.0,2.0
2,2024-01-23,9,126,61,2.15,3.09,1.0,3.64,0.8,1.0,2.6,1.0
0,2024-01-25,4,11,103,2.49,2.94,2.0,3.41,1.8,1.4,1.4,1.0
0,2024-01-25,4,52,22,1.74,4.82,0.2,4.01,1.6,0.2,1.6,1.0
1,2024-01-25,4,69,80,8.37,1.41,1.6,4.8,1.0,1.0,0.4,1.2
2,2024-01-26,10,41,108,4.05,1.88,2.2,3.74,1.8,1.6,0.8,1.8
2,2024-01-27,10,111,91,2.19,3.29,1.0,3.21,2.6,0.8,1.4,2.8
2,2024-01-27,9,92,126,6.82,1.44,1.4,4.56,1.4,1.8,1.4,1.0
2,2024-01-27,9,16,125,2.41,2.83,1.6,3.42,2.6,1.0,0.6,1.8
1,2024-01-27,10,74,77,3.21,2.42,1.4,2.78,1.0,1.2,1.2,0.4
0,2024-01-27,10,28,36,2.18,3.49,1.2,3.29,1.2,0.8,0.8,1.0
1,2024-01-27,4,79,105,2.03,3.34,0.8,3.93,0.8,1.0,2.0,1.4
1,2024-01-27,4,24,47,3.08,2.44,0.8,3.33,0.8,0.8,1.6,0.4
2,2024-01-27,4,23,89,4.34,1.78,0.8,4.05,1.4,1.6,2.2,1.4
2,2024-01-27,4,26,64,5.99,1.5,0.8,4.66,0.6,0.6,0.8,0.6
0,2024-01-27,9,58,121,2.65,2.62,0.8,3.51,1.4,1.2,1.8,1.6
2,2024-01-28,10,35,33,6.08,1.68,0.8,3.46,1.4,0.8,1.8,0.6
2,2024-01-28,4,69,11,6.13,1.49,1.6,4.5,1.8,1.2,0.6,1.4
2,2024-01-28,9,45,128,1.93,3.71,1.4,3.67,1.0,1.4,0.8,1.0
1,2024-01-28,4,70,22,1.66,5.05,2.0,3.98,2.2,1.6,1.0,1.4
2,2024-01-28,9,61,57,3.59,2.05,0.8,3.67,0.8,1.0,1.2,0.4
0,2024-01-28,10,114,38,2.84,2.56,1.0,3.22,2.0,1.4,1.6,2.2
0,2024-01-28,9,98,60,4.33,1.73,1.8,4.21,1.4,1.2,1.0,1.6
2,2024-01-28,4,110,75,3.85,2.02,1.4,3.61,2.0,1.2,1.0,1.4
2,2024-01-28,10,78,109,2.07,3.52,0.8,3.24,1.8,1.2,2.8,1.0
2,2024-01-29,10,18,37,7.72,1.41,0.8,4.61,1.0,1.2,1.0,0.6
2,2024-01-29,4,12,52,4.35,1.91,0.4,3.37,0.2,0.2,1.4,0.2
1,2024-01-29,4,80,103,1.83,4.45,1.2,3.48,2.2,1.2,1.0,1.2
0,2024-01-30,9,121,16,3.22,2.23,2.0,3.56,2.0,2.0,1.4,1.0
2,2024-01-30,9,125,126,9.72,1.35,2.4,5.65,1.4,1.6,0.4,1.0
2,2024-01-31,4,47,105,3.38,2.15,1.0,3.54,1.0,0.6,1.2,1.6
1,2024-01-31,9,60,45,4.2,1.82,1.4,3.87,2.0,2.2,2.0,1.8
0,2024-01-31,9,98,92,2.86,2.45,1.8,3.44,1.4,1.4,1.4,1.6
1,2024-01-31,9,128,57,4.6,1.85,0.4,3.4,0.2,0.6,1.2,0.4
2,2024-01-31,4,26,24,6.76,1.53,0.8,4.44,0.4,0.6,1.0,0.6
1,2024-01-31,4,64,23,2.25,3.15,0.6,3.5,1.4,0.8,1.8,1.8
2,2024-01-31,4,89,79,4.56,1.71,0.8,4.13,0.4,1.4,2.0,0.8
1,2024-02-01,4,110,70,5.22,1.65,1.4,4.0,2.2,1.2,1.2,1.6
0,2024-02-01,9,58,61,2.03,3.41,0.6,3.77,0.8,1.2,2.2,0.8
2,2024-02-01,4,75,12,4.21,1.91,1.8,3.6,1.0,1.4,1.4,0.6
2,2024-02-02,10,33,78,3.41,2.35,1.2,2.96,1.4,0.6,1.2,1.0
2,2024-02-02,10,108,28,3.85,1.98,1.8,3.41,1.2,1.6,1.0,0.8
2,2024-02-03,4,105,23,3.67,2.06,1.0,3.64,1.0,1.8,1.6,1.6
2,2024-02-03,10,36,74,4.72,1.71,1.6,3.72,1.0,1.4,1.2,0.8
2,2024-02-03,4,79,64,3.89,1.92,0.2,3.85,0.2,0.4,2.2,1.0
0,2024-02-03,10,77,18,2.01,3.74,1.0,3.28,1.4,0.4,1.0,2.0
1,2024-02-03,4,52,70,3.46,2.13,0.2,3.41,1.8,0.4,1.4,1.2
0,2024-02-03,9,16,60,3.14,2.29,2.0,3.38,1.6,1.0,0.4,2.0
0,2024-02-03,9,57,125,2.39,2.8,0.4,3.64,2.4,0.8,1.4,2.4
0,2024-02-03,9,45,121,2.86,2.37,1.6,3.59,2.0,0.8,0.6,2.0
0,2024-02-03,4,80,26,2.0,3.97,0.8,3.48,1.4,0.8,1.2,0.8
1,2024-02-04,4,103,110,4.96,1.74,2.2,3.9,1.6,1.2,0.6,1.6
2,2024-02-04,4,75,24,6.67,1.49,1.8,4.47,0.4,1.8,2.0,0.6
1,2024-02-04,4,22,69,4.76,1.77,2.2,3.58,2.2,1.2,0.0,1.8
0,2024-02-04,10,109,111,5.09,1.75,1.2,3.38,1.0,0.6,1.4,0.8
0,2024-02-04,10,91,114,3.65,2.22,2.0,2.98,0.4,2.6,1.2,1.2
2,2024-02-04,9,92,58,8.9,1.32,1.8,5.62,0.6,1.8,1.2,1.2
2,2024-02-04,9,61,98,2.47,2.55,1.4,3.84,1.2,1.4,1.0,0.6
2,2024-02-04,9,126,128,1.78,4.26,1.4,3.81,0.4,1.2,1.8,0.8
0,2024-02-05,4,11,47,2.4,2.97,1.8,3.42,1.0,1.6,1.2,1.0
1,2024-02-05,10,38,41,4.19,1.78,2.6,3.82,2.2,2.8,0.4,1.2
1,2024-02-05,10,37,35,2.72,2.96,0.8,2.75,1.4,0.8,1.6,1.2
2,2024-02-05,4,12,89,3.39,2.23,1.0,3.42,0.8,1.2,1.4,1.6
2,2024-02-08,4,75,23,3.0,2.25,2.4,3.73,0.8,2.4,2.0,1.4
2,2024-02-09,10,74,108,3.75,2.17,1.0,3.14,1.8,0.6,1.0,1.6
1,2024-02-09,10,114,109,4.08,1.94,1.0,3.32,0.6,1.6,2.0,0.6
1,2024-02-09,1,88,100,4.01,1.96,2.6,3.52,2.0,1.4,0.4,1.6
2,2024-02-10,4,64,12,2.81,2.6,0.2,3.27,1.4,1.2,2.4,1.8
1,2024-02-10,1,8,14,3.49,2.25,0.6,3.12,0.8,0.8,1.8,1.2
2,2024-02-10,9,128,45,4.37,1.87,0.4,3.42,1.0,0.6,1.6,0.6
1,2024-02-10,4,24,80,4.84,1.73,0.4,4.04,0.6,0.6,1.4,1.0
1,2024-02-10,4,70,105,2.04,3.44,1.8,3.8,1.6,1.6,1.2,2.6
0,2024-02-10,10,18,36,4.88,1.63,1.8,3.98,2.2,2.2,1.0,1.6
1,2024-02-10,10,78,37,3.79,2.18,0.8,3.05,0.4,1.0,2.6,0.6
2,2024-02-10,4,47,52,7.01,1.47,1.6,4.43,0.4,1.4,1.0,0.6
1,2024-02-10,9,60,125,2.47,2.77,1.6,3.43,2.4,1.8,1.2,2.0
2,2024-02-10,1,13,48,3.71,2.04,1.2,3.62,2.0,0.6,0.6,1.8
1,2024-02-10,9,58,57,1.82,4.11,0.6,3.75,0.2,1.2,2.8,0.6
0,2024-02-11,4,23,22,2.25,3.27,0.8,3.61,2.2,1.8,2.6,1.4
2,2024-02-11,4,26,11,5.34,1.61,2.0,4.27,1.2,1.2,0.6,1.2
2,2024-02-11,4,69,75,4.62,1.7,2.2,4.26,2.4,1.8,0.6,2.4
0,2024-02-11,4,89,103,2.13,3.32,0.8,3.57,2.2,1.2,1.8,1.6
2,2024-02-11,4,110,79,5.02,1.64,1.6,4.13,0.8,1.8,1.6,1.0
2,2024-02-11,9,121,61,2.63,2.61,2.0,3.59,1.8,1.8,1.4,1.4
2,2024-02-11,9,16,98,3.06,2.31,2.0,3.58,1.2,1.0,0.4,0.6
2,2024-02-11,10,38,91,5.28,1.64,2.6,3.7,1.4,2.8,0.4,2.2
0,2024-02-11,1,104,1,5.05,1.73,1.2,3.68,0.0,1.6,1.4,0.6
0,2024-02-11,1,122,86,2.09,3.4,1.8,3.53,1.8,1.6,1.0,1.0
1,2024-02-11,10,35,77,4.34,2.15,1.0,2.75,1.0,1.0,1.4,0.4
2,2024-02-11,9,126,92,1.9,4.1,1.4,3.72,2.2,1.4,1.6,2.2
1,2024-02-11,1,56,0,6.48,1.48,2.0,4.28,1.0,1.4,0.8,0.8
1,2024-02-12,10,111,33,4.33,1.96,1.6,3.22,1.8,1.4,1.6,1.0
0,2024-02-12,10,41,28,5.59,1.65,1.8,3.79,1.2,0.8,0.4,1.0
1,2024-02-15,4,12,110,2.64,2.87,1.4,3.08,1.6,1.6,1.4,2.2
0,2024-02-16,10,119,72,3.24,2.22,1.4,3.54,1.2,1.2,2.0,0.8
2,2024-02-16,10,36,35,4.88,1.75,2.6,3.56,1.2,1.8,1.0,1.0
2,2024-02-16,10,77,78,4.4,1.88,1.0,3.28,0.8,0.4,0.8,0.6
2,2024-02-17,1,13,8,4.5,1.82,1.2,3.69,0.8,1.0,0.8,1.0
1,2024-02-17,1,14,88,1.48,7.14,1.0,4.51,2.2,1.0,1.0,1.2
1,2024-02-17,4,11,24,3.46,2.07,0.6,3.6,0.6,1.0,2.2,0.8
0,2024-02-17,10,108,18,2.01,3.42,1.2,3.66,1.8,1.4,1.4,2.0
1,2024-02-17,4,80,70,2.7,2.69,0.6,3.24,1.4,0.8,1.6,1.8
1,2024-02-17,4,64,47,2.05,3.62,0.8,3.62,2.0,1.6,2.2,1.6
0,2024-02-17,10,37,111,3.18,2.34,0.6,3.06,1.6,0.6,1.4,1.8
2,2024-02-17,1,122,104,4.49,1.76,1.2,3.96,1.2,0.8,1.4,1.6
2,2024-02-17,9,57,126,4.42,1.77,0.4,4.07,1.8,0.8,1.4,1.6
1,2024-02-17,9,98,121,3.43,1.92,0.6,3.93,2.0,0.4,1.6,2.0
2,2024-02-17,9,45,16,2.61,2.86,0.8,3.21,2.0,0.4,0.8,1.0
0,2024-02-18,10,93,34,1.85,4.26,0.4,3.69,1.4,0.6,1.8,2.0
2,2024-02-18,9,125,58,9.16,1.31,2.0,5.72,0.8,2.0,1.0,1.2
0,2024-02-18,9,61,128,2.91,2.41,1.8,3.42,1.0,1.6,1.0,0.8
2,2024-02-18,9,92,60,4.29,1.82,2.0,3.8,1.6,2.0,1.2,2.0
1,2024-02-18,10,33,114,1.77,4.47,2.0,3.45,1.0,1.4,1.0,1.6
2,2024-02-18,10,28,74,3.05,2.59,1.2,2.9,1.0,1.0,1.0,0.6
0,2024-02-18,10,51,82,1.79,4.38,0.8,3.86,0.4,0.8,2.6,0.8
2,2024-02-18,10,71,62,8.16,1.4,1.0,4.93,1.0,0.6,1.0,1.6
2,2024-02-18,10,17,66,3.07,2.41,1.8,3.34,3.0,2.0,1.0,3.4
0,2024-02-18,1,1,0,2.21,3.44,0.6,3.27,1.2,1.0,2.2,1.2
1,2024-02-18,1,100,86,3.34,2.1,2.2,3.66,1.8,1.6,0.4,1.0
1,2024-02-18,1,48,56,2.39,2.95,1.4,3.49,1.6,1.4,1.4,1.2
2,2024-02-18,4,26,103,3.21,2.33,2.6,3.3,2.2,1.8,0.4,1.8
0,2024-02-18,4,12,23,2.71,2.61,1.4,3.37,0.8,1.6,1.4,1.6
2,2024-02-18,4,75,22,1.93,3.49,1.8,3.98,2.2,2.6,2.6,1.2
1,2024-02-19,10,109,38,2.29,3.21,0.8,3.3,2.6,1.0,2.2,2.4
0,2024-02-19,10,91,41,3.52,2.07,0.8,3.43,1.6,1.8,1.4,0.8
1,2024-02-19,10,117,3,2.33,3.55,1.2,3.06,2.2,0.6,0.6,1.4
2,2024-02-19,4,110,89,5.63,1.59,1.8,4.26,0.6,2.0,1.0,1.0
1,2024-02-19,4,69,105,4.79,1.68,2.2,4.01,1.6,2.0,1.0,2.8
2,2024-02-21,4,70,47,2.12,3.53,1.0,3.42,2.2,1.6,1.6,2.0
0,2024-02-21,4,79,75,1.83,3.89,0.8,4.16,2.4,1.0,2.2,2.8
0,2024-02-22,4,23,26,2.5,2.7,0.8,3.68,3.0,1.2,2.0,2.0
2,2024-02-22,4,105,89,6.35,1.47,1.2,4.97,0.6,2.0,1.6,1.0
1,2024-02-22,4,22,64,11.96,1.21,1.6,6.84,1.0,1.0,0.6,1.8
2,2024-02-23,10,82,62,3.82,2.02,1.0,3.52,1.0,1.2,1.4,1.8
2,2024-02-23,10,18,28,7.33,1.4,1.8,4.61,1.2,1.8,1.0,1.4
2,2024-02-23,10,35,108,4.42,1.91,1.0,3.34,0.6,0.8,1.0,1.2
2,2024-02-24,10,111,77,3.74,2.11,2.0,3.2,1.6,1.6,1.6,0.8
2,2024-02-24,4,23,11,3.57,1.96,0.6,3.89,0.2,1.2,2.2,1.0
1,2024-02-24,4,70,75,2.33,2.95,1.4,3.6,2.4,1.8,1.6,2.8
0,2024-02-24,4,52,69,1.75,4.56,0.4,3.99,1.8,0.8,1.6,1.6
2,2024-02-24,1,88,1,28.54,1.09,2.2,11.32,0.6,1.4,0.8,0.6
2,2024-02-24,9,98,58,6.04,1.43,0.2,4.95,0.2,0.6,2.0,0.6
0,2024-02-24,4,79,80,3.39,2.17,0.8,3.59,0.8,1.0,2.6,1.0
1,2024-02-24,10,41,74,4.77,1.78,2.0,3.32,1.0,1.0,0.8,0.8
0,2024-02-24,9,45,61,2.07,3.35,1.4,3.52,1.8,0.8,0.8,1.4
0,2024-02-24,9,126,16,2.33,3.07,1.2,3.35,1.8,1.4,2.0,1.2
2,2024-02-24,10,78,36,1.79,4.38,0.8,3.58,3.0,0.6,2.0,2.2
0,2024-02-24,1,56,122,4.74,1.78,1.8,3.8,1.2,1.2,0.6,1.0
0,2024-02-24,1,8,48,2.93,2.49,0.8,3.25,1.0,1.0,1.0,1.2
2,2024-02-25,4,47,110,3.49,2.12,2.0,3.5,1.8,1.8,1.2,2.0
1,2024-02-25,10,91,109,3.42,2.15,0.6,3.14,1.0,1.6,1.4,1.0
2,2024-02-25,10,38,33,9.72,1.3,2.2,5.09,1.6,1.8,0.2,1.4
1,2024-02-25,10,51,119,1.65,5.12,0.8,4.03,1.2,1.0,2.4,1.2
1,2024-02-25,4,103,12,6.76,1.54,1.6,4.05,0.8,1.6,1.0,1.2
0,2024-02-25,10,72,17,2.07,3.52,1.6,3.58,1.8,1.2,1.2,1.8
0,2024-02-25,10,3,66,2.48,3.1,1.8,3.19,2.4,1.0,0.4,3.0
0,2024-02-25,9,125,92,2.91,2.3,2.0,3.58,2.4,2.0,1.0,1.8
1,2024-02-25,9,57,121,3.52,2.02,1.0,3.62,2.0,1.4,1.4,1.8
2,2024-02-25,9,60,128,3.32,2.31,1.6,3.4,1.4,1.8,1.2,1.0
2,2024-02-25,1,86,13,4.57,1.79,2.0,3.87,1.6,1.2,0.6,1.4
0,2024-02-25,1,104,100,1.6,5.2,0.6,4.22,1.8,0.8,2.0,1.2
2,2024-02-25,1,0,14,3.37,2.27,1.8,3.28,0.6,1.4,1.0,0.8
2,2024-02-25,4,22,26,3.73,2.0,1.2,3.67,3.0,1.0,1.0,2.2
2,2024-02-25,10,117,93,2.35,3.07,1.2,3.32,0.2,0.4,0.4,0.6
2,2024-02-25,4,105,24,7.53,1.44,1.6,5.07,0.6,2.0,1.4,1.4
2,2024-02-26,10,114,37,8.26,1.36,1.0,4.79,0.6,1.6,2.0,0.6
2,2024-02-26,4,89,64,3.66,2.01,0.6,3.66,1.2,0.6,2.0,2.0
2,2024-02-26,10,34,71,3.7,2.0,1.4,3.59,1.6,1.8,1.2,1.0
1,2024-02-27,10,108,78,3.7,2.01,0.6,3.42,1.4,0.6,1.4,1.2
2,2024-02-27,10,28,35,2.66,2.99,1.2,2.78,1.6,1.4,1.8,0.8
1,2024-02-27,10,74,18,1.69,4.86,1.0,3.83,2.4,0.8,1.2,2.6
2,2024-02-28,4,80,11,2.74,2.61,1.2,3.39,0.2,1.2,1.2,0.8
2,2024-02-28,10,109,41,3.26,2.23,0.6,3.21,1.6,0.6,1.2,0.8
2,2024-02-28,10,36,111,4.31,1.69,2.4,4.0,2.6,1.6,1.0,1.8
0,2024-02-29,10,33,91,2.11,3.52,1.0,3.19,0.2,1.6,2.0,0.4
0,2024-02-29,10,37,38,1.62,5.38,0.4,3.95,2.2,0.6,1.6,1.6
0,2024-02-29,10,77,114,2.05,3.48,1.0,3.31,1.6,0.6,0.8,1.8
1,2024-02-29,4,24,69,2.0,3.71,0.4,3.58,2.2,1.2,2.0,2.0
2,2024-02-29,4,103,52,8.78,1.37,1.2,5.06,0.2,1.4,1.0,0.8
2,2024-03-01,10,66,34,2.15,3.31,2.4,3.49,1.4,2.8,1.0,1.4
2,2024-03-01,6,39,55,3.69,2.08,1.0,3.47,1.4,0.6,1.0,1.8
1,2024-03-01,10,78,28,2.99,2.39,1.0,3.16,1.8,1.2,1.2,1.4
2,2024-03-02,4,64,70,3.64,2.13,1.0,3.37,1.4,1.6,1.6,1.6
0,2024-03-02,4,80,89,3.11,2.46,1.6,3.23,0.6,1.8,1.2,0.2
2,2024-03-02,4,11,79,4.34,1.78,0.2,3.99,0.6,0.8,2.6,0.8
2,2024-03-02,4,105,103,4.03,1.92,2.2,3.69,1.6,2.0,0.8,1.4
1,2024-03-02,9,58,45,2.28,3.13,0.2,3.42,0.8,0.4,1.8,0.4
2,2024-03-02,6,6,115,3.75,2.19,1.0,3.25,0.6,1.0,1.2,0.8
1,2024-03-02,6,54,85,4.86,1.83,2.0,3.58,2.4,1.4,1.2,1.0
0,2024-03-02,9,16,57,3.49,2.19,1.8,3.37,1.2,1.4,0.8,1.4
2,2024-03-02,9,92,98,3.95,1.87,2.4,3.9,0.8,1.8,0.8,0.6
1,2024-03-02,10,41,18,2.34,3.07,1.0,3.17,2.0,0.6,1.0,2.2
2,2024-03-02,10,35,74,4.6,2.08,1.0,2.9,1.0,0.4,0.8,1.2
2,2024-03-02,10,111,108,3.66,1.89,2.0,3.79,0.8,1.6,1.4,0.8
1,2024-03-02,6,127,97,5.21,1.69,2.0,3.89,2.0,1.6,0.8,1.8
1,2024-03-02,6,19,73,5.25,1.6,1.4,4.29,0.6,1.6,1.4,0.8
1,2024-03-03,6,15,95,2.9,2.67,0.4,3.09,0.4,0.0,1.0,0.8
2,2024-03-03,9,121,126,4.08,1.83,1.6,4.01,1.2,1.4,1.4,1.4
0,2024-03-03,9,61,60,3.79,1.98,1.8,3.66,1.6,1.2,0.6,1.4
1,2024-03-03,1,8,56,2.19,3.59,0.8,3.22,1.2,1.2,1.2,1.0
0,2024-03-03,1,14,13,2.15,3.37,0.6,3.39,1.6,0.8,1.4,1.4
1,2024-03-03,1,86,1,17.85,1.15,2.0,8.32,0.6,1.6,0.6,0.6
2,2024-03-03,1,100,122,4.65,1.77,1.8,3.95,1.2,1.2,0.6,1.0
1,2024-03-03,6,76,40,2.83,2.93,0.8,2.8,1.2,0.6,1.0,0.8
2,2024-03-03,1,104,48,2.17,3.34,0.6,3.53,1.6,0.8,2.2,1.2
1,2024-03-03,10,3,72,4.55,1.81,1.6,3.61,1.4,1.2,0.8,0.8
1,2024-03-03,10,17,117,6.37,1.54,2.2,4.16,1.8,2.2,0.6,0.8
2,2024-03-03,10,119,82,2.9,2.45,0.8,3.35,1.6,1.2,2.4,1.0
0,2024-03-03,10,62,51,5.45,1.58,0.8,4.41,1.0,1.4,1.6,1.2
2,2024-03-03,6,30,59,2.92,2.34,2.2,3.7,2.2,2.0,1.2,2.2
2,2024-03-03,1,88,0,11.47,1.25,2.2,6.21,1.8,2.2,0.4,1.6
2,2024-03-03,9,128,125,2.96,2.45,1.4,3.38,2.0,0.8,1.4,2.0
2,2024-03-03,10,109,33,6.1,1.51,1.2,3.89,1.0,0.8,1.0,1.8
0,2024-03-03,4,12,22,1.93,3.9,1.0,3.59,1.6,0.8,0.8,1.2
2,2024-03-03,4,26,47,4.16,1.9,2.4,3.78,2.0,2.0,0.8,1.8
2,2024-03-03,4,75,52,6.75,1.44,2.0,4.72,0.2,2.4,1.6,0.8
2,2024-03-03,10,38,77,6.76,1.43,2.2,4.3,0.8,1.4,0.8,1.0
2,2024-03-04,10,91,37,5.64,1.61,0.8,3.85,0.4,0.6,1.2,0.6
1,2024-03-04,10,114,36,3.54,2.06,2.2,3.55,2.4,2.4,1.6,2.0
1,2024-03-04,4,24,23,3.09,2.26,0.6,3.67,1.2,1.4,2.0,1.2
2,2024-03-04,4,69,110,5.24,1.66,1.8,4.01,1.6,1.6,0.8,1.8
2,2024-03-04,10,71,93,6.72,1.47,1.0,4.76,0.2,0.8,1.4,0.4
2,2024-03-08,6,39,54,2.75,2.71,1.4,3.19,1.6,0.8,0.8,1.2
0,2024-03-08,10,51,71,1.27,9.93,1.0,6.15,1.6,1.6,2.4,1.4
0,2024-03-08,10,77,91,2.29,3.15,0.8,3.16,1.4,0.8,1.2,1.2
1,2024-03-08,10,33,41,2.44,3.08,0.4,3.06,1.0,1.4,2.0,0.6
0,2024-03-08,6,55,19,2.3,3.09,1.4,3.34,1.0,1.6,1.8,1.2
2,2024-03-08,10,28,111,3.34,2.28,2.0,3.2,2.0,1.2,1.0,1.6
2,2024-03-08,10,18,35,5.27,1.65,1.6,3.77,1.4,2.0,1.0,1.0
1,2024-03-08,10,37,109,2.16,3.39,0.2,3.27,1.8,0.4,1.8,0.8
2,2024-03-09,10,36,38,2.09,3.37,2.0,3.45,2.6,1.8,1.0,1.4
1,2024-03-09,4,79,12,2.31,3.11,0.6,3.35,0.4,0.8,3.0,0.4
2,2024-03-09,4,70,11,2.72,2.63,1.2,3.37,0.8,1.4,1.4,1.6
1,2024-03-09,4,52,105,2.0,3.67,0.2,3.74,2.2,1.0,2.2,1.6
0,2024-03-09,4,47,23,3.89,1.94,1.4,3.64,1.4,1.4,1.6,1.0
2,2024-03-09,9,121,45,3.73,2.09,2.2,3.42,0.8,1.6,1.0,0.6
0,2024-03-09,1,56,88,1.95,4.04,1.2,3.65,2.2,1.0,0.8,2.2
0,2024-03-09,9,98,60,3.67,1.96,0.8,3.78,2.0,0.6,1.2,1.6
2,2024-03-09,9,126,128,1.74,4.44,1.2,3.88,1.8,1.4,1.6,0.6
2,2024-03-09,6,30,6,4.0,1.87,2.6,3.87,1.6,1.8,0.8,1.0
0,2024-03-09,6,85,76,3.9,2.15,2.0,2.94,1.0,1.0,0.4,0.4
0,2024-03-09,6,115,127,1.67,5.76,0.6,3.67,1.6,0.8,1.6,1.2
1,2024-03-10,1,0,86,2.34,3.58,1.6,2.76,1.6,1.4,1.0,1.4
2,2024-03-10,1,1,14,2.07,3.72,0.8,3.37,0.4,0.8,2.4,0.8
2,2024-03-10,1,13,104,7.26,1.47,2.0,4.53,1.2,1.8,1.6,0.8
2,2024-03-10,4,89,26,1.81,4.26,1.2,3.92,2.4,0.4,1.4,2.0
0,2024-03-10,4,75,80,3.44,2.05,2.0,3.8,1.6,2.4,1.6,1.6
1,2024-03-10,1,122,8,2.91,2.6,1.2,3.2,0.4,1.0,1.8,0.6
1,2024-03-10,4,110,24,5.5,1.61,1.4,4.23,0.8,1.4,1.2,1.2
0,2024-03-10,10,119,17,2.0,3.68,1.4,3.79,2.2,1.8,2.0,2.4
2,2024-03-10,10,34,62,11.22,1.28,1.2,6.0,0.8,1.4,1.2,1.8
0,2024-03-10,10,117,72,2.89,2.75,1.4,3.08,1.6,0.8,0.4,1.0
0,2024-03-10,10,93,3,2.73,2.79,0.0,3.09,1.2,0.4,2.8,1.0
1,2024-03-10,1,48,100,2.33,3.3,1.4,3.27,2.2,1.0,1.0,1.8
0,2024-03-10,10,108,114,1.75,4.07,0.2,3.98,1.8,0.8,1.8,2.0
2,2024-03-10,9,125,16,4.28,1.79,1.4,3.82,1.2,1.0,1.0,1.0
2,2024-03-10,9,58,61,1.63,4.86,0.4,4.32,1.2,0.6,1.4,0.6
2,2024-03-10,9,92,57,4.93,1.72,2.4,3.92,1.6,1.8,0.8,1.4
0,2024-03-10,6,97,40,5.34,1.73,2.0,3.75,0.8,1.6,0.6,0.6
1,2024-03-10,6,59,95,4.65,1.79,2.0,3.85,0.4,2.2,1.4,0.2
2,2024-03-10,6,73,15,3.83,2.1,0.6,3.49,0.6,0.8,1.4,0.0
2,2024-03-10,4,22,103,5.02,1.77,2.0,3.65,1.4,2.0,1.0,1.2
2,2024-03-11,4,69,64,8.05,1.39,2.2,5.09,1.6,2.0,0.6,1.6
0,2024-03-11,10,82,66,2.17,3.41,1.4,3.54,2.4,0.8,1.0,2.8
1,2024-03-11,10,74,78,4.19,2.04,1.0,3.09,1.2,1.2,2.0,1.0
2,2024-03-15,10,109,33,5.12,1.82,1.8,3.13,0.4,0.4,0.0,1.0
0,2024-03-15,10,36,41,5.67,1.62,2.0,3.89,1.2,2.4,1.0,0.6
1,2024-03-15,1,86,56,2.98,2.43,1.8,3.36,0.6,1.6,0.6,0.4
1,2024-03-16,1,14,1,5.69,1.75,0.4,3.58,1.4,0.6,1.6,1.0
2,2024-03-16,9,60,126,6.91,1.42,2.0,4.88,1.2,2.0,1.4,1.4
1,2024-03-16,9,45,98,2.14,3.21,0.8,3.65,0.8,0.6,1.2,1.0
1,2024-03-16,9,16,121,3.87,1.92,1.2,3.75,2.2,1.2,1.8,1.8
0,2024-03-16,4,26,70,8.07,1.38,1.8,4.87,1.6,1.4,1.2,1.4
1,2024-03-16,4,24,89,4.54,1.83,0.8,3.76,1.8,1.6,2.0,1.0
2,2024-03-16,4,80,52,3.89,1.96,2.0,3.47,0.2,1.8,0.8,0.8
1,2024-03-16,1,8,13,2.86,2.63,0.6,3.18,2.4,0.8,1.2,1.8
2,2024-03-16,10,74,78,4.27,2.08,0.6,2.91,1.2,1.2,2.2,1.2
0,2024-03-16,10,18,114,4.54,1.84,2.2,3.46,2.2,2.2,0.8,2.0
1,2024-03-16,1,104,122,2.58,2.85,0.6,3.32,1.4,0.4,2.0,1.2
1,2024-03-17,10,71,82,5.94,1.55,2.0,4.37,1.4,1.8,1.4,0.8
2,2024-03-17,10,66,117,7.52,1.47,2.4,4.47,1.2,2.2,0.8,0.6
2,2024-03-17,10,35,28,4.41,2.03,1.2,2.89,2.0,1.0,1.0,1.0
2,2024-03-17,4,23,79,6.04,1.49,2.0,4.67,0.2,1.4,1.0,0.6
2,2024-03-17,4,103,64,5.56,1.59,0.8,4.27,1.0,0.6,1.2,1.4
1,2024-03-17,4,47,22,2.03,3.58,0.8,3.66,2.0,1.2,1.8,2.2
2,2024-03-17,10,38,91,10.4,1.32,2.0,4.75,2.0,1.2,1.4,1.6
2,2024-03-17,10,3,51,7.02,1.49,1.6,4.39,0.8,1.2,1.0,1.6
2,2024-03-17,10,17,93,5.32,1.61,2.6,4.1,0.0,2.2,0.4,0.2
0,2024-03-17,4,12,69,2.12,3.52,0.6,3.41,2.2,0.8,1.8,1.8
2,2024-03-17,10,62,119,2.52,2.88,0.6,3.29,0.8,1.2,2.4,1.6
0,2024-03-17,10,72,34,1.65,5.03,1.6,4.18,1.8,1.0,1.2,2.0
0,2024-03-17,1,0,100,1.72,4.89,1.6,3.88,1.8,1.2,0.8,1.8
2,2024-03-17,1,88,48,13.01,1.26,2.2,6.15,1.0,2.2,0.4,0.8
1,2024-03-17,9,61,92,2.71,2.56,0.6,3.52,2.4,0.6,1.2,1.8
2,2024-03-17,9,57,125,2.18,3.18,1.6,3.73,1.4,1.6,1.4,1.8
1,2024-03-17,9,128,58,9.24,1.34,1.8,5.09,1.0,1.0,1.0,0.8
2,2024-03-18,10,111,37,4.84,1.85,1.8,3.38,0.2,1.2,1.4,0.4
2,2024-03-18,4,11,75,2.05,3.39,0.8,3.76,2.0,1.8,2.2,2.2
2,2024-03-18,10,77,108,3.57,2.18,0.6,3.13,0.2,1.0,1.6,1.0
2,2024-03-18,4,105,110,4.47,1.77,2.2,3.98,1.0,1.2,0.4,1.4
2,2024-03-24,4,52,79,3.58,1.97,0.2,3.83,0.2,0.6,1.8,0.8
0,2024-03-29,6,30,39,3.46,2.02,2.6,3.74,2.0,1.8,0.8,1.0
1,2024-03-29,1,13,14,5.71,1.65,2.0,3.83,0.4,1.4,1.2,0.4
1,2024-03-29,10,91,18,2.21,3.32,2.0,3.3,1.6,1.8,0.8,1.8
2,2024-03-29,10,37,35,2.59,2.95,0.2,2.84,1.8,1.0,2.4,1.6
2,2024-03-30,10,33,78,3.53,2.21,0.2,2.98,1.2,0.6,1.8,1.0
2,2024-03-30,9,121,92,1.79,4.22,1.8,3.95,2.6,1.6,1.0,2.0
1,2024-03-30,1,122,8,2.83,2.66,1.6,3.14,0.6,1.4,1.4,0.8
0,2024-03-30,1,1,104,2.17,3.62,1.0,3.1,0.8,0.6,1.8,0.6
1,2024-03-30,10,109,111,5.16,1.77,2.2,3.39,1.8,1.0,0.0,1.8
2,2024-03-30,10,114,36,2.8,2.43,2.6,3.44,1.4,2.0,1.2,2.2
1,2024-03-30,6,97,115,6.7,1.51,1.4,4.33,0.6,1.2,0.8,0.8
1,2024-03-30,6,95,19,2.19,3.56,0.6,3.19,1.4,0.6,1.6,1.4
2,2024-03-30,6,15,76,3.83,2.3,0.4,2.94,1.4,0.0,0.8,0.6
0,2024-03-30,9,58,60,1.78,4.25,1.0,3.85,2.4,1.0,1.2,1.8
0,2024-03-30,4,79,103,1.79,4.18,0.2,3.94,1.4,1.2,2.8,1.6
2,2024-03-30,4,22,11,6.4,1.5,2.2,4.76,1.2,2.0,0.6,1.6
2,2024-03-30,4,64,24,2.93,2.26,0.8,3.78,0.8,1.2,2.2,1.4
1,2024-03-30,9,16,128,2.72,2.59,0.8,3.35,1.4,1.2,2.0,1.2
1,2024-03-30,6,55,127,1.74,4.99,0.8,3.73,2.0,1.0,2.0,1.8
0,2024-03-31,10,108,74,3.6,2.21,0.2,3.15,1.2,0.8,1.6,1.2
0,2024-03-31,10,41,38,2.08,3.48,1.2,3.34,2.4,0.8,0.8,1.6
0,2024-03-31,4,69,47,4.5,1.76,2.6,3.76,0.8,2.2,0.6,0.8
0,2024-03-31,4,75,105,3.1,2.21,1.4,3.68,2.6,2.0,1.6,1.8
1,2024-03-31,4,110,26,2.26,3.08,0.8,3.6,1.2,1.4,2.4,1.4
1,2024-03-31,6,59,54,2.77,2.51,1.6,3.29,1.4,2.2,1.6,1.2
1,2024-03-31,6,40,73,3.34,2.36,1.2,3.07,1.2,0.8,0.6,1.0
2,2024-03-31,6,85,6,3.24,2.43,1.4,3.07,1.6,0.6,0.6,0.8
2,2024-03-31,10,119,51,5.97,1.55,0.8,4.31,0.8,1.4,1.6,1.6
2,2024-03-31,10,82,62,4.34,1.83,1.4,3.65,0.6,1.0,1.2,1.2
0,2024-03-31,1,48,86,2.16,3.28,1.0,3.34,1.4,0.8,1.6,1.2
2,2024-03-31,1,56,0,5.44,1.7,0.6,3.71,1.4,0.0,0.4,0.8
0,2024-03-31,1,100,88,2.13,3.47,2.2,3.43,2.6,2.4,0.4,3.0
1,2024-04-01,9,98,61,3.56,1.99,1.0,3.86,0.8,1.2,1.6,0.8
0,2024-04-01,9,45,57,2.89,2.49,1.0,3.37,2.0,0.8,1.2,1.8
1,2024-04-01,9,126,125,1.63,4.78,0.6,4.35,1.2,1.0,2.2,1.2
2,2024-04-01,4,52,89,3.2,2.24,0.8,3.52,2.0,1.4,1.8,1.4
0,2024-04-01,4,70,23,2.6,2.7,2.0,3.48,2.0,1.6,1.0,1.6
1,2024-04-01,10,28,77,3.55,2.34,1.4,2.79,0.6,0.4,1.4,0.8
1,2024-04-01,10,93,3,3.27,2.39,0.0,3.14,1.6,0.4,2.6,1.0
0,2024-04-01,10,66,71,2.93,2.29,2.4,3.57,2.0,1.8,0.6,1.8
0,2024-04-01,10,34,17,4.33,1.86,2.4,3.65,2.6,2.2,0.4,2.2
0,2024-04-01,4,12,80,3.78,2.07,0.4,3.41,2.4,1.0,2.2,1.8
2,2024-04-02,9,60,16,4.05,1.85,3.0,3.94,1.0,2.2,0.6,1.4
0,2024-04-02,10,72,117,4.43,1.84,1.4,3.53,1.0,0.8,1.4,0.6
0,2024-04-03,9,92,58,9.85,1.27,2.0,5.97,1.0,1.6,0.8,1.2
1,2024-04-03,9,128,121,5.1,1.72,1.0,3.66,2.2,1.4,1.8,1.4
2,2024-04-04,9,125,45,5.83,1.59,0.8,3.96,0.4,1.0,1.0,0.4
2,2024-04-04,9,61,126,5.93,1.49,1.0,4.57,0.8,1.0,1.2,0.8
1,2024-04-04,9,57,98,2.8,2.47,2.0,3.49,1.0,1.4,1.0,1.0
1,2024-04-05,10,91,41,3.96,2.01,2.0,3.41,1.0,2.0,1.0,0.6
2,2024-04-05,10,111,33,3.31,2.15,1.4,3.36,0.8,1.6,2.0,0.6
1,2024-04-05,1,8,104,4.4,2.03,0.8,3.24,1.4,0.6,0.8,0.8
1,2024-04-05,10,62,72,2.27,3.08,0.6,3.49,0.8,1.2,3.0,0.4
1,2024-04-06,1,14,122,3.03,2.66,0.4,3.02,1.2,0.2,1.2,0.6
0,2024-04-06,9,92,128,4.16,1.89,1.4,3.54,1.2,1.6,1.2,1.4
1,2024-04-06,9,121,60,2.31,2.94,2.2,3.5,3.0,1.2,0.4,2.2
0,2024-04-06,9,58,16,2.16,3.29,1.6,3.71,0.4,1.6,1.6,1.0
1,2024-04-06,1,13,1,9.17,1.35,1.6,4.73,1.0,1.0,1.0,0.8
0,2024-04-06,4,64,110,2.82,2.46,1.2,3.51,0.4,1.2,1.8,0.8
1,2024-04-06,6,39,95,4.05,1.91,2.0,3.76,0.8,1.6,0.8,1.0
0,2024-04-06,6,115,55,2.78,2.8,0.2,3.05,0.8,0.2,1.6,0.6
0,2024-04-06,4,24,70,4.56,1.76,0.8,4.07,1.4,1.4,1.8,1.6
0,2024-04-06,6,76,54,2.1,3.79,1.4,3.18,1.6,0.6,0.8,1.2
0,2024-04-06,10,36,18,3.24,2.11,1.4,3.57,1.2,2.2,1.2,1.2
0,2024-04-06,10,77,37,3.83,2.09,0.8,2.99,0.8,1.0,1.4,1.0
0,2024-04-07,4,103,75,2.77,2.42,1.8,3.63,0.8,2.0,1.4,1.6
1,2024-04-07,9,61,57,3.65,1.92,1.0,3.92,2.0,1.0,1.2,1.8
2,2024-04-07,10,38,114,5.68,1.55,2.4,4.11,2.6,1.2,1.2,2.0
1,2024-04-07,10,35,109,3.36,2.43,1.2,2.76,2.2,1.4,0.8,1.0
0,2024-04-07,10,3,66,2.13,3.64,1.6,3.35,2.4,1.4,1.2,2.2
2,2024-04-07,10,71,34,2.76,2.52,2.0,3.53,1.8,1.8,1.4,1.8
1,2024-04-07,10,117,119,2.76,2.69,1.4,3.16,1.4,0.8,1.0,1.8
2,2024-04-07,1,100,56,4.23,1.97,2.0,3.47,1.0,2.2,0.4,0.2
1,2024-04-07,1,0,48,3.09,2.51,0.8,3.09,0.8,0.6,1.4,0.8
0,2024-04-07,10,51,82,1.72,4.53,0.8,4.09,1.4,1.6,2.0,1.6
1,2024-04-07,4,89,22,1.64,4.85,2.0,4.07,2.6,1.6,0.8,2.0
2,2024-04-07,4,105,12,6.69,1.46,2.6,4.85,0.4,2.2,0.8,1.4
2,2024-04-07,4,26,69,3.81,1.94,0.8,3.73,2.0,0.8,1.2,1.6
1,2024-04-07,9,98,125,2.95,2.25,0.6,3.84,1.4,1.4,2.0,1.6
2,2024-04-07,4,47,79,8.14,1.33,1.4,5.34,0.2,1.2,1.2,1.6
0,2024-04-07,4,23,80,4.17,1.84,2.6,3.75,2.4,1.6,0.8,2.0
2,2024-04-07,9,126,45,2.5,2.73,0.8,3.39,0.4,0.8,1.4,0.4
1,2024-04-07,1,88,86,5.22,1.7,3.0,3.95,1.8,3.0,0.2,1.6
0,2024-04-07,6,6,59,2.98,2.56,1.4,3.16,1.6,0.8,1.0,1.8
2,2024-04-07,6,127,15,11.46,1.33,1.6,5.21,1.0,1.4,1.0,0.4
0,2024-04-07,6,30,97,2.95,2.41,2.0,3.56,1.0,1.4,1.2,0.8
2,2024-04-07,6,19,40,5.59,1.75,1.6,3.6,1.4,1.4,0.8,0.8
1,2024-04-08,10,17,93,6.58,1.46,2.6,4.59,0.2,2.4,0.8,0.8
0,2024-04-08,4,11,52,4.05,1.8,1.2,3.94,1.4,1.8,2.0,1.8
2,2024-04-08,6,73,85,3.68,2.23,1.2,3.22,1.4,0.8,0.8,0.8
2,2024-04-08,10,74,28,3.86,2.19,1.6,2.85,1.6,1.4,1.6,0.6
1,2024-04-08,10,78,108,3.21,2.33,0.6,3.14,0.2,0.6,1.0,1.0
0,2024-04-12,10,111,35,2.81,2.74,2.0,2.93,1.4,1.6,1.2,1.6
0,2024-04-12,10,114,41,4.24,1.79,2.0,3.77,1.2,1.4,1.2,0.8
0,2024-04-12,10,72,119,3.01,2.42,1.0,3.26,1.4,0.4,0.8,1.6
2,2024-04-12,1,56,88,1.83,4.17,1.0,3.64,2.6,0.2,0.4,1.8
0,2024-04-13,1,122,13,2.58,2.88,0.8,3.16,1.8,0.4,1.2,1.2
2,2024-04-13,1,104,14,3.12,2.57,1.6,2.96,0.6,0.8,0.8,0.2
1,2024-04-13,10,37,74,3.33,2.71,1.4,2.57,2.0,1.6,1.6,1.2
0,2024-04-13,10,109,77,4.73,1.93,1.8,3.06,0.8,1.0,0.2,0.6
0,2024-04-13,4,80,64,3.79,1.9,2.4,3.8,1.2,1.6,0.8,1.2
2,2024-04-13,4,70,89,3.96,2.01,1.8,3.48,1.6,2.0,1.6,1.6
0,2024-04-13,4,79,26,1.49,5.85,0.2,5.0,1.4,2.0,2.8,1.2
2,2024-04-13,9,98,126,7.21,1.38,0.8,5.39,1.4,1.8,2.0,1.2
0,2024-04-13,1,1,8,1.81,4.79,1.2,3.46,1.0,1.0,0.8,0.4
0,2024-04-13,9,45,60,2.07,3.47,0.2,3.62,2.6,0.6,2.0,2.4
2,2024-04-13,9,57,128,3.06,2.36,1.6,3.26,1.2,1.4,1.2,1.4
2,2024-04-13,6,95,97,2.39,3.05,1.0,3.37,1.6,1.4,1.4,1.0
0,2024-04-13,6,6,15,3.9,2.12,0.8,3.34,0.8,0.4,1.2,0.4
0,2024-04-13,6,54,127,2.35,3.28,1.6,3.25,2.2,1.6,1.4,1.4
1,2024-04-13,6,59,19,2.94,2.44,1.6,3.36,1.6,1.6,1.0,1.8
2,2024-04-14,6,73,76,3.82,2.05,1.8,3.34,0.8,1.2,0.4,1.0
2,2024-04-14,10,33,108,3.26,2.3,0.8,3.11,0.2,0.4,1.2,0.8
2,2024-04-14,10,28,78,3.88,2.13,1.0,3.04,0.6,0.4,1.0,0.4
0,2024-04-14,10,18,38,3.54,2.15,1.6,3.14,2.4,1.6,1.0,1.2
2,2024-04-14,6,115,30,1.99,3.75,0.2,3.57,1.4,0.4,1.8,1.4
1,2024-04-14,1,86,0,5.89,1.59,1.4,4.16,0.4,1.2,0.6,0.6
0,2024-04-14,1,48,100,1.71,4.89,0.4,3.8,2.0,0.8,2.4,2.0
0,2024-04-14,6,40,39,2.5,3.17,1.2,3.01,2.2,1.0,1.2,2.0
0,2024-04-14,9,58,121,1.95,3.63,1.4,3.71,1.8,1.4,1.8,1.2
2,2024-04-14,9,125,61,4.26,1.72,1.6,4.15,1.2,2.0,1.0,1.0
1,2024-04-14,10,66,34,2.3,3.06,2.4,3.5,1.2,1.8,0.6,1.6
1,2024-04-14,10,3,17,1.79,5.07,1.6,3.53,2.2,1.0,0.8,2.0
0,2024-04-14,10,117,82,2.17,3.53,1.0,3.24,1.4,0.6,1.2,2.0
1,2024-04-14,10,62,51,3.64,1.9,0.8,3.79,0.6,1.2,2.8,1.4
0,2024-04-14,4,75,47,3.52,2.09,1.2,3.61,1.4,2.0,1.8,1.2
2,2024-04-14,4,22,105,4.65,1.73,2.2,3.98,2.6,2.0,0.6,2.6
1,2024-04-14,4,69,103,3.58,2.1,1.8,3.47,1.2,1.6,1.2,1.8
2,2024-04-14,6,55,85,3.63,2.22,0.8,3.21,1.4,0.6,1.8,0.8
2,2024-04-14,9,16,92,2.14,3.31,1.0,3.55,0.8,1.2,2.0,1.2
0,2024-04-15,10,93,71,1.91,3.81,0.4,3.71,2.6,1.0,2.2,2.2
0,2024-04-15,10,36,91,5.06,1.7,0.8,3.76,1.6,1.6,1.8,1.8
2,2024-04-15,4,12,11,3.01,2.32,0.2,3.52,1.2,1.4,3.2,2.0
2,2024-04-15,4,110,23,3.57,1.94,1.0,3.95,2.0,1.4,1.8,1.4
0,2024-04-15,4,52,24,3.09,2.33,2.0,3.42,0.6,2.0,1.6,1.6
2,2024-04-19,10,41,18,2.29,3.16,1.6,3.32,1.4,1.0,0.8,1.4
1,2024-04-19,10,35,33,4.71,1.88,1.4,3.23,1.4,1.4,0.8,1.2
1,2024-04-19,10,82,72,4.51,1.79,2.0,3.72,0.8,2.4,1.2,0.4
2,2024-04-19,6,54,40,5.57,1.7,1.0,3.66,1.0,1.6,1.8,0.8
2,2024-04-19,1,100,86,4.52,1.83,2.0,3.68,1.4,1.8,0.6,1.2
2,2024-04-20,9,92,45,6.58,1.46,0.2,4.68,0.2,0.8,1.6,0.6
2,2024-04-20,9,60,57,3.85,1.9,2.6,3.84,2.2,2.0,0.6,1.4
1,2024-04-20,10,38,36,4.11,1.86,2.4,3.55,0.6,1.2,1.0,1.4
1,2024-04-20,10,108,28,3.0,2.47,0.2,2.96,1.4,0.6,1.8,0.6
2,2024-04-20,10,78,37,3.0,2.4,0.4,3.02,1.6,0.4,1.0,1.8
1,2024-04-20,1,8,14,4.86,1.98,1.4,2.98,0.6,0.6,0.4,0.2
2,2024-04-20,9,126,58,3.99,1.91,0.8,3.72,0.8,0.8,2.0,1.0
2,2024-04-20,4,24,79,6.44,1.51,1.0,4.86,0.0,1.6,2.0,1.6
0,2024-04-20,4,64,52,3.44,2.02,1.2,3.82,1.8,1.2,2.2,1.8
2,2024-04-20,1,13,104,4.74,1.78,1.8,3.58,1.6,1.0,0.4,1.0
1,2024-04-20,1,122,1,5.49,1.68,0.8,3.63,1.0,0.4,0.6,0.8
2,2024-04-20,6,15,55,3.52,2.16,1.4,3.44,1.4,1.8,0.6,1.0
0,2024-04-20,6,19,6,6.01,1.51,1.8,4.31,0.6,2.4,1.4,0.6
0,2024-04-20,4,11,105,1.85,3.8,0.6,4.23,2.0,1.4,2.2,2.4
1,2024-04-20,6,85,59,2.07,3.42,0.8,3.47,1.2,0.6,1.6,1.8
0,2024-04-21,6,76,30,2.15,3.54,0.8,3.51,1.2,1.2,2.0,1.4
2,2024-04-21,6,127,73,6.93,1.39,2.2,4.77,2.2,1.6,0.6,1.6
2,2024-04-21,10,51,117,2.25,3.16,0.2,3.48,0.8,0.8,2.0,0.6
2,2024-04-21,10,17,66,3.62,2.11,2.2,3.38,2.0,2.2,1.2,1.8
2,2024-04-21,10,34,93,8.33,1.37,1.4,5.08,0.4,2.0,1.2,0.8
2,2024-04-21,10,119,62,4.72,1.7,1.4,3.98,1.0,1.6,1.4,1.0
1,2024-04-21,6,95,115,3.4,2.19,1.4,3.12,0.8,1.4,1.2,0.8
0,2024-04-21,6,39,97,3.16,2.29,2.6,3.43,1.0,2.2,0.8,0.4
0,2024-04-21,10,91,114,2.9,2.49,1.6,3.12,1.8,1.2,1.0,1.4
0,2024-04-21,1,56,48,4.72,1.77,1.4,3.8,0.4,0.8,0.6,1.0
2,2024-04-21,1,88,0,10.76,1.28,2.0,5.88,0.6,1.8,1.0,0.8
1,2024-04-21,9,61,16,2.92,2.28,1.2,3.72,1.6,1.2,1.4,1.4
0,2024-04-21,9,121,125,2.3,2.94,1.8,3.74,1.6,1.0,0.6,1.8
0,2024-04-21,9,128,98,3.18,2.23,1.2,3.48,1.4,1.0,1.0,2.4
2,2024-04-21,10,74,109,3.31,2.68,2.2,2.67,1.2,1.2,0.6,1.0
2,2024-04-21,4,47,80,5.82,1.56,2.0,4.35,2.4,1.4,0.8,1.6
2,2024-04-21,4,23,69,2.38,2.8,1.8,3.67,1.4,1.2,1.2,1.6
0,2024-04-21,4,89,75,2.55,2.62,1.0,3.67,0.6,1.4,1.4,1.4
2,2024-04-21,4,103,70,5.73,1.58,1.4,4.4,2.4,2.2,2.2,2.2
2,2024-04-21,4,110,22,2.01,3.49,1.6,3.83,2.2,1.6,1.2,2.0
1,2024-04-22,10,77,111,4.0,2.08,1.4,3.19,1.4,1.0,1.6,1.2
1,2024-04-22,4,26,12,8.35,1.35,1.4,5.36,0.8,0.8,1.2,1.6
2,2024-04-22,10,71,3,5.96,1.56,2.6,4.19,1.6,1.8,1.0,1.2
2,2024-04-23,1,104,13,2.05,3.52,1.6,3.54,1.8,1.0,1.2,1.2
2,2024-04-23,10,33,28,2.92,2.62,1.4,2.85,1.0,1.4,1.4,0.6
0,2024-04-23,1,1,122,2.06,3.73,0.6,3.35,0.8,0.6,1.0,0.4
2,2024-04-23,1,14,8,2.78,2.93,0.8,2.88,1.4,0.6,0.8,0.8
1,2024-04-23,10,37,108,3.45,2.3,1.4,3.08,0.4,2.0,1.6,0.6
1,2024-04-24,10,91,38,2.1,3.38,1.0,3.46,2.6,1.0,1.4,1.6
2,2024-04-24,10,109,78,5.4,1.7,1.0,3.6,0.8,1.0,0.8,0.8
2,2024-04-24,10,41,36,2.7,2.56,2.0,3.38,0.2,2.0,1.0,1.0
0,2024-04-24,1,48,56,2.18,3.24,0.8,3.42,1.4,1.4,2.8,1.0
2,2024-04-24,1,0,88,1.32,8.23,0.4,5.56,2.0,1.0,2.4,2.4
0,2024-04-24,6,73,30,2.74,2.5,2.0,3.79,1.2,1.4,0.4,1.8
0,2024-04-24,6,76,59,2.05,3.74,0.6,3.35,1.4,1.2,2.6,1.8
2,2024-04-24,6,54,15,5.48,1.7,1.4,3.85,1.8,1.8,1.6,2.2
0,2024-04-24,6,127,85,9.57,1.36,2.6,4.87,0.8,1.8,0.6,0.6
0,2024-04-24,1,86,100,2.07,3.47,1.2,3.4,2.4,1.0,0.6,1.8
0,2024-04-25,10,114,18,2.75,2.47,1.8,3.43,0.8,1.6,1.4,1.4
0,2024-04-25,6,115,39,3.15,2.57,1.0,2.98,2.0,1.2,1.8,2.0
2,2024-04-25,10,35,77,4.22,2.1,1.6,2.98,1.6,1.6,0.8,1.0
2,2024-04-25,10,111,74,2.98,2.62,1.6,2.8,2.6,1.4,1.4,1.2
0,2024-04-25,6,40,55,2.95,2.73,0.8,2.87,1.4,0.6,1.4,1.2
1,2024-04-25,6,19,97,2.71,2.56,1.6,3.42,1.4,2.4,1.6,1.4
2,2024-04-25,6,6,95,3.17,2.36,0.6,3.32,1.4,0.8,2.8,1.8
1,2024-04-26,1,13,8,5.1,1.75,1.6,3.71,1.2,1.0,0.4,0.8
1,2024-04-26,10,28,37,4.04,2.02,1.0,3.06,1.6,0.8,1.0,1.4
1,2024-04-26,10,62,117,2.9,2.49,1.0,3.17,0.8,1.2,1.8,0.8
0,2024-04-27,1,122,14,3.2,2.38,1.2,3.13,1.2,0.6,0.6,1.0
1,2024-04-27,1,104,1,5.47,1.68,2.0,3.81,0.4,1.0,1.0,0.8
2,2024-04-27,10,108,109,2.79,2.64,0.6,3.05,1.0,0.6,1.4,0.6
2,2024-04-27,10,38,41,3.92,1.88,2.2,3.59,2.0,1.6,0.8,2.2
1,2024-04-27,4,80,110,2.19,3.17,1.8,3.47,2.0,1.2,1.2,1.4
0,2024-04-27,4,79,22,1.44,6.09,0.0,5.27,1.6,1.6,2.8,1.8
1,2024-04-28,1,88,100,3.48,2.11,1.4,3.47,2.4,2.0,2.0,1.6
2,2024-04-28,4,103,24,5.63,1.5,2.0,4.65,1.4,3.2,2.2,1.6
0,2024-04-28,4,105,26,2.62,2.54,2.4,3.56,1.6,3.2,1.8,1.2
1,2024-04-28,4,52,23,2.36,2.81,2.4,3.82,1.8,2.2,1.4,1.2
1,2024-04-28,10,119,82,2.68,2.5,2.0,3.54,2.2,1.8,1.2,2.8
1,2024-04-28,10,71,17,3.98,1.9,2.6,3.7,2.2,2.8,1.2,2.2
2,2024-04-28,10,18,91,4.69,1.61,1.4,4.13,1.2,1.4,1.6,1.2
2,2024-04-28,1,48,0,3.56,2.08,0.8,3.58,1.0,1.4,2.2,1.8
2,2024-04-28,1,56,86,3.56,2.1,1.8,3.44,1.0,1.4,1.2,1.2
0,2024-04-28,10,72,51,5.2,1.58,0.4,4.4,0.8,0.6,1.6,1.0
2,2024-04-28,10,34,3,9.22,1.37,1.4,4.65,1.0,1.6,1.2,1.4
0,2024-04-28,4,12,47,1.98,3.73,0.8,3.75,2.6,1.6,2.4,1.6
1,2024-04-28,4,75,64,5.06,1.56,1.2,4.57,1.2,1.6,1.2,1.0
2,2024-04-28,6,15,19,2.97,2.51,1.8,3.23,1.2,2.6,1.2,2.0
2,2024-04-28,6,6,76,4.5,1.88,1.2,3.48,0.0,1.0,2.4,1.4
2,2024-04-28,6,97,59,2.63,2.6,1.6,3.58,1.8,1.4,0.6,2.0
2,2024-04-28,6,30,127,1.97,3.65,1.2,3.69,2.0,1.8,2.0,1.0
0,2024-04-28,10,78,111,3.57,2.04,0.8,3.43,1.6,0.8,1.0,1.2
2,2024-04-28,10,74,35,4.23,2.11,2.0,2.83,1.6,1.2,1.0,1.4
0,2024-04-29,4,70,69,2.24,3.14,1.8,3.54,0.8,2.0,2.0,1.2
0,2024-04-29,10,36,114,2.13,2.79,0.2,3.99,1.2,1.0,2.4,1.2
0,2024-04-29,10,77,33,3.43,2.19,1.0,3.14,2.0,0.8,1.8,1.8
1,2024-04-29,6,55,54,2.24,3.26,2.0,3.43,2.0,1.4,0.8,2.2
0,2024-04-29,4,89,11,3.23,2.12,0.4,3.73,0.6,0.8,1.8,1.4
1,2024-04-29,6,95,40,4.22,2.1,1.2,3.16,0.2,1.4,1.4,0.2
2,2024-04-29,10,93,66,2.1,3.45,0.4,3.55,1.4,0.8,2.0,1.8
2,2024-04-29,6,39,73,3.22,2.2,2.0,3.5,1.4,1.8,1.6,1.4
1,2024-04-29,6,85,115,3.26,2.52,1.4,3.01,1.0,1.0,1.4,1.0
0,2024-05-03,10,3,71,1.53,5.81,0.4,4.28,2.6,1.6,3.0,2.8
0,2024-05-03,10,41,91,4.49,1.69,2.0,3.83,1.0,2.4,1.2,1.2
1,2024-05-03,4,75,110,2.74,2.49,1.4,3.56,2.2,1.6,1.0,1.6
1,2024-05-03,4,70,80,3.32,2.23,1.2,3.33,1.4,2.0,2.8,1.2
2,2024-05-03,1,1,13,1.7,4.85,0.6,3.88,1.6,0.6,1.0,1.4
0,2024-05-04,1,8,122,4.07,2.09,1.2,3.2,1.0,1.2,1.2,0.6
2,2024-05-04,9,45,58,4.78,1.71,0.0,3.84,0.6,0.4,1.8,0.6
0,2024-05-04,9,60,98,2.63,2.45,2.6,3.71,1.8,2.0,0.6,2.4
2,2024-05-04,1,14,104,3.9,2.12,1.6,3.2,1.6,1.4,1.0,0.6
2,2024-05-04,9,92,121,6.93,1.43,0.6,4.88,1.6,0.6,1.2,1.0
2,2024-05-04,6,73,55,3.6,1.97,1.2,3.83,2.0,1.6,1.2,1.2
0,2024-05-04,6,54,6,5.8,1.61,2.0,4.25,1.8,2.0,1.4,1.8
1,2024-05-04,10,109,28,3.99,2.04,0.8,3.15,1.0,1.0,1.4,0.8
1,2024-05-04,10,33,37,3.14,2.34,2.0,3.14,1.2,1.8,1.0,1.4
2,2024-05-05,10,66,17,2.93,2.34,0.8,3.56,1.8,1.2,2.0,1.6
0,2024-05-05,10,93,34,1.56,5.34,1.0,4.62,1.4,1.2,1.2,1.8
2,2024-05-05,10,62,82,1.94,3.66,0.6,3.79,2.2,1.0,2.0,2.6
0,2024-05-05,10,51,119,1.94,3.58,1.4,3.87,2.2,1.4,1.8,1.8
1,2024-05-05,1,100,48,6.68,1.45,2.6,4.53,1.4,2.0,0.8,2.0
0,2024-05-05,9,128,125,2.69,2.53,1.0,3.48,2.2,0.6,0.8,2.2
2,2024-05-05,9,126,57,2.25,3.18,1.4,3.42,1.6,1.4,1.6,1.0
2,2024-05-05,6,30,95,5.07,1.69,1.8,4.12,1.2,1.8,1.2,1.0
0,2024-05-05,1,0,56,1.8,4.11,1.0,3.96,1.8,2.2,2.6,2.2
2,2024-05-05,10,18,36,6.1,1.42,1.8,4.78,0.2,1.6,1.6,1.0
2,2024-05-05,1,86,88,1.78,4.02,0.4,4.35,1.0,0.6,2.2,2.2
1,2024-05-05,9,16,61,3.46,2.11,1.6,3.61,1.2,1.4,1.2,1.0
1,2024-05-05,6,76,97,1.97,3.92,0.0,3.58,2.0,1.6,3.8,2.0
2,2024-05-05,10,77,74,3.31,2.44,0.8,2.9,2.0,0.8,2.0,1.0
2,2024-05-06,4,75,70,5.69,1.56,1.6,4.29,1.4,1.2,0.4,2.0
2,2024-05-06,10,114,38,3.28,2.12,1.2,3.48,2.2,1.2,1.4,1.8
2,2024-05-06,10,111,108,2.46,2.67,2.0,3.38,1.2,1.6,1.0,1.0
0,2024-05-06,10,35,78,4.78,1.78,1.6,3.49,0.8,1.4,0.8,0.6
2,2024-05-06,10,117,72,3.14,2.43,1.0,3.16,0.4,1.0,1.2,0.8
2,2024-05-06,6,115,15,3.54,2.33,1.0,3.1,1.8,1.2,1.4,2.8
2,2024-05-06,6,59,39,3.62,2.03,1.6,3.75,2.0,2.2,1.8,1.4
1,2024-05-06,6,19,85,5.61,1.7,1.0,3.72,1.0,1.8,1.8,0.8
1,2024-05-06,6,40,127,1.55,6.89,0.2,3.65,1.8,0.2,1.6,0.8
1,2024-05-09,4,75,22,2.27,3.15,1.6,3.55,2.0,1.0,0.6,2.2
2,2024-05-09,4,47,105,3.19,2.39,3.0,3.21,1.8,1.8,0.4,2.6
0,2024-05-10,4,110,26,,2.79,2.2,,2.2,1.6,0.4,1.2
0,2024-05-10,6,55,6,2.94,2.28,1.4,3.61,2.4,1.0,0.8,2.0
0,2024-05-10,10,72,62,3.1,2.28,0.4,3.53,1.2,1.2,2.0,1.0
1,2024-05-10,9,57,16,3.22,2.25,1.0,3.45,1.6,1.0,1.6,1.2
2,2024-05-10,10,91,36,3.2,2.11,1.4,3.8,0.2,1.8,1.6,1.2
0,2024-05-10,4,103,69,,2.62,2.0,,0.8,3.0,2.2,1.8
1,2024-05-10,9,61,45,3.86,1.92,1.2,3.63,0.6,1.0,1.2,1.0
0,2024-05-11,10,38,18,2.67,2.43,1.6,3.83,1.8,1.4,1.4,1.4
2,2024-05-11,1,1,14,2.32,3.15,1.0,3.41,2.0,0.8,0.8,2.0
2,2024-05-11,6,85,39,2.66,2.83,1.2,3.24,1.8,1.2,1.2,1.0
2,2024-05-11,6,97,54,2.88,2.38,1.6,3.68,1.4,1.6,0.8,1.2
0,2024-05-11,6,127,19,6.34,1.58,1.4,4.02,0.6,0.8,1.0,1.4
0,2024-05-11,6,15,30,2.15,3.11,1.8,3.73,2.4,3.0,1.6,2.2
2,2024-05-11,9,58,126,2.24,3.0,0.6,3.6,1.8,0.8,2.0,2.0
0,2024-05-11,9,125,60,3.46,1.98,2.6,3.7,2.0,2.6,1.0,1.4
0,2024-05-11,1,13,122,5.18,1.7,1.4,3.9,1.4,1.2,1.0,0.8
0,2024-05-11,1,104,8,2.52,3.11,1.4,2.97,1.0,1.0,1.4,1.2
0,2024-05-12,10,108,35,3.59,2.11,1.0,3.22,1.4,1.2,2.0,1.2
0,2024-05-12,9,121,128,2.66,2.61,1.0,3.42,0.8,1.0,1.2,0.2
1,2024-05-12,9,98,92,2.89,2.3,2.2,3.61,1.2,2.4,1.2,1.0
1,2024-05-12,4,105,47,4.2,1.81,1.2,3.87,3.0,2.0,1.8,1.6
1,2024-05-12,4,22,75,3.49,1.97,1.6,3.76,1.8,2.0,1.2,1.2
0,2024-05-12,6,73,59,2.94,2.3,1.2,3.8,1.6,1.4,1.4,2.0
2,2024-05-12,6,95,76,4.27,1.93,1.0,3.45,0.2,1.0,1.2,1.0
1,2024-05-12,6,40,115,2.99,2.8,0.4,2.73,1.6,0.2,1.0,1.4
0,2024-05-12,10,17,34,2.3,3.12,1.2,3.44,2.0,1.6,1.6,2.2
2,2024-05-12,10,78,77,4.84,1.79,1.2,3.3,1.4,0.8,1.0,1.2
2,2024-05-12,10,74,33,2.37,3.02,1.4,3.15,2.2,1.0,1.2,1.8
0,2024-05-12,10,37,109,2.67,2.65,0.8,3.04,0.8,0.6,1.0,1.4
2,2024-05-12,10,28,111,5.77,1.51,1.2,4.43,2.0,1.4,1.4,2.0
2,2024-05-12,10,71,93,9.35,1.3,2.6,6.04,0.8,2.8,1.0,0.8
2,2024-05-12,10,66,3,5.99,1.51,1.4,4.44,0.2,1.4,1.8,1.4
0,2024-05-12,1,0,86,1.75,4.16,0.8,4.13,0.8,1.8,2.6,0.8
1,2024-05-12,10,82,51,5.93,1.5,1.6,4.68,1.4,1.6,1.2,1.2
0,2024-05-12,1,48,88,1.56,5.33,1.4,4.62,0.8,1.8,1.8,2.0
1,2024-05-12,1,56,100,2.64,2.68,2.4,3.37,2.2,2.6,1.0,2.0
0,2024-05-12,10,119,117,3.67,2.01,2.2,3.5,1.0,1.4,0.6,1.4
1,2024-05-13,4,69,103,2.97,2.35,1.4,3.44,1.4,2.2,2.0,2.6
1,2024-05-13,4,26,110,3.47,1.96,2.6,4.09,1.6,1.6,0.6,0.8
1,2024-05-13,10,41,114,2.33,2.68,1.8,3.53,1.8,2.4,1.8,1.6
2,2024-05-14,9,16,58,7.51,1.36,1.8,5.41,0.6,1.2,0.6,1.0
2,2024-05-14,9,45,126,4.24,1.79,0.8,3.89,1.8,1.2,1.6,2.2
2,2024-05-15,9,128,92,2.51,2.73,1.2,3.47,1.4,0.8,1.0,1.0
0,2024-05-15,9,57,61,3.19,1.98,1.0,3.96,0.8,0.4,1.0,1.0
2,2024-05-15,10,17,71,2.49,2.74,1.0,3.61,2.6,1.6,2.0,3.2
2,2024-05-15,10,117,62,3.76,2.18,1.4,3.15,1.6,1.6,1.6,1.4
2,2024-05-15,10,82,119,3.08,2.19,1.2,3.79,2.0,1.4,1.4,1.4
0,2024-05-16,10,3,93,3.87,2.08,0.2,3.29,0.6,1.6,3.4,0.8
0,2024-05-16,10,34,66,4.44,1.74,2.6,3.95,1.4,2.6,1.0,1.6
0,2024-05-16,10,51,72,2.41,2.68,1.6,3.89,0.2,1.4,1.2,1.4
2,2024-05-16,9,60,121,5.47,1.55,2.0,4.45,0.8,1.2,0.6,1.2
2,2024-05-16,9,125,98,4.27,1.73,2.0,4.39,2.2,2.0,1.2,2.0
1,2024-05-16,4,47,22,2.34,3.26,2.6,3.13,1.6,1.0,0.0,2.0
2,2024-05-17,10,33,67,6.8,1.47,1.6,3.88,0.0,1.0,1.0,0.2
0,2024-05-17,4,69,26,3.39,2.09,1.6,3.49,2.2,2.2,1.8,1.6
2,2024-05-18,10,18,41,7.73,1.38,2.4,4.41,1.4,1.6,1.6,2.6
2,2024-05-18,1,122,104,3.5,2.06,2.0,3.45,0.8,1.6,0.8,0.6
0,2024-05-18,1,14,13,2.08,3.31,2.0,3.49,0.8,1.8,1.2,1.0
1,2024-05-18,1,8,1,5.4,1.62,1.0,4.06,1.6,1.2,1.4,1.0
2,2024-05-18,9,126,61,2.41,2.73,1.2,3.72,1.2,1.6,2.2,1.4
2,2024-05-18,10,114,91,5.68,1.48,2.0,4.59,1.4,2.0,1.2,2.2
0,2024-05-18,6,95,54,1.9,3.74,1.0,3.94,1.4,2.0,1.4,1.0
2,2024-05-18,6,30,55,6.17,1.47,3.0,5.11,0.8,2.6,1.2,0.6
0,2024-05-18,9,58,57,1.46,5.94,0.6,4.85,0.8,1.0,2.0,0.4
2,2024-05-18,6,59,40,4.94,1.77,2.0,3.66,0.6,1.8,1.2,0.2
0,2024-05-18,9,45,16,3.9,1.91,1.4,3.84,1.8,1.2,1.0,1.2
2,2024-05-19,4,22,47,4.48,1.83,1.2,3.66,2.2,1.0,1.0,0.8
2,2024-05-19,10,36,38,4.06,1.7,0.2,4.05,1.0,1.6,2.6,1.2
2,2024-05-19,1,88,56,6.95,1.39,1.4,5.41,2.0,2.8,2.2,2.4
0,2024-05-19,1,86,48,4.15,1.78,1.2,3.95,1.4,0.8,1.8,1.8
2,2024-05-19,1,100,0,10.14,1.28,1.8,5.96,0.6,1.8,1.2,1.6
0,2024-05-19,10,74,109,,2.59,1.8,,1.4,1.2,1.0,1.4
2,2024-05-19,10,72,82,2.13,3.06,0.8,3.86,1.2,1.6,2.0,1.2
2,2024-05-19,6,97,85,4.7,1.74,2.2,3.94,1.8,1.8,0.6,1.8
0,2024-05-19,6,6,127,1.45,6.76,3.0,4.77,0.8,2.2,0.4,0.4
2,2024-05-19,6,39,15,3.24,2.26,1.2,3.64,1.2,1.0,2.0,2.0
1,2024-05-19,6,115,73,4.12,2.08,1.2,3.4,0.6,1.0,1.0,0.8
2,2024-05-20,10,62,119,2.38,2.92,1.4,3.42,1.4,1.2,1.2,0.8
2,2024-05-20,10,117,51,5.49,1.55,2.0,4.27,1.4,1.6,1.2,1.4
0,2024-05-20,10,93,17,1.89,3.78,1.2,3.97,1.4,1.0,1.8,1.4
1,2024-05-20,10,71,66,4.04,1.77,2.0,4.22,1.8,3.0,1.2,1.6
0,2024-05-20,6,76,19,2.27,3.4,0.2,3.2,1.0,1.0,3.6,1.0
2,2024-05-20,9,128,60,3.0,2.33,1.2,3.48,2.4,1.0,1.2,1.6
2,2024-05-20,10,28,27,12.47,1.23,1.2,5.81,0.0,1.6,1.4,0.0
0,2024-05-20,4,26,69,3.14,2.27,2.2,3.42,1.4,1.6,0.8,1.6
0,2024-05-20,9,121,98,1.96,3.24,0.6,4.18,2.0,1.2,2.2,1.8
0,2024-05-20,9,92,125,3.52,1.91,1.4,4.11,2.4,1.2,1.2,2.2
1,2024-05-21,9,57,45,4.68,1.66,0.8,4.48,1.4,1.0,1.4,1.2
2,2024-05-21,10,3,34,1.38,7.52,0.0,5.16,2.4,1.2,3.2,2.4
0,2024-05-21,1,122,13,2.03,3.45,2.4,3.59,0.8,2.0,0.8,0.8
1,2024-05-21,9,16,126,6.35,1.42,1.8,4.85,1.8,1.0,0.4,2.0
0,2024-05-21,9,61,58,8.03,1.3,1.2,5.69,0.6,1.2,1.2,1.0
0,2024-05-24,10,67,33,2.02,3.83,0.0,3.13,2.0,0.2,2.2,1.0
1,2024-05-24,4,26,22,2.41,3.12,2.0,3.26,1.8,1.4,0.8,1.0
2,2024-05-24,1,13,48,3.31,2.19,1.4,3.41,1.4,1.2,2.0,1.8
1,2024-05-25,6,85,95,3.46,2.11,1.6,3.56,0.8,1.8,1.4,2.0
0,2024-05-25,9,60,92,2.23,2.87,1.8,3.9,1.4,1.6,1.0,1.0
2,2024-05-25,9,125,121,6.85,1.38,2.4,5.67,0.0,1.6,0.6,1.2
1,2024-05-25,6,73,97,2.82,2.28,0.8,3.92,2.2,1.4,2.0,1.4
0,2024-05-25,9,98,128,3.96,1.79,2.0,4.35,1.8,1.4,1.0,1.4
2,2024-05-25,6,19,115,3.48,2.08,1.6,3.59,1.2,2.0,1.4,1.2
2,2024-05-25,6,40,6,6.05,1.56,0.6,3.99,2.4,0.2,0.8,2.0
2,2024-05-25,6,54,30,2.69,2.66,1.4,3.36,3.0,1.2,1.2,2.6
2,2024-05-25,6,127,39,9.43,1.32,0.8,5.51,1.8,1.2,1.2,1.2
1,2024-05-25,6,55,76,3.43,2.07,0.8,3.63,0.2,0.6,1.6,1.2
1,2024-05-25,10,51,62,2.06,3.38,0.8,3.73,2.0,1.0,1.6,1.6
2,2024-05-25,10,82,117,5.33,1.56,1.0,4.38,2.6,0.8,1.2,1.8
2,2024-05-25,10,119,72,3.97,1.81,0.8,4.16,1.2,0.6,1.2,1.6
0,2024-05-25,6,15,59,2.86,2.32,0.6,3.8,2.4,1.8,2.2,2.0
1,2024-05-26,9,45,102,,2.09,1.6,,1.2,1.2,0.8,1.6
0,2024-05-26,10,17,3,6.38,1.48,1.4,4.51,0.6,1.4,1.4,1.4
1,2024-05-26,10,34,71,3.81,1.81,1.8,4.34,1.6,2.4,1.6,2.2
1,2024-05-26,10,66,93,8.28,1.34,2.0,5.87,1.2,2.0,2.0,1.0
2,2024-05-26,10,114,109,4.2,1.93,2.0,3.35,2.0,2.0,1.4,1.8
2,2024-05-27,4,22,26,4.48,1.85,1.4,3.55,1.6,0.8,0.6,1.4
1,2024-05-27,10,27,28,1.82,4.28,0.0,3.52,1.6,0.0,2.0,1.8
0,2024-05-28,1,48,13,2.61,2.46,1.4,3.8,1.8,1.8,2.0,1.2
0,2024-05-29,6,115,7,4.32,1.95,1.2,3.21,0.0,1.2,1.4,0.0
0,2024-05-29,6,76,9,3.37,2.37,0.4,3.1,0.4,1.0,3.6,1.0
0,2024-05-31,9,102,45,2.94,2.27,1.2,3.37,1.2,1.6,1.8,0.8
2,2024-05-31,10,34,82,6.25,1.48,1.4,4.69,1.4,2.0,1.4,1.0
0,2024-06-01,6,9,76,2.94,2.42,1.0,3.2,0.4,1.4,1.6,1.0
0,2024-06-01,6,7,115,2.51,2.93,3.0,3.2,1.0,2.0,0.0,1.0
2,2024-07-05,4,79,89,4.22,1.89,0.0,3.75,0.2,1.2,2.4,0.4
1,2024-07-06,4,52,12,3.35,2.16,2.0,3.52,0.8,1.6,1.0,1.4
0,2024-07-06,4,80,24,2.65,2.62,1.0,3.27,1.2,0.8,1.2,1.4
1,2024-07-07,4,47,105,3.04,2.35,1.6,3.38,0.8,0.4,0.2,1.2
2,2024-07-07,4,110,23,3.24,2.12,1.2,3.59,1.4,1.0,1.2,1.0
2,2024-07-07,4,26,64,8.97,1.32,1.0,5.59,1.4,1.0,1.2,1.0
2,2024-07-07,4,103,70,7.38,1.41,1.6,4.94,0.8,2.8,1.8,1.6
2,2024-07-07,4,11,22,1.75,4.38,0.6,3.98,1.8,1.6,2.4,0.8
0,2024-07-08,4,75,69,2.95,2.43,1.4,3.29,2.0,1.0,0.8,2.0
1,2024-07-12,10,35,114,2.55,2.92,1.4,3.07,2.6,1.2,0.8,2.4
0,2024-07-12,10,41,113,5.96,1.61,0.8,4.0,0.0,1.8,3.0,0.0
2,2024-07-13,4,22,80,7.42,1.38,1.6,5.18,0.4,0.8,0.6,0.6
2,2024-07-13,4,24,47,3.43,2.27,1.8,3.24,1.2,1.8,1.8,0.2
1,2024-07-13,4,64,11,3.06,2.27,0.8,3.66,1.2,0.6,1.6,1.8
1,2024-07-13,4,12,103,1.93,3.79,1.0,3.74,2.0,1.4,2.0,2.4
1,2024-07-13,10,111,36,2.07,3.5,2.0,3.36,0.6,1.8,1.0,1.6
1,2024-07-13,10,38,109,6.87,1.49,0.8,4.04,1.4,0.8,1.6,1.8
2,2024-07-13,10,91,78,4.9,1.68,1.4,3.74,1.8,2.4,2.0,1.2
1,2024-07-14,4,89,110,2.05,3.74,0.2,3.45,1.2,0.2,1.8,1.4
2,2024-07-14,10,18,28,6.47,1.5,3.0,4.04,1.8,2.4,0.8,1.6
0,2024-07-14,4,69,26,3.58,2.11,2.0,3.37,1.4,1.2,0.8,0.8
2,2024-07-14,4,105,52,7.33,1.39,1.0,5.02,1.6,1.0,0.6,1.6
2,2024-07-14,4,70,79,3.54,2.0,0.2,3.76,0.6,1.2,2.8,1.0
1,2024-07-14,4,23,75,2.16,3.17,0.8,3.62,1.2,0.8,1.6,0.8
0,2024-07-15,10,33,74,3.34,2.4,2.0,2.89,1.2,0.8,0.6,1.0
1,2024-07-15,10,77,44,4.11,2.05,0.8,3.08,0.5,0.8,1.6,0.5
2,2024-07-17,4,12,89,4.69,1.76,1.2,3.82,0.2,1.4,1.4,0.2
2,2024-07-17,4,75,11,4.51,1.73,1.2,4.08,1.4,0.8,0.8,1.8
0,2024-07-17,4,80,47,2.18,3.56,0.4,3.32,0.6,0.8,1.8,0.4
1,2024-07-17,4,79,23,2.34,2.89,0.6,3.67,1.0,0.8,2.0,0.8
2,2024-07-17,4,26,24,6.91,1.4,1.4,4.89,2.4,1.4,0.8,2.2
0,2024-07-18,4,70,69,2.64,2.65,0.8,3.48,1.4,1.6,2.0,0.8
2,2024-07-18,4,105,64,10.37,1.23,1.0,7.08,1.0,0.6,0.8,1.0
2,2024-07-18,4,103,22,3.4,2.15,1.6,3.4,2.0,1.6,1.0,1.4
0,2024-07-18,4,52,110,2.24,3.13,1.0,3.54,1.2,1.4,1.4,1.4
1,2024-07-19,10,113,38,1.4,6.75,3.0,4.69,0.8,1.0,0.0,0.6
2,2024-07-19,10,71,2,7.06,1.4,1.6,5.12,0.8,2.2,1.4,1.2
2,2024-07-19,10,78,33,3.5,2.35,1.2,2.93,1.4,0.6,0.8,0.8
1,2024-07-19,10,3,66,2.71,2.56,1.2,3.57,2.2,1.6,2.0,2.6
0,2024-07-20,6,55,127,1.83,4.25,0.4,3.64,1.4,0.6,1.8,1.6
2,2024-07-20,9,60,45,4.72,1.79,1.2,3.54,1.6,1.2,1.4,1.0
0,2024-07-20,9,126,128,1.97,3.67,1.4,3.68,2.4,1.4,1.4,1.8
2,2024-07-20,9,121,98,2.18,2.99,0.0,3.84,1.4,1.0,3.0,1.4
1,2024-07-20,4,11,24,2.95,2.3,1.4,3.72,1.8,1.6,2.0,2.0
0,2024-07-20,4,79,12,2.41,2.98,0.8,3.39,1.2,1.2,2.2,1.2
2,2024-07-20,6,59,7,5.46,1.59,2.4,4.15,1.5,2.0,0.8,1.5
2,2024-07-20,10,114,111,5.73,1.57,2.2,3.97,2.0,2.0,1.2,1.8
1,2024-07-20,10,36,18,2.78,2.5,0.8,3.34,3.0,1.6,1.8,2.8
2,2024-07-20,6,30,40,5.57,1.68,2.4,3.73,1.2,2.2,1.2,0.6
1,2024-07-20,6,39,19,2.69,2.67,1.2,3.29,2.0,1.2,1.6,2.4
1,2024-07-21,6,53,29,4.13,2.09,0.2,3.28,0.0,0.2,2.0,0.0
2,2024-07-21,10,93,96,3.25,2.18,0.8,3.35,1.2,1.0,2.4,1.2
0,2024-07-21,10,117,82,2.1,3.52,2.4,3.45,1.4,1.6,0.8,1.0
1,2024-07-21,10,119,17,1.98,3.71,1.2,3.58,1.2,1.0,1.4,1.6
2,2024-07-21,6,73,97,2.07,3.28,1.0,3.79,2.2,1.2,1.6,1.4
0,2024-07-21,9,125,94,5.33,1.53,2.4,4.45,0.0,1.8,0.4,0.6
2,2024-07-21,9,57,16,3.61,2.13,1.0,3.54,1.8,1.0,1.0,0.8
0,2024-07-21,9,61,92,2.22,3.06,1.0,3.65,1.4,1.2,1.4,1.2
1,2024-07-21,6,6,54,2.78,2.49,1.8,3.49,1.4,1.8,1.6,0.8
2,2024-07-21,4,47,64,5.16,1.62,1.0,4.24,0.4,0.8,1.0,0.6
2,2024-07-21,4,69,80,9.84,1.33,1.8,5.33,0.4,0.8,1.2,0.8
0,2024-07-21,4,89,103,1.57,5.68,0.2,4.21,1.6,0.2,1.6,1.0
0,2024-07-21,4,52,22,2.19,3.35,1.0,3.45,1.4,1.6,1.6,1.2
1,2024-07-21,4,26,105,3.66,1.94,2.0,3.86,1.6,1.8,0.4,1.2
2,2024-07-21,10,28,77,4.0,2.03,1.6,3.14,0.8,1.8,1.2,0.6
2,2024-07-21,10,109,35,4.47,2.02,1.6,3.01,1.4,1.6,1.2,1.0
1,2024-07-22,4,23,70,2.71,2.52,1.2,3.51,0.8,1.2,1.4,1.2
2,2024-07-22,4,110,75,3.58,2.0,1.6,3.74,1.2,1.8,1.4,0.8
0,2024-07-22,6,76,85,2.77,2.71,0.8,3.14,1.2,1.4,3.0,1.6
0,2024-07-22,10,62,34,1.42,6.87,2.0,4.85,1.4,1.4,0.8,1.8
0,2024-07-22,10,44,91,1.87,4.05,0.6666666666666666,3.53,1.8,0.3333333333333333,1.6666666666666667,2.2
1,2024-07-22,10,74,41,2.74,2.67,1.8,3.14,0.2,1.4,1.2,1.2
2,2024-07-24,9,92,125,3.38,2.03,1.4,3.84,1.8,1.2,1.0,1.6
0,2024-07-26,10,38,74,4.61,1.81,0.4,3.44,1.4,0.6,1.6,1.2
1,2024-07-26,10,35,113,3.72,2.18,0.8,3.04,2.0,0.8,1.2,1.5
0,2024-07-26,6,55,39,2.27,3.11,0.2,3.4,0.8,0.6,2.6,0.8
1,2024-07-26,10,96,62,4.0,2.0,0.6,3.42,1.4,0.6,1.2,1.0
0,2024-07-27,6,85,127,1.65,4.92,1.6,3.92,2.0,2.2,1.8,2.4
0,2024-07-27,6,40,7,4.25,2.06,1.0,3.24,1.0,0.8,1.2,1.6666666666666667
1,2024-07-27,10,71,66,3.73,1.92,1.6,3.92,1.8,2.2,1.2,2.2
2,2024-07-27,6,30,59,3.08,2.21,2.4,3.73,3.0,2.6,1.4,2.2
1,2024-07-27,9,45,61,2.66,2.62,1.0,3.39,0.8,0.8,1.0,1.2
2,2024-07-27,9,94,57,2.81,2.49,0.6,3.36,1.6,1.0,2.6,1.4
0,2024-07-27,9,16,60,3.0,2.36,1.6,3.26,1.8,1.0,0.6,1.6
1,2024-07-27,10,91,28,4.04,1.87,2.4,3.47,2.0,2.4,1.4,2.0
0,2024-07-27,10,78,44,4.21,1.96,1.8,3.22,0.5,0.8,0.6,0.5
0,2024-07-27,6,76,19,1.56,5.94,0.8,4.33,2.2,1.6,2.6,2.2
0,2024-07-28,6,53,97,2.29,3.25,0.4,3.43,1.6,0.4,2.0,0.8
1,2024-07-28,6,73,6,3.01,2.22,1.6,3.72,1.4,1.4,1.2,1.0
1,2024-07-28,6,54,29,7.45,1.46,1.4,4.29,1.0,1.0,1.0,1.0
2,2024-07-28,9,98,125,2.66,2.4,0.8,3.86,1.8,1.2,1.6,1.8
2,2024-07-28,9,92,126,9.89,1.26,1.8,6.1,0.8,1.6,1.0,0.8
2,2024-07-28,10,82,119,3.42,2.06,1.8,3.55,0.8,1.2,1.2,1.4
2,2024-07-28,10,2,93,2.43,2.82,0.2,3.48,1.4,0.4,1.8,1.2
2,2024-07-28,10,34,3,4.69,1.71,1.4,4.02,1.4,1.6,1.4,1.6
0,2024-07-28,10,18,114,3.6,2.01,2.6,3.57,2.2,2.8,1.4,2.4
0,2024-07-28,10,41,33,5.76,1.56,0.4,4.03,1.2,1.0,2.6,0.8
2,2024-07-28,9,128,121,5.06,1.67,3.0,3.93,0.6,2.2,0.8,1.0
1,2024-07-29,10,111,109,2.7,2.62,1.4,3.28,2.0,1.6,1.6,1.6
2,2024-07-29,10,17,117,6.91,1.4,1.4,5.09,1.8,1.8,1.8,1.4
2,2024-07-29,10,77,36,2.04,3.92,0.8,3.13,1.0,0.8,1.8,1.8
2,2024-08-02,10,3,96,5.46,1.67,1.4,3.89,0.6,1.8,1.8,0.6
0,2024-08-02,1,46,88,1.3,8.82,0.0,5.97,1.4,0.0,0.0,3.4
2,2024-08-02,10,28,44,5.19,1.68,1.6,3.72,1.0,1.8,1.0,0.8
2,2024-08-02,10,74,35,4.93,1.83,2.0,3.29,1.0,1.4,0.8,1.0
2,2024-08-03,9,60,92,2.71,2.56,1.8,3.49,2.4,1.8,1.6,2.0
0,2024-08-03,6,7,30,1.84,4.0,1.5,3.94,2.4,1.75,1.25,2.6
2,2024-08-03,10,66,2,5.41,1.52,1.4,4.68,0.6,2.2,2.0,0.6
0,2024-08-03,9,45,16,2.38,2.9,1.2,3.48,1.4,1.2,1.2,1.2
0,2024-08-03,1,8,104,4.23,1.88,1.0,3.59,0.8,1.2,1.4,0.8
0,2024-08-03,1,48,56,2.13,3.27,0.8,3.68,2.0,1.2,1.8,2.4
2,2024-08-03,1,122,0,4.12,1.82,1.8,3.97,0.6,1.8,1.0,1.2
2,2024-08-03,6,127,39,5.86,1.56,2.4,4.33,1.4,3.0,0.6,1.4
0,2024-08-03,6,85,53,4.62,1.83,1.4,3.92,0.2,1.8,2.2,0.4
2,2024-08-03,9,61,94,2.92,2.29,0.8,3.71,1.2,1.4,1.8,1.6
2,2024-08-03,10,41,78,5.2,1.63,0.4,3.92,1.8,0.8,2.0,1.0
2,2024-08-04,6,19,73,6.72,1.54,2.6,4.74,1.2,2.4,0.4,1.0
1,2024-08-04,6,40,54,1.46,7.19,0.8,4.47,1.6,0.6,1.4,1.0
0,2024-08-04,6,6,59,2.13,3.15,1.0,4.31,2.4,0.8,1.6,2.2
0,2024-08-04,6,29,76,3.82,2.2,1.0,3.11,0.8,0.5,0.5,1.2
1,2024-08-04,10,114,77,6.67,1.49,2.6,4.16,1.4,2.2,1.0,0.8
1,2024-08-04,9,125,128,3.26,2.15,1.2,3.74,3.0,1.2,1.8,2.4
0,2024-08-04,10,62,17,1.62,4.99,1.0,4.17,2.0,0.8,1.0,2.0
1,2024-08-04,10,34,82,4.89,1.63,2.0,4.21,1.8,2.0,1.4,1.6
2,2024-08-04,10,93,119,4.1,1.79,1.4,3.94,0.8,1.2,1.4,1.4
2,2024-08-04,1,86,100,2.47,2.82,1.2,3.58,1.8,0.8,2.2,2.0
2,2024-08-04,1,14,13,2.73,2.44,1.8,3.62,2.4,1.6,1.2,1.4
0,2024-08-04,10,18,109,2.71,2.5,2.0,3.57,1.6,2.2,1.4,1.4
0,2024-08-04,9,57,98,2.54,2.56,1.4,3.67,1.2,1.4,1.6,1.8
1,2024-08-04,9,121,126,3.19,2.16,0.6,3.69,0.8,1.2,2.8,1.0
2,2024-08-05,6,97,55,7.33,1.43,2.0,5.14,0.2,1.4,0.8,0.6
1,2024-08-05,10,36,91,3.96,1.9,1.0,3.6,2.0,1.4,1.4,1.8
0,2024-08-05,10,113,111,2.75,2.63,1.6666666666666667,3.09,1.0,1.3333333333333333,1.0,1.2
0,2024-08-05,10,117,71,1.81,4.11,1.2,3.99,1.2,1.2,1.2,1.8
1,2024-08-09,6,39,85,3.96,1.97,1.4,3.62,0.8,1.2,1.8,1.6
2,2024-08-09,6,76,53,2.64,2.7,1.2,3.38,0.8,1.2,1.8,1.0
2,2024-08-09,10,66,117,5.71,1.53,1.4,4.54,0.6,2.2,1.8,1.0
2,2024-08-09,10,38,41,3.11,2.17,0.4,3.51,0.8,0.6,1.6,0.6
2,2024-08-10,9,94,121,5.43,1.59,1.2,4.51,0.8,1.6,1.6,0.8
1,2024-08-10,6,73,7,4.46,1.75,1.2,4.17,1.2,1.2,1.6,1.4
2,2024-08-10,6,59,29,6.42,1.48,2.4,4.47,0.6666666666666666,2.8,1.2,0.3333333333333333
1,2024-08-10,10,44,36,1.88,3.92,0.8,3.64,1.2,1.0,2.4,1.4
1,2024-08-10,9,126,125,1.68,4.48,1.0,4.26,0.8,1.0,1.2,1.4
2,2024-08-10,6,127,30,6.33,1.49,3.0,4.92,2.4,4.0,0.4,2.4
1,2024-08-10,10,111,74,2.97,2.61,1.0,2.93,2.0,0.8,1.4,1.2
2,2024-08-10,10,35,33,4.11,2.1,1.0,2.98,1.8,1.0,1.2,1.0
0,2024-08-10,1,56,8,5.22,1.64,2.0,3.97,1.0,2.4,2.0,1.2
1,2024-08-10,1,104,46,3.12,2.2,0.8,3.48,0.0,1.0,1.6,2.0
2,2024-08-10,1,88,14,8.64,1.32,2.0,5.81,1.8,3.4,1.6,1.4
2,2024-08-10,6,54,19,2.75,2.69,1.8,3.19,2.6,1.0,0.6,3.2
0,2024-08-11,9,60,61,3.96,1.88,1.8,3.85,0.8,1.6,1.4,1.2
0,2024-08-11,10,96,34,1.58,5.25,0.4,4.29,2.2,0.4,1.8,1.8
0,2024-08-11,10,17,3,3.0,2.28,2.0,3.58,2.0,2.2,1.4,2.6
0,2024-08-11,10,82,93,4.39,1.85,2.0,3.72,1.4,1.8,1.2,1.6
1,2024-08-11,1,0,86,1.73,4.3,0.0,4.07,1.8,0.6,2.4,0.8
0,2024-08-11,10,91,114,2.71,2.56,1.6,3.38,2.2,1.6,1.4,1.6
2,2024-08-11,9,98,45,5.24,1.57,1.8,4.39,1.0,2.4,1.4,1.2
1,2024-08-11,10,71,62,8.7,1.34,1.8,5.07,1.0,2.0,1.2,0.8
0,2024-08-11,9,92,16,3.42,2.07,2.4,3.62,1.4,2.2,1.4,1.4
1,2024-08-11,6,97,6,6.42,1.48,2.0,4.7,0.4,1.8,0.8,0.4
2,2024-08-11,6,55,40,4.89,1.89,0.2,3.42,0.8,0.6,3.0,0.6
2,2024-08-11,1,100,48,5.61,1.54,1.2,4.47,0.6,1.4,1.2,1.2
2,2024-08-11,1,13,122,3.25,2.15,2.4,3.82,2.4,1.4,0.8,2.6
2,2024-08-11,9,128,57,3.63,1.97,2.6,3.66,1.4,2.4,1.2,2.0
2,2024-08-11,10,18,113,6.22,1.55,1.4,4.11,1.25,2.4,2.0,1.0
0,2024-08-12,10,119,2,4.11,1.81,0.8,3.95,0.6,1.8,2.6,0.6
1,2024-08-12,10,78,28,2.57,2.94,1.2,2.99,1.6,0.8,1.0,2.2
1,2024-08-12,10,77,109,2.55,2.98,1.0,2.98,1.6,0.4,1.2,1.6
2,2024-08-16,10,114,44,8.07,1.33,2.2,5.29,1.0,1.6,0.6,1.0
0,2024-08-16,10,113,77,3.01,2.7,1.0,2.68,1.2,0.8,1.4,0.4
0,2024-08-16,10,62,66,1.93,3.84,0.6,3.8,1.8,0.4,1.2,2.0
0,2024-08-17,10,38,78,7.0,1.42,1.0,4.79,0.8,1.2,1.8,0.8
0,2024-08-17,1,0,100,1.42,7.14,0.2,5.06,1.6,0.4,2.0,1.4
1,2024-08-17,1,46,14,3.67,2.06,0.5,3.58,1.2,1.0,1.5,1.2
0,2024-08-17,1,56,88,1.93,3.5,1.4,4.19,2.4,1.6,2.4,4.0
2,2024-08-17,6,30,55,5.56,1.55,1.8,4.58,0.8,1.6,0.8,0.8
2,2024-08-17,6,39,73,5.14,1.66,1.0,4.37,1.2,1.0,1.8,1.0
0,2024-08-17,4,79,69,1.9,3.76,0.8,3.97,2.4,1.2,2.0,1.2
2,2024-08-17,10,33,111,3.25,2.35,1.2,2.98,1.2,1.0,1.2,1.0
1,2024-08-18,6,53,127,1.42,7.78,0.8,4.9,3.0,1.0,1.8,3.2
0,2024-08-18,10,2,17,1.83,3.95,1.2,4.06,1.4,1.0,1.8,1.8
0,2024-08-18,10,82,96,4.05,1.85,1.4,3.76,0.2,1.6,1.6,0.2
1,2024-08-18,1,48,13,2.5,2.66,0.6,3.76,2.4,1.0,1.4,1.6
2,2024-08-18,1,8,122,3.04,2.35,1.4,3.5,1.8,1.2,1.2,2.6
2,2024-08-18,6,97,40,12.98,1.29,1.6,5.61,0.8,1.2,0.6,0.6
0,2024-08-18,6,19,59,3.33,2.13,2.0,3.73,2.4,2.2,0.6,2.8
1,2024-08-18,10,36,28,4.28,1.79,0.8,3.68,1.6,1.2,1.4,2.6
2,2024-08-18,10,93,71,2.09,3.35,2.0,3.72,1.8,2.0,1.4,1.6
1,2024-08-18,10,34,119,5.52,1.56,2.6,4.42,0.8,2.0,0.8,2.0
2,2024-08-18,6,54,76,11.88,1.32,1.8,5.39,1.8,0.8,0.4,1.2
2,2024-08-18,1,86,104,9.02,1.35,2.0,5.34,0.8,1.0,0.8,1.0
2,2024-08-19,4,11,80,4.17,1.82,1.6,3.94,0.2,1.6,1.2,0.8
2,2024-08-19,4,24,89,6.4,1.44,1.4,4.77,0.2,1.6,2.2,0.2
2,2024-08-19,10,3,117,6.14,1.55,2.0,4.32,0.0,2.2,1.2,0.6
2,2024-08-19,6,29,6,2.61,3.06,0.5,2.95,0.6,0.25,1.0,0.2
0,2024-08-19,6,7,85,2.31,3.21,0.8,3.43,1.0,1.4,1.8,1.6
2,2024-08-19,10,41,35,4.86,1.74,0.8,3.51,1.0,0.8,1.0,0.8
2,2024-08-19,10,109,91,3.46,2.23,1.8,3.09,1.6,1.4,0.8,1.4
0,2024-08-23,10,78,36,1.92,3.81,1.4,3.62,0.8,1.0,1.2,1.2
0,2024-08-23,10,2,3,1.87,3.96,1.2,3.87,2.0,1.0,2.4,2.6
2,2024-08-23,6,85,29,4.28,1.95,1.4,3.46,1.0,1.8,2.2,0.4
1,2024-08-23,10,77,74,3.43,2.61,1.6,2.73,2.2,0.8,1.0,1.4
1,2024-08-24,6,6,53,3.21,2.11,0.6,3.48,1.0,0.2,1.4,1.2
1,2024-08-24,6,127,97,4.48,1.85,2.6,3.71,2.0,3.0,0.2,1.8
2,2024-08-24,6,40,73,2.71,2.77,0.2,3.28,1.0,0.2,2.0,1.4
2,2024-08-24,6,19,7,8.38,1.34,1.4,5.38,0.8,1.8,0.8,1.4
0,2024-08-24,4,80,26,1.42,7.44,0.0,5.15,2.0,0.6,2.6,1.8
2,2024-08-24,4,64,75,2.48,3.01,0.4,3.27,1.0,0.6,1.8,0.6
1,2024-08-24,4,24,69,2.28,2.99,2.0,3.65,2.4,2.0,1.6,1.2
2,2024-08-24,9,61,121,4.9,1.6,1.4,4.33,0.8,1.6,1.6,0.6
0,2024-08-24,10,91,113,6.53,1.51,1.0,4.21,0.4,1.2,1.8,0.8
2,2024-08-24,10,28,114,2.32,3.02,1.8,3.29,2.6,2.4,1.2,2.6
2,2024-08-24,10,66,96,4.91,1.65,2.2,4.38,0.8,1.8,0.8,0.6
2,2024-08-24,9,45,94,2.51,2.83,0.8,3.34,1.8,1.0,1.8,2.0
0,2024-08-24,1,104,0,3.04,2.3,0.8,3.56,0.2,0.6,1.4,0.4
2,2024-08-24,1,100,8,6.55,1.51,2.0,4.23,2.0,1.6,0.6,1.6
2,2024-08-25,10,18,33,4.27,1.8,1.4,3.73,1.2,2.0,1.8,1.0
2,2024-08-25,10,35,38,2.04,3.68,0.8,3.26,1.0,1.2,1.8,1.2
2,2024-08-25,9,16,126,6.17,1.45,1.4,4.76,0.6,2.4,1.0,0.8
1,2024-08-25,4,23,89,6.63,1.47,0.8,4.61,0.2,1.0,1.6,0.4
2,2024-08-25,4,12,110,2.66,2.94,1.6,2.99,2.2,1.2,1.0,2.2
2,2024-08-25,1,122,46,3.48,2.04,1.2,3.61,0.6666666666666666,1.8,1.8,1.3333333333333333
2,2024-08-25,4,70,52,3.26,2.18,0.8,3.55,0.4,1.2,1.2,1.4
0,2024-08-25,10,117,93,2.31,3.03,0.0,3.55,2.4,0.8,2.6,2.2
2,2024-08-25,10,71,34,2.52,2.65,1.6,3.7,2.2,1.6,1.4,1.8
1,2024-08-25,10,17,82,5.05,1.63,2.0,4.28,1.4,2.2,1.0,1.6
2,2024-08-25,6,55,76,4.95,1.76,0.6,3.96,1.2,0.6,2.2,1.0
2,2024-08-25,1,13,56,3.0,2.28,2.0,3.65,0.8,1.4,0.8,1.2
2,2024-08-25,6,59,39,3.49,2.06,2.4,3.79,1.6,2.4,1.0,1.4
0,2024-08-25,6,30,54,2.96,2.28,2.4,3.82,1.8,1.8,0.6,1.0
2,2024-08-25,4,105,11,6.16,1.47,1.8,4.85,1.6,1.4,0.6,1.8
0,2024-08-25,4,22,79,7.24,1.38,1.8,5.44,0.8,1.4,1.0,1.2
1,2024-08-25,4,103,47,3.63,2.06,2.2,3.46,1.4,1.4,0.4,1.2
2,2024-08-25,1,14,86,1.81,4.43,0.8,3.72,2.0,1.0,2.0,1.0
1,2024-08-26,10,111,41,2.6,2.83,1.0,3.14,1.4,0.8,1.2,1.4
2,2024-08-26,10,119,62,5.29,1.66,0.4,4.34,0.4,1.8,2.6,0.6
0,2024-08-26,10,44,109,1.75,4.71,0.8,3.59,2.2,1.2,2.6,1.8
2,2024-08-30,10,74,91,2.99,2.52,1.8,2.98,0.4,0.8,0.2,0.8
2,2024-08-30,10,62,117,3.01,2.34,0.4,3.51,0.0,0.6,1.4,0.6
0,2024-08-31,6,53,19,1.75,4.51,1.0,3.93,1.8,1.6,2.0,2.6
2,2024-08-31,6,97,85,6.25,1.49,2.2,4.46,1.4,1.8,0.2,1.4
2,2024-08-31,10,3,71,2.9,2.35,2.4,3.66,1.6,3.2,0.8,1.6
1,2024-08-31,6,6,7,4.1,1.93,0.6,3.71,0.8,0.6,1.8,1.0
2,2024-08-31,1,100,104,9.52,1.31,2.4,5.46,0.8,1.6,0.4,0.6
2,2024-08-31,1,0,14,2.5,2.67,0.8,3.59,1.4,0.6,1.8,1.6
0,2024-08-31,6,76,127,1.3,9.99,1.2,5.58,2.2,0.8,1.6,2.2
1,2024-08-31,1,48,46,3.55,1.92,0.2,4.11,0.5,0.6,1.6,1.5
1,2024-08-31,9,94,16,2.36,2.9,1.8,3.45,1.8,1.8,1.0,2.8
2,2024-08-31,4,11,12,2.85,2.56,1.0,3.3,2.2,1.6,1.4,1.6
2,2024-08-31,9,126,45,2.18,3.08,0.4,3.51,0.8,0.8,1.8,1.2
1,2024-08-31,9,125,57,4.25,1.74,0.4,4.22,0.8,1.2,2.6,1.2
2,2024-08-31,10,35,78,3.62,2.12,1.4,3.12,0.8,1.4,1.2,1.0
1,2024-08-31,10,114,36,3.46,2.06,2.0,3.48,1.2,2.0,0.8,1.2
1,2024-08-31,4,64,79,5.35,1.66,0.8,3.8,0.8,1.0,1.6,1.2
2,2024-08-31,4,24,23,3.71,1.98,1.6,3.69,0.8,2.0,1.8,1.0
0,2024-09-01,4,69,105,3.9,1.93,2.0,3.75,2.2,1.4,1.6,1.8
2,2024-09-01,6,39,40,8.29,1.44,1.4,4.71,0.8,1.8,2.4,0.2
0,2024-09-01,6,59,54,3.08,2.28,2.4,3.61,2.2,2.4,1.0,1.0
0,2024-09-01,6,55,29,5.48,1.73,1.2,3.72,0.8,1.2,1.6,0.2
1,2024-09-01,6,73,30,1.93,3.48,0.4,4.18,1.8,1.0,2.2,1.2
0,2024-09-01,10,41,18,2.71,2.48,1.4,3.48,1.4,1.6,1.4,2.0
2,2024-09-01,10,38,111,6.6,1.46,0.8,4.49,1.2,1.0,1.8,0.6
0,2024-09-01,10,93,66,2.06,3.17,2.4,4.15,2.6,2.6,1.2,2.2
2,2024-09-01,4,26,22,3.03,2.39,2.6,3.35,1.2,2.2,0.2,1.2
1,2024-09-01,10,96,119,2.54,2.64,0.8,3.74,0.8,1.0,2.2,1.4
2,2024-09-01,10,34,17,3.12,2.21,1.6,3.61,2.0,1.8,1.4,2.0
1,2024-09-01,9,128,61,3.2,2.03,2.6,3.8,2.0,2.4,1.0,2.0
1,2024-09-01,9,60,98,3.44,2.05,1.8,3.68,1.8,1.8,1.6,2.0
0,2024-09-01,9,121,92,1.74,4.31,0.8,4.01,1.8,0.6,1.8,1.8
2,2024-09-01,1,86,88,2.04,3.42,1.4,4.02,3.0,0.8,1.4,4.2
0,2024-09-01,1,56,122,3.81,1.94,0.6,3.76,1.2,1.0,2.6,2.0
1,2024-09-01,1,8,13,2.21,3.03,1.4,3.77,2.0,1.6,1.4,1.4
1,2024-09-01,4,75,80,6.27,1.49,0.8,4.38,0.0,0.4,1.2,0.4
2,2024-09-01,4,47,52,5.09,1.61,1.6,4.24,0.2,1.4,1.0,1.2
2,2024-09-01,10,82,2,4.98,1.64,1.0,4.36,1.2,1.4,1.6,1.0
0,2024-09-01,10,33,77,3.0,2.62,1.2,2.91,1.8,0.6,1.2,0.6
0,2024-09-02,4,110,103,3.64,2.05,2.0,3.5,2.2,2.0,1.0,1.4
2,2024-09-02,4,89,70,2.19,3.06,0.4,3.67,1.4,0.6,1.8,1.6
2,2024-09-02,10,113,44,4.42,2.02,0.8,2.94,0.8,0.6,1.4,1.0
2,2024-09-02,10,109,28,5.14,1.76,2.2,3.33,1.8,1.6,0.4,2.0
2,2024-09-13,10,2,62,3.39,2.13,0.6,3.48,0.8,0.6,2.6,0.6
2,2024-09-13,10,28,113,3.88,2.0,1.6,3.04,1.2,1.8,1.2,0.8
2,2024-09-13,10,91,33,6.86,1.5,0.2,4.12,1.2,0.6,2.0,0.6
0,2024-09-13,6,85,55,3.62,2.11,1.4,3.43,1.2,1.4,1.2,1.0
2,2024-09-14,1,14,56,2.06,3.59,1.4,3.58,0.6,1.6,2.0,1.0
0,2024-09-14,6,73,59,2.06,3.43,0.4,3.92,2.4,1.4,2.6,2.2
1,2024-09-14,6,40,76,4.85,1.99,0.8,3.12,1.2,0.4,1.8,0.8
0,2024-09-14,6,19,127,2.47,3.12,1.8,3.16,2.2,2.4,0.8,2.0
2,2024-09-14,6,54,39,4.05,2.01,2.6,3.48,1.4,1.6,0.4,2.0
2,2024-09-14,4,12,75,2.99,2.55,2.0,3.09,1.0,1.4,1.0,0.6
2,2024-09-14,4,103,11,6.12,1.46,2.2,4.91,1.4,1.8,0.6,1.6
2,2024-09-14,4,79,80,3.94,1.94,1.0,3.52,0.2,1.2,1.4,0.4
2,2024-09-14,10,66,34,2.95,2.3,3.0,3.67,1.6,2.4,0.8,1.8
2,2024-09-14,4,52,64,2.72,2.53,0.0,3.33,1.0,0.8,3.0,1.2
2,2024-09-14,4,70,110,2.27,3.2,1.4,3.3,1.4,2.0,1.2,1.4
1,2024-09-14,10,77,41,2.85,2.67,1.8,2.98,1.4,0.8,0.2,1.6
1,2024-09-14,10,44,74,2.12,3.68,0.2,3.09,2.2,0.8,2.8,1.2
1,2024-09-14,1,122,86,2.22,3.0,1.8,3.84,2.0,2.8,1.8,1.4
2,2024-09-14,4,105,24,7.38,1.37,2.6,5.37,1.6,2.2,1.0,1.6
0,2024-09-15,4,23,26,1.88,4.07,0.8,3.71,2.6,1.0,1.2,2.8
0,2024-09-15,4,89,69,1.51,5.92,0.8,4.61,2.0,1.0,2.0,1.6
2,2024-09-15,4,22,47,3.96,1.98,1.2,3.43,2.0,1.2,1.6,2.4
2,2024-09-15,10,17,96,8.58,1.3,1.4,6.11,0.8,1.8,1.2,1.2
1,2024-09-15,6,29,97,1.61,6.0,1.2,3.86,2.2,0.4,1.0,1.4
1,2024-09-15,10,3,93,4.91,1.69,3.0,3.94,2.4,3.6,0.6,2.6
1,2024-09-15,10,18,38,3.63,2.0,1.8,3.49,1.2,2.2,1.0,1.0
2,2024-09-15,10,78,114,1.81,3.92,0.8,3.98,1.6,1.2,2.4,1.8
1,2024-09-15,1,46,8,3.0,2.37,0.6,3.45,1.4,1.4,2.0,1.4
0,2024-09-15,10,117,119,2.06,3.38,0.0,3.79,1.0,0.4,2.4,1.6
2,2024-09-15,6,30,6,5.95,1.54,1.4,4.54,0.6,1.0,0.8,0.6
2,2024-09-15,6,7,53,2.55,2.88,0.4,3.53,1.0,0.6,2.0,1.4
1,2024-09-16,10,71,82,4.87,1.66,1.4,4.31,1.0,1.6,2.2,1.0
0,2024-09-16,10,36,109,3.9,2.12,1.4,2.95,2.6,1.4,1.2,1.8
1,2024-09-16,10,111,35,3.03,2.47,1.0,3.09,1.8,0.6,1.0,2.4
1,2024-09-18,4,75,105,2.62,2.64,0.8,3.61,2.6,0.6,1.6,2.4
2,2024-09-18,4,80,103,1.59,5.37,0.2,4.27,2.6,0.6,2.2,1.8
2,2024-09-18,4,110,79,6.25,1.51,1.2,4.38,1.4,1.2,1.6,1.2
0,2024-09-18,9,57,60,3.17,2.2,0.8,3.62,2.0,1.4,2.6,2.0
2,2024-09-18,4,11,26,1.73,4.56,1.4,3.97,2.6,1.6,1.0,2.4
2,2024-09-18,4,22,12,6.12,1.59,1.2,4.1,2.4,0.8,1.4,1.6
2,2024-09-19,4,47,23,5.4,1.65,2.0,4.01,0.6,2.0,0.4,1.2
1,2024-09-19,4,64,70,3.77,2.01,0.8,3.59,1.4,0.8,1.4,1.6
2,2024-09-19,4,69,52,7.19,1.4,2.0,5.04,0.6,1.8,1.2,0.6
2,2024-09-20,10,119,71,2.47,2.77,1.6,3.75,1.0,2.2,1.2,1.6
1,2024-09-20,10,74,28,4.33,2.14,1.8,2.87,1.6,0.8,0.2,1.2
1,2024-09-20,10,33,44,4.63,1.86,0.6,3.32,0.4,0.4,2.0,0.6
0,2024-09-21,6,7,54,1.66,5.11,1.0,3.97,3.0,1.2,1.6,2.0
1,2024-09-21,9,45,92,2.32,3.12,0.8,3.38,1.8,1.2,1.8,1.6
2,2024-09-21,1,56,46,4.53,1.75,0.0,3.87,0.8,0.6,2.2,1.2
0,2024-09-21,1,8,14,3.07,2.31,1.6,3.34,1.4,1.4,1.0,1.6
1,2024-09-21,1,0,48,2.42,2.83,1.4,3.69,0.4,1.2,1.6,0.6
1,2024-09-21,10,38,77,7.23,1.45,1.4,4.05,1.8,1.4,1.4,1.0
1,2024-09-21,10,35,18,2.03,3.8,2.0,3.27,2.0,2.6,1.4,2.6
0,2024-09-21,4,12,80,5.7,1.64,1.8,3.66,0.8,1.4,1.4,0.6
1,2024-09-21,6,85,19,2.23,3.41,1.4,3.33,1.2,1.0,1.0,1.4
2,2024-09-21,6,127,40,17.66,1.18,2.2,7.19,0.8,1.2,0.2,0.4
0,2024-09-21,9,16,128,3.43,2.08,2.0,3.55,2.2,2.6,0.6,2.2
0,2024-09-21,9,98,61,3.61,1.91,2.0,3.93,2.2,2.0,1.0,2.0
0,2024-09-21,4,79,75,1.76,4.35,1.4,4.07,0.4,1.0,1.0,0.6
1,2024-09-22,6,39,29,6.71,1.52,1.4,4.25,1.4,2.0,1.8,0.6
1,2024-09-22,6,97,30,3.99,1.96,1.8,3.77,1.4,1.0,0.2,1.4
2,2024-09-22,4,26,47,4.74,1.76,2.0,3.72,2.0,2.0,1.2,2.0
2,2024-09-22,10,41,91,2.96,2.3,1.0,3.44,0.6,1.4,2.0,0.8
1,2024-09-22,6,53,73,3.08,2.24,0.4,3.95,0.4,0.8,2.0,1.6
1,2024-09-22,10,109,114,2.68,2.75,2.6,3.0,1.4,1.6,0.0,1.8
0,2024-09-22,6,76,59,1.39,7.58,0.8,5.16,2.4,0.6,1.6,2.0
1,2024-09-22,10,82,66,2.12,3.14,1.0,3.86,3.0,1.0,1.4,2.4
2,2024-09-22,10,96,117,3.77,1.93,0.8,3.89,0.0,1.2,2.0,0.4
1,2024-09-22,1,104,88,1.3,8.72,0.8,6.14,2.4,0.8,1.6,3.6
0,2024-09-22,1,100,122,4.52,1.7,2.4,4.34,1.4,2.0,0.8,2.2
1,2024-09-22,10,93,17,1.74,4.45,2.0,4.13,1.4,2.2,1.2,1.8
1,2024-09-22,10,62,3,2.02,3.83,0.8,3.49,2.6,0.8,1.2,3.0
1,2024-09-22,4,70,22,2.02,3.7,1.6,3.58,1.8,1.6,0.8,1.4
1,2024-09-22,4,69,64,5.33,1.64,2.0,4.01,1.0,2.0,1.4,0.8
2,2024-09-22,4,23,11,2.69,2.36,0.4,3.84,1.8,0.8,1.6,2.0
0,2024-09-22,9,121,125,1.68,4.53,0.2,4.19,0.6,0.4,2.0,1.2
1,2024-09-22,9,94,60,2.71,2.58,1.4,3.4,2.0,1.6,1.0,2.0
2,2024-09-22,9,57,126,6.18,1.5,0.2,4.58,1.0,1.0,2.6,1.2
2,2024-09-22,1,86,13,4.42,1.72,1.6,4.3,1.6,1.4,1.4,1.4
2,2024-09-23,4,89,105,1.55,5.45,0.8,4.56,2.2,1.0,2.2,2.2
2,2024-09-23,4,110,24,6.06,1.51,1.2,4.52,1.6,1.0,1.4,1.6
0,2024-09-23,4,52,103,1.92,3.84,0.6,3.78,2.0,0.8,2.6,1.6
1,2024-09-23,10,111,78,3.61,2.11,0.6,3.26,1.4,0.6,1.2,1.6
1,2024-09-23,6,6,55,2.83,2.5,0.6,3.4,1.8,1.0,1.6,1.4
2,2024-09-23,10,34,2,10.17,1.27,1.4,6.35,1.2,1.8,1.4,1.0
0,2024-09-23,10,113,36,1.98,4.08,1.2,3.26,1.2,0.8,1.4,1.0
2,2024-09-24,9,98,128,2.97,2.29,2.0,3.64,2.2,2.4,1.4,2.2
1,2024-09-25,1,13,100,2.48,2.72,1.6,3.66,2.4,1.6,1.2,2.0
2,2024-09-26,1,48,104,3.7,1.93,0.6,3.72,0.4,1.0,1.6,0.4
1,2024-09-27,10,28,33,4.54,1.88,1.6,3.34,0.8,1.0,0.8,0.8
2,2024-09-27,10,77,35,3.78,2.25,1.8,2.88,1.6,1.2,0.6,2.2
0,2024-09-27,6,73,76,6.53,1.5,0.4,4.58,0.2,1.2,2.0,0.6
1,2024-09-27,6,40,85,2.61,3.28,0.8,2.91,1.4,0.6,2.0,1.0
1,2024-09-28,1,86,56,3.9,1.85,2.0,4.05,0.6,1.6,1.4,1.2
1,2024-09-28,4,103,23,7.71,1.37,2.0,5.21,0.8,1.2,0.6,0.8
0,2024-09-28,1,14,100,2.08,3.42,2.0,3.61,2.0,1.6,1.0,2.0
1,2024-09-28,10,3,82,3.73,2.04,2.2,3.54,1.2,2.8,0.8,1.4
2,2024-09-28,4,24,64,2.77,2.53,1.4,3.35,1.2,1.4,1.8,0.8
2,2024-09-28,1,88,13,6.09,1.43,2.0,5.46,1.2,2.2,1.2,1.4
0,2024-09-28,4,79,52,3.37,2.19,1.4,3.55,0.6,1.2,1.2,0.6
0,2024-09-28,9,125,45,5.08,1.58,1.2,4.34,0.8,1.8,2.0,1.2
2,2024-09-28,9,126,98,1.7,4.38,1.0,4.18,2.0,1.0,1.6,2.4
2,2024-09-28,9,92,57,4.04,1.84,1.4,3.96,0.8,1.4,2.6,1.6
0,2024-09-28,6,39,7,6.11,1.51,1.4,4.56,0.8,1.8,1.6,1.2
2,2024-09-28,6,54,127,2.33,3.28,3.0,3.14,2.2,2.6,0.6,1.6
2,2024-09-28,6,59,97,2.8,2.59,2.4,3.4,1.8,2.2,1.6,1.4
2,2024-09-28,6,19,6,6.59,1.49,1.4,4.4,0.6,1.4,0.6,1.2
2,2024-09-28,10,78,109,2.24,3.32,1.4,3.19,2.6,1.2,1.6,1.8
0,2024-09-28,10,18,111,8.28,1.39,2.2,4.7,0.6,2.2,0.4,0.4
1,2024-09-28,4,80,70,2.25,3.12,1.4,3.43,1.6,0.8,1.0,1.6
1,2024-09-28,10,36,74,4.69,1.84,1.6,3.34,1.4,1.2,1.2,0.8
0,2024-09-29,6,29,30,1.85,4.38,1.6,3.67,1.6,0.6,0.6,1.8
2,2024-09-29,9,61,16,2.75,2.49,2.6,3.54,2.0,2.2,1.0,2.4
2,2024-09-29,9,60,121,7.2,1.41,1.6,4.84,0.2,1.6,1.2,0.2
2,2024-09-29,9,128,94,3.73,2.08,1.6,3.35,1.0,1.6,1.4,0.8
2,2024-09-29,4,105,12,5.68,1.56,2.0,4.27,1.2,2.0,1.2,1.0
2,2024-09-29,10,2,96,2.63,2.58,0.6,3.56,1.4,0.4,2.4,1.6
0,2024-09-29,4,75,26,2.28,3.17,1.0,3.4,2.4,1.2,2.0,2.0
1,2024-09-29,10,62,93,2.45,2.91,0.8,3.51,1.6,0.6,1.0,2.4
2,2024-09-29,10,44,41,2.34,2.97,0.4,3.46,1.6,1.0,2.4,1.4
1,2024-09-29,6,55,53,4.01,1.96,1.4,3.61,0.6,1.2,0.8,0.8
2,2024-09-29,10,66,119,3.93,1.8,2.6,4.31,2.2,2.4,1.4,2.4
0,2024-09-29,1,122,104,5.14,1.62,2.0,4.13,0.2,2.6,1.2,0.4
2,2024-09-29,1,48,8,4.11,1.96,1.2,3.5,1.0,1.0,1.2,1.0
0,2024-09-29,1,46,0,3.21,2.25,0.6,3.5,1.6,1.6,2.4,1.4
2,2024-09-29,4,11,89,6.4,1.48,1.2,4.64,1.4,1.2,1.2,1.4
1,2024-09-29,4,47,69,3.66,2.13,1.4,3.31,1.6,1.6,0.6,1.6
0,2024-09-29,10,91,38,2.3,3.05,0.6,3.3,1.0,0.8,1.6,1.0
0,2024-09-29,10,117,34,1.34,8.34,0.0,5.46,1.4,0.6,3.2,1.8
2,2024-09-30,10,71,17,2.51,2.71,0.8,3.58,1.6,1.8,2.8,2.4
0,2024-09-30,4,22,110,3.79,2.04,1.4,3.39,1.2,1.2,1.2,0.8
2,2024-09-30,10,114,113,9.43,1.32,1.0,5.21,1.2,1.6,1.4,1.0
1,2024-10-04,10,117,2,2.67,2.56,0.0,3.59,1.2,0.6,2.6,1.0
1,2024-10-04,10,41,28,4.3,1.91,1.0,3.34,1.6,0.8,1.4,1.2
2,2024-10-04,10,111,77,3.14,2.43,1.2,2.97,1.8,1.0,1.0,1.6
2,2024-10-05,1,13,46,4.5,1.69,1.0,4.28,0.4,1.2,1.6,1.2
1,2024-10-05,1,104,14,2.72,2.72,0.8,3.23,1.8,1.0,1.4,1.4
0,2024-10-05,1,122,48,3.04,2.35,2.0,3.35,1.8,2.8,1.4,1.4
2,2024-10-05,9,121,45,2.26,3.17,0.0,3.45,1.4,0.4,2.4,1.4
1,2024-10-05,9,94,126,6.83,1.47,1.0,4.49,1.4,0.8,1.0,1.2
2,2024-10-05,10,18,78,8.03,1.38,1.6,4.71,1.4,1.8,1.0,1.2
1,2024-10-05,10,74,114,2.35,3.39,1.4,2.93,1.0,0.6,0.2,1.2
2,2024-10-05,6,127,73,12.54,1.21,2.0,6.98,0.4,1.4,0.6,1.0
1,2024-10-05,6,7,76,4.52,1.8,1.4,3.79,0.8,1.4,1.8,0.8
1,2024-10-05,10,113,109,2.11,3.85,1.2,2.97,2.0,0.8,1.4,1.2
1,2024-10-05,9,61,57,3.91,1.89,2.6,3.86,0.8,2.2,1.0,1.0
2,2024-10-05,4,24,75,2.86,2.42,1.4,3.51,1.0,1.0,1.6,1.6
1,2024-10-05,4,64,80,6.52,1.48,0.6,4.45,1.6,0.2,0.6,0.8
2,2024-10-05,6,97,39,4.35,1.82,1.2,3.84,0.8,1.0,1.2,1.2
2,2024-10-05,6,85,6,3.64,2.24,1.0,3.37,0.6,0.6,0.8,1.2
2,2024-10-06,1,100,88,1.98,3.52,2.0,3.86,2.0,2.0,1.8,2.0
1,2024-10-06,10,82,62,5.33,1.63,1.4,4.14,1.0,1.6,1.4,0.8
0,2024-10-06,10,96,71,1.65,4.93,0.8,4.29,1.4,1.2,2.2,2.4
2,2024-10-06,10,38,44,9.19,1.33,1.6,5.15,1.0,1.2,1.0,1.0
1,2024-10-06,10,119,3,2.25,3.05,2.0,3.57,1.8,2.4,1.4,2.2
2,2024-10-06,10,33,36,2.33,3.1,0.4,3.27,1.6,1.0,2.6,1.0
0,2024-10-06,10,35,91,2.82,2.7,1.6,2.95,0.6,2.0,1.4,0.8
2,2024-10-06,1,56,0,4.92,1.62,0.8,4.26,2.0,1.4,2.2,1.4
0,2024-10-06,1,8,86,1.75,4.37,0.4,4.06,1.6,0.6,1.4,1.4
0,2024-10-06,4,47,12,5.23,1.78,1.4,3.36,0.6,1.6,0.6,0.8
1,2024-10-06,4,23,22,1.93,3.87,0.8,3.69,1.4,1.0,1.6,1.2
1,2024-10-06,9,128,60,2.98,2.34,2.0,3.41,1.6,1.4,1.0,1.4
2,2024-10-06,9,16,125,2.88,2.35,1.4,3.58,1.2,1.8,0.8,1.8
1,2024-10-06,9,98,92,2.54,2.54,1.4,3.81,1.4,1.6,1.2,1.0
2,2024-10-06,6,54,53,8.4,1.36,3.0,5.44,0.6,2.6,0.4,0.6
2,2024-10-06,6,59,55,5.66,1.55,2.4,4.39,1.6,2.6,1.8,1.2
0,2024-10-06,6,30,19,2.85,2.43,1.6,3.53,2.0,1.8,1.4,2.0
2,2024-10-06,4,11,69,2.4,2.9,1.8,3.49,1.6,1.6,1.0,1.4
2,2024-10-06,4,26,70,7.24,1.42,2.4,4.85,1.2,2.4,1.4,1.0
2,2024-10-06,4,103,79,9.07,1.3,2.0,5.8,0.8,1.4,0.8,1.4
1,2024-10-06,4,105,110,3.5,2.04,2.0,3.69,1.8,2.4,1.2,0.8
2,2024-10-06,10,17,66,3.26,2.08,1.0,3.88,2.6,1.8,2.4,2.6
1,2024-10-06,6,40,29,3.01,2.89,1.0,2.76,1.0,0.6,1.4,0.4
1,2024-10-06,10,93,34,1.73,4.56,1.2,4.1,1.8,2.0,2.0,2.0
0,2024-10-07,4,89,52,2.06,3.48,1.4,3.61,1.2,1.4,1.6,1.2
0,2024-10-18,6,7,127,1.4,7.33,1.6,5.14,2.4,1.8,1.4,1.6
0,2024-10-18,6,6,40,5.97,1.8,0.4,3.44,0.6,0.6,2.0,0.6
2,2024-10-18,10,44,35,2.81,2.77,1.0,2.94,1.0,1.4,1.6,1.6
2,2024-10-18,10,109,74,4.1,2.25,1.6,2.71,1.4,1.2,0.8,0.8
2,2024-10-18,10,34,117,14.27,1.2,2.0,7.22,0.2,2.0,1.2,0.8
2,2024-10-19,1,100,46,7.77,1.39,2.0,5.09,0.4,2.6,1.6,1.0
0,2024-10-19,6,29,19,1.7,5.27,1.2,3.65,2.0,0.6,0.6,1.6
0,2024-10-19,6,97,54,3.22,2.48,1.6,3.29,3.0,1.6,1.2,3.2
2,2024-10-19,6,53,59,1.85,4.14,0.4,4.08,2.4,0.0,1.8,2.2
1,2024-10-19,6,76,39,1.83,4.37,1.0,3.74,0.8,1.0,1.8,0.8
0,2024-10-19,9,45,128,2.52,2.87,1.4,3.28,1.6,1.4,1.2,1.2
2,2024-10-19,9,125,61,3.47,1.97,1.0,3.89,2.2,1.4,1.2,2.0
2,2024-10-19,9,92,94,4.07,1.87,1.6,3.66,0.6,1.0,1.8,0.6
1,2024-10-19,10,77,18,2.43,3.16,1.6,2.96,1.6,1.8,1.2,1.6
2,2024-10-19,10,91,111,5.3,1.67,1.2,3.72,1.6,1.6,1.0,1.4
0,2024-10-19,1,14,122,2.88,2.42,1.4,3.45,1.4,1.0,1.2,2.4
2,2024-10-19,1,88,8,10.12,1.26,1.4,6.14,0.4,1.0,1.6,0.4
1,2024-10-19,4,12,64,4.13,2.03,1.2,3.23,0.6,1.2,2.0,0.4
0,2024-10-19,4,80,105,1.72,4.51,1.6,4.1,1.6,1.0,0.8,2.2
0,2024-10-19,4,70,24,4.81,1.67,1.2,4.12,1.8,0.6,0.8,1.0
0,2024-10-19,4,79,26,1.57,5.6,0.6,4.41,2.4,1.2,1.8,2.2
0,2024-10-20,10,28,38,1.93,3.97,1.2,3.4,2.2,1.0,1.0,1.8
1,2024-10-20,10,114,33,8.44,1.34,1.2,5.08,1.0,1.2,1.0,1.4
0,2024-10-20,1,0,13,2.11,3.29,2.0,3.66,1.0,1.4,1.4,1.2
1,2024-10-20,10,62,119,2.21,3.26,1.2,3.43,1.6,1.0,1.0,2.4
0,2024-10-20,10,2,82,2.1,3.29,1.4,3.71,1.4,1.4,1.2,1.4
0,2024-10-20,4,52,23,2.89,2.41,1.8,3.43,1.0,1.6,1.2,1.0
2,2024-10-20,4,22,89,11.15,1.23,1.6,6.46,1.2,1.2,0.6,1.2
0,2024-10-20,4,75,47,2.87,2.55,0.8,3.29,0.8,1.6,2.4,1.0
0,2024-10-20,1,104,56,2.22,3.41,1.0,3.47,1.4,1.2,1.4,2.0
2,2024-10-20,9,126,60,1.6,5.21,1.4,4.22,1.8,1.0,1.4,1.2
2,2024-10-20,9,57,121,6.4,1.46,1.0,4.65,0.6,1.4,1.4,0.6
2,2024-10-20,4,69,103,2.7,2.74,1.6,3.22,2.0,1.2,0.8,1.0
2,2024-10-20,9,16,98,3.71,1.95,1.4,3.73,1.0,0.8,0.8,1.6
0,2024-10-20,6,85,30,1.68,4.9,1.0,4.05,1.6,0.6,0.8,2.0
1,2024-10-20,6,73,55,2.79,2.51,0.4,3.6,1.0,1.0,1.8,0.6
2,2024-10-20,10,96,66,1.49,5.9,0.8,4.79,2.0,1.0,2.4,2.0
1,2024-10-20,10,71,93,6.55,1.43,1.4,5.15,0.8,2.6,2.0,1.8
2,2024-10-20,1,86,48,5.65,1.53,2.2,4.7,2.2,1.6,1.0,1.8
2,2024-10-20,4,110,11,5.26,1.64,2.0,4.06,1.8,0.8,0.6,1.4
2,2024-10-21,10,78,113,4.24,2.0,1.4,3.09,0.8,1.2,1.6,1.0
2,2024-10-21,10,36,41,4.6,1.84,1.0,3.42,1.0,0.6,1.2,0.8
2,2024-10-21,10,3,17,2.73,2.56,1.4,3.38,1.4,1.6,1.2,1.8
2,2024-10-23,4,47,70,4.79,1.73,1.4,3.75,0.6,1.4,1.0,0.4
2,2024-10-23,4,105,79,8.14,1.33,1.6,5.58,0.0,1.6,1.2,1.0
2,2024-10-23,4,64,103,2.23,3.2,0.8,3.51,1.4,0.4,0.6,1.2
1,2024-10-23,4,89,75,1.88,4.02,0.6,3.79,0.8,0.6,2.0,1.6
2,2024-10-24,4,26,52,10.79,1.25,2.4,6.19,1.2,2.2,1.2,1.8
1,2024-10-24,4,69,110,3.98,2.02,1.6,3.35,2.6,1.6,1.2,1.4
1,2024-10-24,4,23,12,3.2,2.37,1.6,3.21,0.8,1.4,1.4,0.8
1,2024-10-24,4,24,22,2.13,3.05,1.8,3.94,1.6,1.0,1.4,1.6
1,2024-10-25,10,93,2,3.65,1.92,1.0,3.95,1.4,1.8,1.8,1.4
1,2024-10-25,10,18,91,4.06,2.0,1.2,3.22,1.8,1.0,1.2,1.8
0,2024-10-26,6,39,6,4.8,1.79,0.4,3.66,0.2,0.2,1.6,1.0
1,2024-10-26,6,19,40,12.22,1.29,2.0,5.24,1.2,1.4,0.6,1.0
1,2024-10-26,6,29,7,3.92,2.13,0.6,3.29,1.4,0.4,0.8,1.8
2,2024-10-26,10,111,44,4.31,1.86,1.6,3.4,1.6,1.4,0.8,1.8
0,2024-10-26,10,35,28,2.77,2.72,0.4,2.98,1.2,0.4,2.4,1.0
2,2024-10-26,10,77,78,4.46,1.98,1.2,3.01,2.0,1.4,1.2,1.0
2,2024-10-26,9,57,45,4.47,1.77,1.4,3.79,0.8,1.6,1.2,1.0
1,2024-10-26,4,89,64,2.11,3.39,0.8,3.56,1.2,0.8,1.8,0.8
2,2024-10-26,4,79,47,2.03,3.72,0.0,3.59,1.4,1.0,2.8,1.6
2,2024-10-26,1,13,104,5.36,1.56,1.4,4.42,1.0,1.2,1.4,1.0
1,2024-10-26,1,8,0,3.47,2.13,0.2,3.43,1.4,0.4,1.4,1.2
0,2024-10-26,9,121,16,1.72,4.57,0.6,3.98,1.4,0.6,1.8,0.8
0,2024-10-26,9,61,126,6.18,1.48,1.6,4.67,2.0,1.6,1.4,1.4
2,2024-10-26,1,48,14,3.63,2.03,2.0,3.59,1.4,1.8,1.2,0.8
2,2024-10-27,10,119,96,4.46,1.74,1.6,4.08,1.2,2.0,1.2,1.2
1,2024-10-27,6,127,59,5.97,1.56,2.4,4.3,2.4,2.0,0.6,2.2
0,2024-10-27,6,73,85,3.73,2.17,0.4,3.48,1.0,1.0,1.8,0.6
0,2024-10-27,6,76,97,1.54,6.31,1.2,4.18,1.0,1.2,1.4,1.4
1,2024-10-27,9,94,98,3.49,2.04,0.6,3.62,0.8,0.4,1.2,1.6
2,2024-10-27,9,60,125,3.44,2.02,1.6,3.71,1.4,1.0,1.0,1.4
0,2024-10-27,9,128,92,2.5,2.88,2.0,3.22,2.2,1.4,1.2,1.6
2,2024-10-27,10,66,3,3.25,2.14,1.4,3.68,1.4,1.8,1.8,1.0
0,2024-10-27,6,53,30,1.89,3.85,1.0,3.96,2.0,0.4,1.4,2.4
1,2024-10-27,1,46,86,1.5,5.95,0.2,4.69,2.2,1.2,2.6,1.4
2,2024-10-27,10,117,62,2.59,2.68,0.2,3.4,0.8,1.0,2.8,0.8
1,2024-10-27,10,17,34,2.88,2.47,1.4,3.44,2.0,1.6,1.6,2.0
2,2024-10-27,4,23,80,4.19,1.85,1.8,3.75,1.6,1.4,1.0,0.8
0,2024-10-27,4,110,26,2.32,3.09,2.2,3.22,3.0,1.2,0.2,2.8
2,2024-10-27,4,103,75,5.39,1.61,1.4,4.14,0.8,1.2,1.6,1.4
1,2024-10-27,4,12,24,4.5,1.83,1.0,3.69,2.0,0.8,1.4,1.4
1,2024-10-27,1,122,88,1.75,4.33,1.4,4.2,1.4,1.6,1.4,1.2
1,2024-10-27,10,38,36,4.37,1.78,2.2,3.68,1.4,1.8,1.0,1.4
0,2024-10-27,10,74,113,5.76,1.77,0.8,3.18,0.2,0.4,0.8,0.6
0,2024-10-27,1,56,100,2.6,2.68,2.0,3.51,2.0,2.2,1.0,2.8
2,2024-10-28,4,22,69,3.97,1.97,1.2,3.48,1.2,1.4,1.0,1.0
0,2024-10-28,4,70,105,2.55,2.68,0.4,3.63,2.0,0.8,1.8,2.2
0,2024-10-28,4,52,11,2.88,2.41,1.2,3.49,1.8,1.4,2.0,1.4
0,2024-10-28,6,55,54,1.82,4.51,1.2,3.81,3.0,1.0,0.8,3.2
0,2024-10-28,10,33,109,2.2,3.61,1.2,3.02,1.6,1.4,1.6,1.4
2,2024-10-28,10,41,114,2.15,3.12,1.0,3.45,1.2,0.8,1.8,1.0
2,2024-10-28,10,82,71,2.01,3.58,1.4,3.66,1.6,1.6,1.2,2.4
0,2024-10-29,9,126,57,1.77,4.19,2.0,3.91,2.0,1.6,1.2,2.0
0,2024-10-30,9,94,128,3.54,2.17,0.6,3.23,1.4,0.6,1.4,1.2
1,2024-10-30,9,98,121,7.06,1.4,1.0,5.28,0.6,1.6,1.4,0.8
2,2024-10-30,9,125,16,3.53,2.0,1.2,3.79,1.8,1.2,1.2,1.8
1,2024-10-31,9,45,60,2.18,3.32,0.8,3.44,1.6,0.8,1.6,1.0
1,2024-10-31,9,92,61,4.3,1.81,2.2,3.83,1.4,2.0,0.8,1.8
1,2024-11-01,6,30,39,4.49,1.67,2.0,4.36,0.4,2.4,1.4,0.6
0,2024-11-01,10,44,18,1.68,5.56,1.4,3.71,1.2,1.8,1.4,1.2
1,2024-11-02,1,88,46,10.29,1.25,1.6,6.46,0.2,0.8,1.2,1.2
1,2024-11-02,10,91,77,3.94,2.12,1.4,2.9,1.6,1.8,1.2,1.8
2,2024-11-02,10,28,111,4.27,1.94,1.2,3.26,2.0,1.2,1.2,1.4
1,2024-11-02,1,56,48,4.7,1.86,2.0,3.65,2.4,2.4,1.2,1.8
2,2024-11-02,9,16,121,8.86,1.32,1.8,5.67,0.8,2.2,1.2,1.0
2,2024-11-02,6,59,85,5.03,1.69,2.0,3.97,1.6,1.6,1.0,1.0
1,2024-11-02,1,100,86,3.05,2.35,2.6,3.4,2.2,3.2,1.2,1.4
1,2024-11-02,9,98,94,3.9,1.92,0.6,3.66,0.4,1.2,1.6,0.6
0,2024-11-02,10,96,82,1.93,3.63,1.2,3.86,1.8,1.6,2.8,2.2
0,2024-11-02,6,19,97,3.23,2.36,2.2,3.21,1.4,1.4,0.4,1.6
2,2024-11-02,6,127,29,15.41,1.24,2.0,6.04,0.6,2.0,0.8,0.4
0,2024-11-02,4,80,52,3.33,2.27,1.0,3.33,1.2,0.6,1.4,1.8
0,2024-11-02,4,64,22,2.09,3.38,1.2,3.66,1.6,0.8,0.6,1.6
0,2024-11-02,4,24,103,2.03,3.3,2.2,3.78,1.4,1.4,0.8,1.4
2,2024-11-02,4,11,79,4.82,1.71,1.8,3.9,0.6,1.6,1.4,0.8
1,2024-11-02,4,105,23,6.0,1.5,2.6,4.76,1.8,2.8,0.6,2.0
1,2024-11-02,9,128,125,2.86,2.4,2.0,3.52,1.2,1.4,1.0,1.0
2,2024-11-03,4,69,12,7.87,1.42,1.0,4.53,1.2,1.2,1.2,0.8
0,2024-11-03,10,66,17,2.74,2.51,1.4,3.6,1.0,1.8,1.6,1.2
2,2024-11-03,10,78,74,2.81,2.84,1.4,2.81,0.6,0.8,1.0,0.4
1,2024-11-03,10,109,41,5.98,1.6,1.6,3.83,1.4,1.4,1.0,1.2
1,2024-11-03,10,114,38,2.85,2.38,1.2,3.41,2.2,1.4,1.0,1.4
2,2024-11-03,10,71,119,5.96,1.49,1.4,4.9,1.6,2.2,2.0,1.8
2,2024-11-03,9,57,92,2.76,2.42,2.0,3.61,2.2,2.0,0.6,2.0
1,2024-11-03,10,2,117,3.5,2.0,1.0,3.87,0.8,1.2,1.4,1.4
2,2024-11-03,10,3,62,7.36,1.45,1.2,4.53,0.8,0.8,1.0,0.6
1,2024-11-03,4,47,110,3.55,2.17,1.4,3.27,1.6,1.6,1.4,1.0
2,2024-11-03,6,54,73,8.86,1.33,3.0,5.54,0.4,3.2,0.6,0.8
0,2024-11-03,6,6,76,5.22,1.76,0.8,3.73,1.0,1.2,2.2,1.2
2,2024-11-03,1,13,14,4.21,1.84,2.0,3.76,0.8,1.6,1.0,0.8
2,2024-11-03,1,104,8,2.41,2.99,0.8,3.31,0.2,1.0,1.6,0.6
2,2024-11-03,9,61,45,3.88,1.9,1.0,3.76,0.8,1.6,1.8,0.6
2,2024-11-03,1,0,122,2.21,3.18,1.0,3.5,1.4,1.0,1.8,1.4
2,2024-11-03,9,60,126,8.43,1.36,1.6,5.34,2.0,1.2,1.0,1.4
2,2024-11-03,4,26,89,16.53,1.15,3.0,8.52,0.4,3.0,0.6,0.4
2,2024-11-03,4,75,70,4.07,1.86,0.2,3.81,0.2,1.0,2.2,0.8
1,2024-11-03,6,40,53,2.87,2.8,1.2,3.04,1.0,1.0,1.2,1.0
2,2024-11-03,6,7,55,2.11,3.62,1.0,3.44,0.6,1.4,2.6,0.8
1,2024-11-04,10,34,93,6.81,1.44,2.2,4.8,1.0,1.8,0.8,1.8
2,2024-11-04,10,36,35,7.07,1.51,1.6,3.89,0.2,1.4,0.6,0.2
2,2024-11-04,10,113,33,3.64,2.2,0.8,3.07,1.2,1.0,1.6,1.6
1,2024-11-06,4,23,64,5.19,1.6,1.8,4.36,1.2,2.0,1.0,0.8
0,2024-11-06,4,89,47,1.68,4.86,0.4,4.04,1.4,0.2,1.6,1.4
2,2024-11-06,4,110,80,8.1,1.37,1.2,4.87,0.4,0.8,0.6,0.6
2,2024-11-07,4,103,105,4.73,1.7,1.8,4.15,2.2,1.6,1.4,2.4
1,2024-11-07,4,70,11,2.62,2.59,0.0,3.62,2.4,1.2,3.4,2.0
2,2024-11-07,4,22,75,4.92,1.68,2.2,4.05,0.8,2.6,0.8,1.8
1,2024-11-07,4,52,24,2.48,2.71,1.2,3.69,1.6,1.6,2.4,1.2
1,2024-11-07,4,12,26,1.79,4.68,1.2,3.64,3.0,0.6,1.2,2.6
1,2024-11-08,10,74,33,5.15,1.83,0.4,3.09,1.0,0.4,1.4,1.0
1,2024-11-08,10,117,96,2.99,2.31,1.0,3.58,0.6,1.8,2.0,1.4
1,2024-11-08,10,28,18,2.45,3.31,1.6,2.95,1.6,1.2,1.0,1.4
2,2024-11-09,1,46,104,4.5,1.89,0.4,3.56,1.4,0.8,1.8,1.2
0,2024-11-09,4,47,11,4.62,1.7,2.0,4.11,2.0,1.4,0.6,1.6
0,2024-11-09,4,64,110,2.15,3.58,1.2,3.37,1.6,0.4,1.0,1.0
2,2024-11-09,4,80,89,4.01,1.96,0.2,3.63,0.4,0.6,2.2,0.2
2,2024-11-09,6,59,40,9.36,1.35,2.0,5.02,1.4,1.2,0.8,1.0
2,2024-11-09,6,29,73,3.31,2.44,0.4,3.05,0.2,0.6,1.2,0.8
2,2024-11-09,6,39,53,4.41,1.8,0.4,3.93,1.0,0.8,2.0,1.2
2,2024-11-09,9,121,57,1.62,4.99,0.8,4.29,2.6,0.8,3.0,2.2
0,2024-11-09,9,126,16,1.48,5.9,1.4,4.7,2.4,1.2,1.6,3.2
1,2024-11-09,9,92,128,4.38,1.84,1.6,3.67,1.6,1.8,1.0,1.2
0,2024-11-09,1,48,100,2.02,3.61,2.0,3.61,2.6,1.8,1.2,3.0
0,2024-11-09,1,122,13,2.46,2.86,0.8,3.38,2.4,1.0,1.6,1.6
2,2024-11-09,6,30,76,8.44,1.32,2.0,5.85,1.6,2.2,1.2,1.4
2,2024-11-09,10,36,111,5.7,1.63,1.6,3.73,1.8,1.2,0.4,1.4
2,2024-11-09,10,114,35,7.64,1.44,1.2,4.07,0.0,1.4,1.0,0.2
0,2024-11-09,10,78,91,2.94,2.69,1.8,2.8,1.6,1.2,1.2,1.8
0,2024-11-10,10,113,41,2.74,2.77,1.4,3.0,1.0,1.0,1.2,1.0
1,2024-11-10,4,70,12,3.21,2.5,0.2,2.94,0.8,1.4,3.0,0.4
1,2024-11-10,4,26,103,4.45,1.83,2.6,3.66,1.8,2.4,0.6,1.8
2,2024-11-10,10,93,82,2.57,2.62,1.0,3.59,2.2,1.6,1.6,2.6
2,2024-11-10,10,119,66,2.15,3.22,1.0,3.71,1.2,1.4,1.6,1.6
1,2024-11-10,10,3,34,2.69,2.78,1.6,3.2,1.8,1.2,1.2,1.8
1,2024-11-10,10,17,71,3.32,2.08,1.4,3.61,2.0,1.6,1.2,2.2
0,2024-11-10,4,75,52,6.87,1.45,0.8,4.84,0.8,1.8,1.8,1.4
2,2024-11-10,9,94,61,2.86,2.52,0.6,3.19,1.0,0.8,1.8,1.8
0,2024-11-10,6,55,19,2.16,3.57,0.4,3.32,2.0,0.6,1.4,1.2
0,2024-11-10,10,109,38,2.58,3.13,1.6,2.76,2.2,1.4,1.0,1.4
2,2024-11-10,6,97,7,7.9,1.37,1.8,5.25,1.6,1.6,1.2,1.4
0,2024-11-10,6,6,127,1.51,6.84,0.6,4.28,2.0,1.0,2.4,1.8
1,2024-11-10,6,85,54,1.91,4.32,1.4,3.51,3.0,0.8,1.2,3.0
2,2024-11-10,4,105,22,2.4,2.82,2.0,3.63,2.6,2.4,1.0,2.8
0,2024-11-10,9,45,98,3.11,2.24,0.2,3.6,0.8,0.4,1.8,1.4
1,2024-11-10,10,62,2,2.69,2.49,0.6,3.67,1.2,0.8,1.4,1.8
2,2024-11-10,9,125,60,2.87,2.38,1.4,3.55,1.6,1.0,1.2,1.2
2,2024-11-10,1,86,0,7.03,1.44,1.8,4.84,1.4,1.2,0.8,1.0
2,2024-11-10,1,14,88,1.56,5.44,0.2,4.58,1.6,0.8,1.6,0.8
0,2024-11-10,1,8,56,2.16,3.57,0.2,3.26,1.6,0.6,1.6,1.8
0,2024-11-11,10,44,77,2.51,3.23,1.2,2.77,1.6,1.2,1.0,1.8
2,2024-11-11,4,24,79,5.84,1.51,1.2,4.55,0.6,1.0,1.4,0.4
2,2024-11-11,4,69,23,6.21,1.49,1.4,4.58,1.8,1.8,1.0,1.8
0,2024-11-11,10,74,18,2.4,3.51,0.4,2.79,1.8,0.4,1.4,1.4
2,2024-11-21,10,33,38,1.68,5.24,1.0,3.62,2.2,0.6,0.6,1.6
0,2024-11-22,4,47,12,4.73,1.84,1.4,3.36,0.8,1.0,0.8,0.4
2,2024-11-22,6,85,7,3.99,1.89,1.4,3.51,1.0,1.0,1.4,1.0
0,2024-11-22,10,41,74,3.76,2.27,1.6,2.81,0.2,1.2,1.8,0.2
1,2024-11-22,4,24,22,2.51,2.83,1.2,3.39,2.0,1.0,1.4,2.2
2,2024-11-22,10,71,3,3.49,2.13,1.6,3.53,1.6,1.6,1.6,1.0
2,2024-11-22,10,91,44,5.89,1.63,2.2,3.6,0.6,2.2,1.0,1.0
2,2024-11-23,10,35,109,2.33,3.47,0.0,2.89,1.6,0.2,2.6,1.6
1,2024-11-23,10,18,36,3.77,2.23,1.8,2.8,2.0,1.2,0.8,1.6
2,2024-11-23,6,97,59,3.46,2.09,2.4,3.71,2.0,2.2,0.6,1.0
1,2024-11-23,6,53,54,1.74,4.53,0.8,4.12,2.6,1.4,2.4,2.8
0,2024-11-23,6,19,39,4.28,1.85,2.0,3.68,1.0,1.0,0.8,1.4
1,2024-11-23,1,104,86,1.47,6.56,0.8,4.63,2.2,0.8,1.6,1.4
1,2024-11-23,9,45,121,4.38,1.8,0.2,3.73,0.8,0.6,2.0,0.8
2,2024-11-23,1,100,0,9.79,1.34,2.6,5.25,0.8,3.0,1.0,0.8
1,2024-11-23,9,61,125,2.05,3.1,0.8,3.98,2.0,1.8,2.2,1.4
0,2024-11-23,6,73,127,1.42,7.06,0.2,5.11,2.6,0.8,2.2,2.2
2,2024-11-23,9,57,94,3.88,1.93,2.4,3.53,1.0,1.8,0.2,1.4
0,2024-11-23,1,88,56,4.41,1.75,1.0,3.99,2.0,0.4,1.6,2.0
1,2024-11-24,10,2,119,2.13,3.15,0.8,3.75,1.6,1.6,2.0,1.4
2,2024-11-24,10,82,117,5.88,1.55,2.0,4.26,1.2,2.2,0.6,1.8
2,2024-11-24,6,55,6,3.26,2.34,0.2,3.23,0.6,0.8,1.8,1.2
1,2024-11-24,6,40,30,2.0,3.93,1.2,3.5,2.0,1.2,1.2,2.6
1,2024-11-24,10,96,17,1.56,5.58,0.8,4.48,1.6,1.6,3.0,1.6
2,2024-11-24,1,13,48,3.91,1.92,3.0,3.71,1.4,1.8,0.4,1.6
0,2024-11-24,1,14,46,3.89,2.05,0.8,3.39,1.0,1.0,1.2,1.2
2,2024-11-24,10,38,113,9.14,1.33,1.6,5.03,1.4,1.0,0.6,1.0
2,2024-11-24,10,34,62,10.92,1.26,1.4,6.25,0.6,1.6,1.2,0.8
2,2024-11-24,9,60,128,3.69,2.07,1.4,3.35,1.6,1.2,1.0,1.2
2,2024-11-24,9,16,92,3.16,2.17,2.4,3.56,1.6,3.8,1.2,1.8
1,2024-11-24,9,98,126,7.36,1.39,1.2,5.06,1.2,1.6,1.6,1.2
1,2024-11-24,6,76,29,2.52,3.38,1.0,2.81,1.0,1.2,1.6,1.0
2,2024-11-24,1,122,8,4.49,1.88,0.8,3.47,0.2,0.8,1.2,0.8
0,2024-11-24,10,77,28,3.83,2.28,1.6,2.7,1.6,1.2,1.0,1.0
2,2024-11-25,4,24,12,4.39,1.89,1.2,3.46,1.2,1.0,1.4,0.8
0,2024-11-25,10,111,114,1.92,3.97,1.2,3.49,1.2,0.8,1.0,1.4
1,2024-11-25,10,33,78,3.41,2.39,1.0,2.85,1.2,0.4,0.6,1.2
2,2024-11-25,10,66,93,4.63,1.73,0.6,3.88,1.4,1.0,2.2,1.4
2,2024-11-28,4,24,26,2.21,3.31,1.6,3.45,2.2,1.6,1.4,2.2
2,2024-11-28,4,22,105,3.29,2.18,2.0,3.44,2.0,2.2,1.6,3.0
2,2024-11-29,4,11,103,2.26,3.51,2.0,3.11,2.0,1.6,1.2,1.6
1,2024-11-29,10,33,41,3.3,2.31,1.0,3.12,1.4,0.6,0.8,1.0
2,2024-11-29,10,17,2,8.91,1.33,1.2,5.83,0.8,1.6,1.0,1.2
1,2024-11-29,10,36,77,4.74,1.86,2.2,3.22,1.6,1.8,0.2,1.0
2,2024-11-29,4,69,110,3.79,2.21,2.0,2.96,1.6,2.2,1.0,0.6
1,2024-11-30,6,19,85,4.82,1.81,1.4,3.48,1.4,0.8,1.0,1.2
2,2024-11-30,6,39,76,7.06,1.5,1.6,4.21,1.0,1.8,1.4,0.8
0,2024-11-30,10,113,35,3.28,2.5,1.2,2.86,0.6,0.6,1.0,0.6
1,2024-11-30,9,16,57,4.0,1.88,2.4,3.81,2.4,4.0,1.2,1.6
0,2024-11-30,9,126,61,1.92,3.69,0.8,3.84,1.0,0.8,2.2,1.8
1,2024-11-30,9,128,45,3.52,2.19,1.0,3.29,0.4,1.0,1.6,0.6
1,2024-11-30,1,48,88,1.84,3.99,0.8,3.96,1.0,1.0,1.4,0.6
2,2024-11-30,10,44,78,3.24,2.4,0.6,2.94,1.4,0.6,1.0,1.2
1,2024-11-30,10,28,91,3.22,2.42,2.0,2.98,2.2,1.0,0.6,1.8
2,2024-11-30,6,7,73,3.48,2.22,0.8,3.39,0.2,0.6,2.6,0.8
0,2024-11-30,4,105,22,3.26,2.2,1.4,3.54,2.0,2.0,1.4,2.2
0,2024-11-30,1,46,122,2.38,3.01,1.6,3.33,1.4,1.4,1.6,0.8
1,2024-11-30,1,8,100,1.63,5.47,0.2,3.99,2.6,0.8,1.8,3.4
0,2024-12-01,6,54,97,3.3,2.27,2.2,3.39,2.4,2.4,0.8,2.6
0,2024-12-01,10,114,18,3.61,2.16,1.6,3.17,1.8,1.6,1.2,1.4
0,2024-12-01,1,56,13,3.27,2.26,2.0,3.38,3.0,1.6,1.2,1.6
0,2024-12-01,1,86,14,5.67,1.59,1.8,3.96,0.6,1.2,0.6,1.0
0,2024-12-01,1,0,104,3.4,2.26,0.8,3.21,0.8,0.8,2.6,0.6
0,2024-12-01,9,121,94,2.38,3.09,1.0,3.24,1.0,1.0,2.8,1.4
2,2024-12-01,9,92,60,4.05,1.87,1.0,3.8,2.0,1.4,1.6,2.0
1,2024-12-01,6,29,40,4.28,2.24,1.0,2.73,1.2,0.8,1.0,1.2
2,2024-12-01,4,26,24,12.96,1.22,1.6,6.17,2.2,1.4,1.2,2.2
0,2024-12-01,4,110,69,4.47,1.86,1.4,3.58,2.0,0.6,0.6,1.6
2,2024-12-01,9,125,98,4.03,1.83,1.6,4.02,1.4,1.2,1.2,1.4
0,2024-12-01,6,59,53,5.17,1.57,1.4,4.48,1.0,1.2,1.8,1.8
0,2024-12-01,10,62,96,2.72,2.62,0.4,3.37,1.0,0.8,1.6,1.8
0,2024-12-01,10,119,82,2.6,2.68,1.6,3.41,2.4,1.2,0.8,2.4
0,2024-12-01,10,117,66,1.78,4.3,1.0,4.01,1.2,1.4,1.8,1.2
1,2024-12-01,10,93,3,2.03,3.75,1.2,3.53,1.4,1.0,1.0,0.8
0,2024-12-01,6,127,55,12.0,1.27,2.6,6.23,0.8,2.2,0.6,1.2
1,2024-12-02,6,6,30,2.1,3.26,0.6,3.9,2.2,1.4,2.2,2.6
0,2024-12-02,10,74,38,2.02,4.19,0.8,2.99,1.6,0.4,1.0,1.2
0,2024-12-02,10,109,111,5.99,1.62,1.4,3.67,0.6,1.4,1.2,0.4
1,2024-12-02,4,103,11,8.04,1.38,2.0,5.13,2.6,1.6,1.2,2.2
2,2024-12-02,10,34,71,3.48,2.06,1.8,3.54,1.6,1.6,1.0,1.0
2,2024-12-04,1,88,48,9.52,1.32,0.6,5.67,1.0,0.4,1.0,1.0
2,2024-12-05,4,11,69,2.52,3.03,2.2,3.09,2.4,1.4,0.2,2.6
1,2024-12-06,4,22,26,3.0,2.5,2.0,3.26,1.6,1.6,1.4,1.6
2,2024-12-06,10,91,36,2.98,2.62,1.8,2.92,1.8,1.8,1.2,1.0
0,2024-12-07,1,104,100,1.48,6.84,1.4,4.42,2.2,1.0,1.0,2.6
0,2024-12-07,10,44,28,2.51,3.16,0.6,2.86,2.2,0.4,1.0,1.2
1,2024-12-07,10,77,114,2.2,3.48,1.6,3.03,1.4,1.2,0.8,1.6
2,2024-12-07,1,122,56,2.7,2.63,1.4,3.4,1.4,1.4,1.2,1.4
0,2024-12-07,6,29,85,3.03,2.88,1.2,2.77,1.6,0.8,0.8,1.6
0,2024-12-07,6,127,7,15.01,1.15,2.0,8.89,1.4,1.6,1.2,0.8
1,2024-12-07,9,45,126,5.55,1.58,0.6,4.19,0.2,0.8,1.4,0.2
2,2024-12-07,9,94,125,2.22,3.22,1.4,3.42,2.2,1.6,1.4,1.8
0,2024-12-07,9,61,60,2.74,2.51,1.6,3.51,1.4,1.6,1.4,1.6
2,2024-12-07,6,97,76,17.46,1.18,3.0,7.66,0.8,3.2,0.4,0.6
2,2024-12-07,6,39,55,5.04,1.68,2.0,4.12,1.2,2.4,1.2,1.4
1,2024-12-07,1,88,86,3.35,2.2,1.0,3.56,1.2,1.2,1.0,0.8
1,2024-12-08,9,92,121,9.77,1.3,1.0,5.83,1.0,1.4,1.4,1.0
2,2024-12-08,6,6,73,4.54,1.79,0.8,3.8,0.0,1.2,1.8,0.4
1,2024-12-08,6,54,59,4.08,1.83,1.6,3.95,1.4,1.8,1.4,1.4
2,2024-12-08,1,13,8,7.45,1.49,3.0,4.24,0.4,2.0,0.4,0.8
0,2024-12-08,6,40,19,2.04,4.5,0.8,3.01,1.0,0.6,0.8,1.0
0,2024-12-08,1,46,48,2.95,2.43,1.6,3.43,0.4,1.6,1.4,0.6
2,2024-12-08,6,30,53,7.05,1.4,1.8,5.59,1.0,2.0,1.4,2.0
2,2024-12-08,1,14,0,4.72,1.75,1.2,3.92,0.8,1.2,1.2,0.8
1,2024-12-08,9,98,16,2.37,2.83,1.2,3.6,2.0,1.2,1.4,3.0
2,2024-12-08,10,38,33,9.02,1.33,2.0,5.13,1.2,2.0,0.8,0.4
2,2024-12-08,4,69,11,5.49,1.59,2.4,4.19,2.2,2.6,1.2,1.4
2,2024-12-08,9,57,128,3.96,1.94,2.0,3.58,1.2,1.2,0.4,1.0
0,2024-12-08,10,111,113,4.1,1.98,1.2,3.24,1.2,0.6,1.0,0.8
1,2024-12-08,10,78,41,3.35,2.38,0.8,2.88,1.6,1.0,1.8,1.0
0,2024-12-09,4,26,22,3.66,2.22,1.2,3.14,1.6,1.2,1.2,1.2
2,2024-12-09,10,109,18,2.92,2.72,0.8,2.86,2.2,1.0,1.4,1.2
2,2024-12-09,10,35,74,2.93,2.81,1.2,2.7,0.8,1.0,1.6,0.6
2,2024-12-13,4,22,69,4.45,1.91,2.2,3.28,2.4,2.0,1.0,2.8
0,2024-12-13,10,33,35,3.55,2.31,1.2,2.93,1.8,0.6,0.6,1.2
2,2024-12-13,10,28,78,5.33,1.78,2.2,3.34,1.0,1.0,0.4,1.2
0,2024-12-14,9,16,45,5.84,1.61,2.2,4.0,0.6,2.8,0.8,0.8
1,2024-12-14,10,74,111,4.71,1.89,0.8,3.09,0.6,0.4,1.2,1.0
2,2024-12-14,10,114,91,5.04,1.7,1.6,3.84,2.2,1.4,1.2,1.6
2,2024-12-14,10,109,77,4.94,1.9,0.8,2.97,1.2,1.2,1.6,0.8
0,2024-12-14,9,121,61,1.98,3.42,1.0,3.91,1.4,0.8,2.0,1.4
0,2024-12-14,9,126,94,1.87,4.12,0.4,3.56,2.0,0.4,1.6,2.2
2,2024-12-14,1,88,0,18.46,1.15,1.0,9.24,0.6,1.6,1.4,0.6
0,2024-12-15,9,128,98,3.31,2.19,0.6,3.49,1.2,0.6,1.8,1.0
2,2024-12-15,9,125,92,3.11,2.19,1.6,3.63,1.0,1.4,1.2,1.2
1,2024-12-15,10,113,18,1.78,4.68,1.2,3.53,1.6,1.2,1.8,1.4
0,2024-12-15,9,60,57,3.26,2.21,1.8,3.49,2.0,2.2,1.4,1.2
1,2024-12-15,10,41,38,1.69,4.9,1.2,3.81,2.4,0.8,0.8,2.2
2,2024-12-16,10,36,44,6.71,1.46,1.6,4.18,0.6,1.0,0.8,0.4
1,2024-12-16,4,69,22,3.51,2.23,1.8,3.23,2.6,2.6,1.6,2.0
1,2024-12-20,10,91,109,2.41,3.22,2.0,3.14,1.2,1.6,0.8,1.8
0,2024-12-21,10,44,114,1.61,5.5,0.6,3.99,2.0,0.4,1.2,1.6
1,2024-12-21,10,35,41,3.77,2.03,2.4,3.33,1.2,1.6,1.2,0.8
1,2024-12-22,10,28,36,2.67,2.79,2.2,3.06,1.6,1.2,0.4,1.2
2,2024-12-22,10,18,74,6.23,1.73,1.6,3.15,0.8,1.4,1.0,0.6
2,2024-12-22,10,77,113,4.67,1.92,1.0,3.1,0.8,0.8,1.4,1.2
0,2024-12-23,10,78,38,1.47,6.6,0.4,4.23,2.0,0.8,1.8,2.0
2,2024-12-23,10,111,33,3.5,2.18,0.8,3.22,1.0,1.2,1.8,0.8
0,2025-01-11,4,11,103,2.14,3.46,2.0,3.45,1.6,1.4,1.2,1.2
0,2025-01-11,4,24,105,2.7,2.55,2.0,3.58,0.8,2.0,1.2,1.4
1,2025-01-11,4,64,52,4.35,1.83,1.0,3.73,1.4,0.4,1.2,1.2
0,2025-01-11,4,80,22,3.49,2.05,0.6,3.62,2.2,0.8,2.2,1.8
2,2025-01-12,4,47,89,7.13,1.47,0.8,4.33,0.4,0.6,0.8,0.6
1,2025-01-12,4,26,12,9.12,1.37,1.0,4.8,1.0,1.4,1.6,0.8
2,2025-01-12,4,110,70,5.02,1.74,1.4,3.6,0.4,1.2,1.2,1.2
1,2025-01-13,4,69,79,10.64,1.28,1.4,5.72,0.6,2.6,1.8,0.6
1,2025-01-17,4,22,24,2.7,2.5,2.2,3.48,1.4,1.6,1.0,2.0
1,2025-01-17,10,38,35,8.0,1.42,2.6,4.55,2.6,2.4,0.6,1.4
2,2025-01-17,10,113,91,2.37,3.09,0.8,3.1,1.6,1.4,2.2,1.2
0,2025-01-18,4,79,11,2.59,2.79,0.8,3.37,1.4,0.6,2.0,1.4
1,2025-01-18,10,74,77,3.02,2.53,0.8,2.68,1.0,1.0,1.8,1.0
2,2025-01-18,4,70,47,2.78,2.62,0.4,3.24,1.4,1.0,2.4,0.8
2,2025-01-18,4,52,26,1.65,5.11,1.6,4.13,1.0,1.4,1.4,1.4
1,2025-01-18,9,92,98,4.56,1.69,1.0,4.22,1.6,1.4,1.4,1.2
1,2025-01-18,9,125,121,9.27,1.27,2.0,6.11,1.0,1.8,1.4,1.4
0,2025-01-18,9,94,45,3.68,2.22,2.4,3.07,1.2,2.2,1.0,1.0
2,2025-01-18,10,109,44,8.39,1.42,1.4,4.37,0.6,1.6,1.2,0.4
2,2025-01-18,4,103,64,7.89,1.39,1.6,4.92,0.6,1.2,1.2,0.2
1,2025-01-19,4,105,69,4.59,1.74,1.2,3.95,1.0,1.8,1.6,1.8
0,2025-01-19,4,12,23,2.88,2.55,1.2,3.19,1.2,1.0,1.4,1.4
2,2025-01-19,4,80,110,1.94,4.23,0.6,3.34,1.8,0.8,2.2,1.6
1,2025-01-19,10,33,18,1.98,4.05,0.4,3.29,1.6,0.6,1.4,1.8
1,2025-01-19,10,114,28,5.27,1.7,2.0,3.55,2.2,1.4,1.0,1.0
1,2025-01-19,9,60,16,2.62,2.63,1.2,3.52,1.6,2.0,2.2,1.8
1,2025-01-19,9,57,61,4.14,1.84,2.0,3.77,1.4,1.8,0.6,1.8
2,2025-01-19,9,128,126,4.55,1.77,0.4,3.75,0.4,0.6,2.2,0.4
2,2025-01-20,10,36,78,8.11,1.38,1.2,4.67,0.4,0.8,0.8,0.6
1,2025-01-20,10,41,111,3.61,2.16,0.8,3.11,1.4,0.6,0.8,1.6
2,2025-01-21,4,75,89,8.08,1.38,0.8,4.87,0.2,1.8,1.6,0.4
2,2025-01-24,10,44,113,3.47,2.34,0.6,2.95,1.4,0.6,1.4,2.0
1,2025-01-24,10,28,109,2.33,3.39,1.8,2.85,2.0,1.0,0.4,1.8
1,2025-01-25,4,26,79,11.04,1.29,1.0,5.74,0.8,1.4,1.2,0.8
2,2025-01-25,4,24,80,6.3,1.54,1.4,4.18,1.2,1.8,1.6,1.4
0,2025-01-25,4,11,70,2.73,2.54,1.4,3.41,1.0,1.2,2.0,1.4
2,2025-01-25,4,64,105,2.28,3.07,0.4,3.54,1.4,0.4,1.8,1.8
2,2025-01-25,10,36,114,2.85,2.64,1.6,2.97,1.6,1.0,0.8,1.2
2,2025-01-25,4,23,52,4.51,1.76,1.6,3.9,2.2,1.8,1.0,1.2
1,2025-01-25,9,45,125,2.14,3.28,1.8,3.62,1.6,1.0,0.6,1.4
0,2025-01-25,9,121,60,1.64,4.74,0.6,4.26,1.4,1.2,1.8,2.2
1,2025-01-25,9,126,92,1.5,5.89,0.4,4.57,1.0,0.2,0.8,1.4
0,2025-01-25,10,78,35,2.76,2.76,0.2,2.91,2.2,0.6,2.0,1.2
0,2025-01-26,4,89,22,1.62,5.34,0.0,3.98,2.2,0.6,2.0,1.8
2,2025-01-26,9,98,57,2.6,2.66,1.2,3.43,2.2,1.0,1.0,1.8
0,2025-01-26,4,69,75,4.38,1.81,1.2,3.75,1.2,1.8,1.2,2.0
1,2025-01-26,4,110,12,5.69,1.7,1.2,3.56,1.0,1.6,2.0,0.8
2,2025-01-26,9,61,128,3.45,2.14,1.6,3.41,0.8,1.4,1.6,0.6
2,2025-01-26,9,16,94,5.22,1.68,1.2,3.9,1.8,1.4,1.2,1.4
2,2025-01-26,10,91,74,5.27,1.75,1.0,3.24,0.4,1.2,1.2,0.8
0,2025-01-26,10,111,38,1.85,3.87,1.6,3.63,2.2,1.6,1.2,2.0
1,2025-01-26,4,47,103,2.77,2.81,1.2,2.97,1.6,1.2,1.2,1.2
2,2025-01-27,10,77,33,4.08,2.04,1.2,2.98,0.4,1.0,1.4,0.6
2,2025-01-27,10,18,41,5.87,1.57,1.6,4.02,1.0,1.8,1.4,0.8
2,2025-01-29,4,23,47,2.7,2.76,1.6,3.14,0.8,1.2,1.0,1.0
0,2025-01-29,4,79,64,3.2,2.39,0.4,3.23,1.0,0.8,1.6,0.8
2,2025-01-29,4,103,24,6.68,1.46,1.6,4.75,1.4,1.2,1.2,1.6
0,2025-01-29,4,70,26,2.23,3.37,1.6,3.26,0.6,1.6,1.0,1.0
2,2025-01-29,4,22,11,7.49,1.43,2.2,4.76,1.2,1.8,0.8,1.2
1,2025-01-30,4,12,69,2.16,3.51,1.0,3.33,0.6,0.8,1.4,1.2
0,2025-01-30,4,80,75,1.91,4.01,1.2,3.54,1.8,1.4,1.8,2.4
2,2025-01-30,4,52,89,3.94,1.95,1.6,3.52,0.0,0.8,0.6,0.8
1,2025-01-30,4,110,105,2.74,2.63,0.8,3.27,0.8,1.4,2.0,1.2
1,2025-01-31,10,35,111,4.39,2.0,2.2,2.99,1.0,1.2,0.4,1.4
0,2025-01-31,10,113,28,2.14,3.52,1.4,3.15,1.8,1.8,2.2,0.8
0,2025-02-01,9,57,125,2.86,2.34,1.6,3.48,1.6,2.0,1.0,1.2
2,2025-02-01,10,109,36,3.91,2.14,2.2,3.0,2.0,1.8,0.8,1.0
2,2025-02-01,10,74,44,4.49,2.01,0.4,3.0,0.6,0.6,1.4,0.8
1,2025-02-01,10,33,91,2.46,2.86,0.2,3.21,1.4,0.8,2.0,1.4
0,2025-02-01,4,24,26,2.03,3.55,0.8,3.56,1.0,1.0,2.6,1.6
2,2025-02-01,4,22,52,9.9,1.33,2.2,5.31,2.0,2.0,0.6,0.8
0,2025-02-01,4,64,23,3.38,2.3,1.4,3.25,2.0,1.0,1.0,1.2
2,2025-02-01,9,60,94,3.97,1.94,1.4,3.31,1.8,2.0,2.4,1.6
1,2025-02-01,4,47,80,7.22,1.46,0.8,4.35,1.2,1.2,1.6,1.4
1,2025-02-01,9,92,45,6.09,1.58,1.2,3.99,1.8,1.2,0.8,0.8
1,2025-02-02,10,38,18,3.23,2.3,2.2,3.14,1.6,1.4,0.6,2.0
2,2025-02-02,4,69,70,5.1,1.64,0.8,4.15,1.4,1.6,1.8,1.6
2,2025-02-02,4,105,103,3.47,2.1,1.0,3.55,2.2,1.4,1.6,2.0
0,2025-02-02,4,89,79,2.72,2.67,0.0,3.22,0.4,0.8,2.2,0.8
1,2025-02-02,4,75,12,4.84,1.75,1.8,3.66,0.6,1.4,1.2,1.0
2,2025-02-02,10,114,78,9.8,1.3,1.6,5.45,0.2,1.2,0.8,0.6
0,2025-02-02,9,128,16,1.99,3.6,0.8,3.78,1.2,0.6,1.8,1.6
2,2025-02-02,9,126,121,3.28,2.29,0.4,3.24,0.4,0.2,0.8,1.4
2,2025-02-02,9,61,98,2.99,2.3,2.0,3.62,1.6,1.8,1.6,1.6
2,2025-02-03,10,41,77,3.29,2.4,0.8,2.94,1.6,1.0,1.4,1.4
0,2025-02-03,4,11,110,2.63,2.93,0.6,3.14,1.0,0.8,3.0,1.6
0,2025-02-04,10,44,33,2.67,2.81,0.6,3.01,0.4,1.0,1.6,0.6
2,2025-02-04,10,36,113,9.38,1.35,2.0,4.97,0.8,1.2,0.6,1.2
2,2025-02-04,10,28,74,5.14,1.84,1.8,3.04,1.0,1.2,0.4,1.0
1,2025-02-04,9,94,92,2.61,2.83,1.2,3.27,0.8,1.4,1.8,0.8
1,2025-02-04,9,45,57,2.29,3.17,1.8,3.35,1.4,0.8,0.4,2.0
2,2025-02-05,9,98,60,3.04,2.42,1.6,3.34,2.0,1.4,1.2,2.6
2,2025-02-05,9,125,126,7.77,1.36,1.6,5.09,1.0,1.0,1.0,0.8
2,2025-02-05,10,18,35,5.5,1.6,1.8,3.72,1.8,1.8,1.2,1.0
2,2025-02-05,10,114,109,4.83,2.0,2.0,2.81,2.2,1.8,0.8,1.6
0,2025-02-06,9,121,128,2.08,3.45,0.4,3.57,0.6,1.2,2.2,0.4
0,2025-02-06,4,75,23,3.73,2.0,2.0,3.47,2.4,1.2,0.8,1.6
2,2025-02-06,9,16,61,4.47,1.71,1.6,4.02,2.0,1.6,1.0,2.0
0,2025-02-06,10,78,111,2.74,2.78,0.0,3.02,1.2,0.4,2.4,0.8
1,2025-02-06,10,77,38,1.81,4.93,1.4,3.21,1.8,1.4,1.6,1.2
2,2025-02-06,10,91,41,4.59,1.84,1.0,3.52,1.2,1.0,1.0,1.0
1,2025-02-07,1,100,13,3.56,2.18,2.2,3.26,3.0,2.8,0.6,2.0
1,2025-02-07,10,33,28,2.67,2.87,1.0,2.97,1.8,0.8,1.2,1.0
0,2025-02-08,1,8,46,3.82,2.13,0.2,3.21,1.4,0.4,1.8,1.4
2,2025-02-08,9,125,94,4.85,1.72,2.2,3.88,0.8,2.0,0.6,1.4
1,2025-02-08,9,60,45,4.53,1.88,1.4,3.45,1.8,2.0,2.4,1.0
2,2025-02-08,9,57,126,8.47,1.36,1.0,4.94,0.8,1.8,1.6,0.8
0,2025-02-08,10,113,114,1.53,5.8,0.6,4.15,2.0,1.2,2.4,1.6
2,2025-02-08,4,80,11,2.85,2.59,0.8,3.18,0.6,1.0,1.4,1.0
1,2025-02-08,10,74,36,2.09,4.07,0.8,3.05,2.0,0.8,1.4,1.2
2,2025-02-08,4,70,89,6.69,1.46,1.2,4.6,0.0,1.6,1.6,0.4
0,2025-02-08,1,86,122,4.67,1.74,1.2,3.8,1.8,1.0,0.8,1.8
0,2025-02-08,4,79,22,1.66,5.13,1.0,4.02,2.6,1.0,1.0,2.6
1,2025-02-09,4,23,105,2.18,3.15,3.0,3.62,1.6,1.8,0.8,1.6
1,2025-02-09,1,0,88,1.46,6.5,0.0,4.8,1.6,0.2,3.4,2.2
2,2025-02-09,4,103,12,7.29,1.46,2.0,4.45,0.8,2.0,0.8,1.0
2,2025-02-09,4,52,69,1.88,3.96,1.4,3.78,1.2,0.6,1.2,1.6
2,2025-02-09,4,26,75,5.44,1.67,1.6,3.92,2.0,1.6,1.2,1.4
2,2025-02-09,9,92,16,3.15,2.23,0.8,3.66,2.0,1.2,1.4,1.8
2,2025-02-09,9,61,121,6.24,1.52,2.0,4.31,0.2,2.0,1.2,1.0
0,2025-02-09,9,128,98,2.8,2.33,1.2,3.75,2.0,0.8,1.2,1.6
1,2025-02-09,1,104,48,2.34,3.13,1.4,3.36,0.8,1.0,1.0,1.0
1,2025-02-09,1,56,14,3.5,2.33,1.4,2.99,1.8,1.4,1.6,1.4
1,2025-02-09,10,35,77,3.94,2.24,1.2,2.86,1.6,0.6,0.4,1.2
1,2025-02-09,10,109,78,11.17,1.31,1.6,5.06,0.0,0.8,0.6,0.4
2,2025-02-09,10,38,91,5.38,1.67,1.8,3.7,1.6,1.0,0.4,1.0
2,2025-02-10,4,47,24,5.37,1.65,1.0,3.9,0.8,1.2,1.4,1.4
0,2025-02-10,10,111,18,1.86,4.29,1.6,3.43,2.2,0.8,0.4,1.8
2,2025-02-10,4,110,64,8.04,1.5,1.6,4.01,1.4,1.6,1.4,1.2
2,2025-02-10,10,41,44,4.95,1.76,1.0,3.51,0.6,0.8,1.2,1.0
0,2025-02-14,10,91,35,3.65,2.14,1.4,3.1,1.2,1.0,1.2,0.8
2,2025-02-14,10,17,119,5.97,1.51,1.8,4.58,1.4,1.8,0.8,1.4
2,2025-02-14,10,114,74,9.24,1.38,2.0,4.4,1.0,1.4,0.6,0.6
0,2025-02-15,10,77,111,4.9,1.86,1.2,3.19,1.0,1.0,0.8,0.6
0,2025-02-15,10,28,41,4.98,1.84,1.8,3.21,1.4,1.2,0.6,1.0
2,2025-02-15,9,60,61,3.6,1.95,1.6,3.7,2.0,2.0,1.8,1.8
1,2025-02-15,1,88,104,8.24,1.37,1.8,5.05,1.0,2.0,0.6,0.8
2,2025-02-15,1,122,100,2.33,3.0,2.4,3.49,2.2,2.2,1.2,3.0
1,2025-02-15,4,64,89,4.93,1.72,1.2,3.78,0.0,1.0,1.2,0.8
2,2025-02-15,9,121,125,1.43,6.2,0.2,4.85,2.2,0.8,2.2,2.6
2,2025-02-15,9,94,128,2.9,2.44,0.2,3.26,1.2,1.4,3.2,1.0
0,2025-02-15,4,24,52,4.09,1.82,0.8,3.9,1.8,1.2,2.2,0.8
0,2025-02-15,4,22,70,7.07,1.45,2.6,4.77,1.8,2.8,0.6,2.0
0,2025-02-15,1,14,8,4.33,2.01,2.0,3.22,0.2,1.2,0.6,0.6
2,2025-02-15,4,12,79,4.07,1.96,0.6,3.3,0.8,1.0,1.4,1.0
2,2025-02-16,4,105,47,4.7,1.73,1.2,3.98,1.0,1.4,1.4,1.4
2,2025-02-16,4,103,26,3.27,2.4,2.0,3.11,2.0,1.8,0.8,1.8
0,2025-02-16,10,44,38,1.58,5.63,0.6,3.91,1.8,1.0,1.4,1.2
0,2025-02-16,9,45,92,2.26,3.06,1.4,3.42,1.4,1.0,0.8,1.4
1,2025-02-16,1,46,56,2.07,3.55,1.8,3.45,1.4,1.8,2.0,1.2
1,2025-02-16,1,48,0,4.4,1.85,1.0,3.67,0.2,0.8,1.2,0.2
1,2025-02-16,9,16,57,3.56,2.03,2.0,3.6,1.0,2.0,1.2,1.8
2,2025-02-16,9,126,98,1.86,3.9,0.8,3.82,2.0,1.0,2.2,1.6
0,2025-02-16,4,80,69,1.83,4.22,1.4,3.75,1.0,1.2,1.2,1.6
2,2025-02-16,10,66,62,7.91,1.39,1.8,4.99,0.2,1.4,1.2,0.8
0,2025-02-16,10,96,3,1.68,5.08,1.0,3.96,1.0,1.6,2.2,0.8
0,2025-02-16,10,93,117,5.16,1.71,1.2,3.79,1.0,1.0,1.0,1.2
1,2025-02-16,10,78,18,1.56,6.11,0.2,3.91,2.2,0.8,2.2,2.0
2,2025-02-16,1,13,86,2.54,2.93,2.6,3.2,1.0,2.0,0.6,1.0
0,2025-02-17,10,82,34,2.39,3.06,2.4,3.34,1.8,2.4,0.6,1.6
2,2025-02-17,10,36,33,5.95,1.59,2.0,3.8,1.2,1.4,1.0,1.0
2,2025-02-17,10,109,113,11.01,1.34,1.6,4.8,0.6,1.2,1.0,1.0
2,2025-02-17,4,75,110,3.55,2.13,1.4,3.42,1.6,1.2,1.2,1.4
0,2025-02-17,4,11,23,2.67,2.53,0.6,3.55,2.6,0.8,2.2,2.0
0,2025-02-19,4,12,70,2.61,2.65,1.2,3.47,1.8,1.4,1.4,2.0
1,2025-02-20,4,22,23,6.35,1.49,2.4,4.54,2.6,3.0,1.0,2.2
0,2025-02-20,4,89,26,1.42,6.78,0.2,4.9,2.0,0.8,2.2,2.0
2,2025-02-21,10,35,44,5.33,1.77,1.6,3.26,0.6,1.2,0.8,0.8
0,2025-02-21,10,74,109,2.4,3.54,0.8,2.82,1.6,0.8,1.4,1.4
1,2025-02-21,10,62,82,1.93,4.07,0.2,3.59,1.8,0.8,1.8,1.8
2,2025-02-22,1,0,46,2.81,2.63,0.4,3.16,1.4,0.4,1.8,1.4
0,2025-02-22,1,13,88,2.74,2.63,2.6,3.33,1.8,2.2,0.8,2.0
1,2025-02-22,10,33,114,2.25,3.31,1.0,3.18,2.4,0.8,1.0,1.6
1,2025-02-22,1,104,122,2.16,3.54,1.2,3.31,3.0,0.8,0.8,2.8
2,2025-02-22,10,18,77,7.2,1.58,2.2,3.65,1.0,2.0,0.8,1.0
0,2025-02-22,4,52,105,1.93,3.66,1.8,3.89,1.6,1.0,1.4,1.6
1,2025-02-22,9,98,16,2.08,3.17,1.8,3.89,2.0,1.4,1.4,1.8
2,2025-02-22,9,128,126,5.95,1.57,0.6,4.2,1.4,1.0,1.6,1.2
1,2025-02-22,9,57,45,4.91,1.7,1.0,3.95,0.8,2.0,1.8,1.0
2,2025-02-22,4,70,64,6.43,1.56,1.8,4.05,1.4,2.2,1.6,1.0
2,2025-02-22,4,79,24,3.24,2.22,0.8,3.58,0.6,1.2,1.4,1.2
2,2025-02-23,1,100,14,5.28,1.66,1.6,3.94,1.4,2.6,1.2,1.0
2,2025-02-23,9,61,94,3.4,2.12,1.8,3.47,0.8,1.8,1.4,1.8
1,2025-02-23,1,8,48,2.93,2.51,0.8,3.27,1.2,1.0,1.8,1.0
2,2025-02-23,1,56,86,2.24,3.3,1.0,3.34,0.4,0.8,1.2,0.8
2,2025-02-23,4,89,12,2.45,2.98,0.2,3.35,1.0,0.6,1.6,1.4
2,2025-02-23,9,92,121,7.92,1.39,1.8,4.9,0.6,1.6,1.2,1.0
0,2025-02-23,4,110,22,1.99,3.9,1.6,3.52,2.0,1.2,1.0,2.4
2,2025-02-23,4,69,11,8.33,1.36,1.4,5.32,0.0,2.2,2.0,0.6
2,2025-02-23,4,23,103,2.52,2.86,2.2,3.34,2.0,2.0,1.4,1.8
2,2025-02-23,10,3,2,6.43,1.51,1.6,4.3,0.8,1.6,1.0,1.2
2,2025-02-23,10,71,96,6.13,1.48,1.4,4.76,1.0,1.0,1.8,1.4
1,2025-02-23,10,113,78,3.43,2.31,0.0,3.06,0.4,0.8,2.4,0.8
2,2025-02-23,10,38,28,4.95,1.87,2.2,3.08,1.6,1.4,0.2,1.0
1,2025-02-23,10,117,17,1.58,5.57,1.0,4.21,2.2,1.0,1.8,2.6
2,2025-02-23,10,34,66,3.82,1.97,2.2,3.63,1.8,2.0,1.2,1.2
2,2025-02-23,4,47,75,3.43,2.2,1.0,3.35,1.4,1.2,1.4,1.0
2,2025-02-23,9,125,60,3.74,1.98,2.0,3.6,2.0,2.6,0.8,2.0
2,2025-02-24,4,26,80,9.7,1.3,2.4,5.64,0.8,2.0,1.2,1.0
0,2025-02-24,10,119,93,3.58,2.04,0.8,3.67,1.0,0.8,1.6,0.8
0,2025-02-24,10,111,91,2.58,2.91,1.4,3.01,1.4,0.6,1.0,1.0
0,2025-02-24,10,41,36,2.09,3.44,1.8,3.34,2.0,1.2,1.0,1.2
2,2025-02-26,4,24,110,3.39,2.14,0.0,3.72,1.4,0.8,2.6,1.2
0,2025-02-26,10,2,71,1.77,4.11,0.6,4.15,2.0,1.0,2.0,1.6
0,2025-02-26,4,103,52,7.72,1.39,1.8,4.99,1.8,1.6,0.8,1.0
2,2025-02-26,4,64,69,1.88,4.25,0.8,3.56,2.0,0.8,1.4,2.4
2,2025-02-27,4,75,79,6.08,1.51,0.8,4.39,1.2,1.0,1.4,1.4
2,2025-02-27,4,105,80,9.85,1.28,2.2,6.14,0.8,2.2,1.0,0.8
2,2025-02-27,4,11,47,2.02,3.75,0.0,3.62,1.4,0.8,2.4,1.4
1,2025-02-28,10,82,3,2.44,3.23,1.4,3.08,1.6,1.0,0.8,2.0
1,2025-02-28,10,91,18,1.95,4.02,1.4,3.39,2.2,1.0,1.4,1.8
0,2025-02-28,10,113,74,2.27,3.49,0.2,2.92,0.8,0.8,1.8,0.8
1,2025-02-28,6,29,59,2.34,3.46,1.0,3.21,1.4,1.0,1.2,1.2
1,2025-03-01,4,52,75,2.07,3.36,1.8,3.61,1.2,1.0,2.0,1.4
2,2025-03-01,4,22,105,3.26,2.06,2.0,3.82,2.6,2.2,1.0,3.0
2,2025-03-01,1,86,8,7.86,1.44,0.2,4.47,1.0,1.0,2.0,1.0
1,2025-03-01,4,64,26,1.7,5.06,0.8,3.79,2.4,0.8,1.4,1.6
0,2025-03-01,1,48,122,2.44,2.89,1.2,3.48,2.6,0.8,1.0,3.0
0,2025-03-01,10,109,33,5.5,1.63,2.0,3.6,1.2,1.6,1.2,1.0
2,2025-03-01,6,76,7,2.86,2.56,0.8,3.26,1.8,0.6,2.0,1.0
2,2025-03-01,10,114,41,6.54,1.44,2.6,4.63,1.8,2.0,0.8,1.2
0,2025-03-01,9,57,92,2.8,2.42,1.2,3.44,2.2,2.0,1.6,2.2
2,2025-03-01,9,121,98,1.63,4.71,0.6,4.2,1.4,0.8,2.2,1.2
1,2025-03-01,6,127,19,4.93,1.83,1.8,3.53,1.4,1.6,1.4,1.2
2,2025-03-01,9,16,94,5.16,1.63,1.6,4.2,0.8,1.4,1.2,1.8
0,2025-03-01,1,46,13,1.88,4.18,0.8,3.6,2.0,1.4,2.4,2.0
2,2025-03-01,6,6,85,3.63,2.24,0.8,3.25,1.6,0.8,1.4,1.8
1,2025-03-01,6,54,55,7.11,1.45,1.2,4.52,1.2,1.4,1.2,1.4
1,2025-03-02,10,2,34,1.4,7.34,0.4,4.96,2.6,0.6,1.8,1.8
2,2025-03-02,10,66,71,3.41,2.12,1.8,3.53,2.0,1.0,0.4,1.6
2,2025-03-02,10,119,117,4.37,1.82,0.8,3.85,1.0,0.8,2.0,0.8
0,2025-03-02,10,96,93,2.05,3.54,1.0,3.68,1.4,1.6,2.0,1.2
2,2025-03-02,10,78,77,2.59,3.1,0.6,2.76,0.4,0.8,1.6,0.4
1,2025-03-02,10,36,38,2.07,3.77,2.0,3.11,2.2,1.6,1.0,1.6
1,2025-03-02,9,126,61,2.27,3.07,1.2,3.51,1.8,1.4,2.4,1.6
1,2025-03-02,6,39,30,2.64,2.65,2.6,3.65,1.8,2.6,0.8,2.0
2,2025-03-02,6,53,40,3.78,2.24,1.0,3.16,0.6,1.6,2.2,0.6
0,2025-03-02,1,0,56,1.9,4.02,1.0,3.65,1.0,1.2,1.6,0.8
2,2025-03-02,1,14,104,4.2,2.09,1.4,3.03,1.2,1.0,1.2,1.4
2,2025-03-02,1,88,100,4.17,1.93,1.8,3.6,1.6,1.4,0.6,1.6
0,2025-03-02,4,110,47,2.48,3.08,1.2,3.11,1.4,1.4,2.0,1.4
0,2025-03-02,4,70,103,2.76,2.52,2.4,3.46,1.2,2.6,1.2,0.8
2,2025-03-02,4,23,24,4.91,1.63,2.2,4.35,0.6,1.8,1.2,1.6
2,2025-03-02,6,97,73,10.66,1.28,3.0,6.59,0.0,3.4,0.4,0.2
2,2025-03-02,9,45,125,1.99,3.48,0.8,3.67,2.4,1.4,1.6,2.8
2,2025-03-02,4,80,79,3.3,2.32,0.8,3.25,1.2,0.8,2.2,1.6
0,2025-03-02,9,60,128,4.02,1.93,1.4,3.58,1.2,1.4,1.2,1.2
2,2025-03-03,4,12,11,3.66,2.07,0.8,3.53,0.6,0.8,2.0,1.4
1,2025-03-03,10,44,111,2.77,2.72,0.0,2.96,1.4,0.4,1.8,0.8
2,2025-03-03,10,28,35,4.35,1.96,1.4,3.11,1.6,1.2,1.2,1.2
2,2025-03-03,4,69,89,10.84,1.24,1.8,6.33,0.8,1.8,1.2,1.0
1,2025-03-03,10,17,62,10.48,1.3,1.8,5.46,0.4,2.0,1.2,0.6
1,2025-03-07,6,59,6,4.54,1.74,1.0,4.0,1.4,1.2,2.0,1.2
0,2025-03-07,10,74,78,4.33,2.0,0.8,3.08,1.2,0.6,1.0,0.8
1,2025-03-07,10,41,109,2.17,3.32,1.2,3.34,1.4,0.8,1.0,1.2
2,2025-03-07,10,71,117,7.99,1.4,1.8,4.81,0.8,1.6,1.6,0.8
0,2025-03-07,6,76,54,1.89,4.61,0.8,3.47,0.8,0.6,2.2,0.8
2,2025-03-08,10,77,91,3.45,2.35,0.4,2.83,1.4,0.2,1.0,1.2
2,2025-03-08,9,125,57,3.59,1.98,1.8,3.74,1.2,2.4,0.8,1.8
0,2025-03-08,6,73,39,1.91,3.64,0.0,4.03,2.6,0.2,1.4,2.6
2,2025-03-08,6,30,29,5.29,1.7,1.8,3.91,1.2,2.0,1.0,1.0
2,2025-03-08,9,98,45,4.31,1.85,1.4,3.77,1.2,1.2,1.8,1.4
2,2025-03-08,9,126,121,3.62,2.05,0.8,3.53,1.2,1.2,2.8,1.6
0,2025-03-08,6,40,127,1.46,7.98,0.4,4.32,1.4,0.4,1.0,1.2
2,2025-03-08,4,11,52,3.23,2.29,0.6,3.38,2.0,1.2,2.0,1.4
2,2025-03-08,4,103,80,9.82,1.31,1.8,5.52,1.2,1.2,1.0,1.0
2,2025-03-08,6,19,53,5.12,1.68,1.6,3.92,1.4,1.2,1.0,1.6
2,2025-03-08,4,105,70,5.4,1.53,2.0,4.72,2.4,2.8,1.4,2.8
2,2025-03-08,10,35,36,2.54,3.01,1.4,3.0,2.2,1.2,1.4,1.4
0,2025-03-08,4,79,110,2.41,3.17,0.6,3.15,0.6,1.2,1.8,0.8
2,2025-03-09,10,38,114,3.73,2.15,2.2,3.15,2.6,1.4,0.2,1.4
2,2025-03-09,10,18,44,12.3,1.24,2.2,5.85,0.2,1.8,0.6,0.4
0,2025-03-09,6,55,7,3.45,2.23,1.4,3.33,1.2,1.6,1.8,0.8
2,2025-03-09,6,85,97,1.75,5.18,1.6,3.58,3.0,2.0,1.4,3.4
2,2025-03-09,4,89,23,1.87,3.94,0.8,3.77,2.2,1.4,1.8,1.8
2,2025-03-09,1,48,86,1.83,4.15,1.2,3.78,0.8,0.8,0.8,2.0
0,2025-03-09,1,46,100,1.65,5.27,0.8,3.93,1.4,1.0,2.0,1.6
0,2025-03-09,1,122,14,4.21,1.92,2.6,3.46,1.4,2.8,1.0,1.2
2,2025-03-09,1,56,104,6.92,1.48,1.6,4.39,0.6,1.0,0.8,1.0
2,2025-03-09,1,13,0,8.1,1.43,2.0,4.43,1.0,1.8,1.0,1.2
1,2025-03-09,9,61,16,2.02,3.26,1.4,3.9,1.6,1.6,1.8,1.6
0,2025-03-09,9,128,92,2.51,2.81,1.8,3.32,2.6,1.8,1.0,2.2
1,2025-03-09,4,26,69,4.01,1.91,2.0,3.69,1.8,1.2,0.8,2.4
1,2025-03-09,1,8,88,1.57,5.98,0.8,4.1,2.2,0.8,2.2,1.6
0,2025-03-09,10,2,66,1.72,4.61,0.4,4.03,2.4,0.2,1.4,1.4
0,2025-03-09,10,93,62,5.26,1.67,1.4,4.01,0.4,1.6,1.0,0.4
1,2025-03-09,10,3,119,6.11,1.56,1.6,4.05,0.8,2.0,0.8,1.2
1,2025-03-09,10,34,96,9.8,1.29,2.6,5.79,0.8,1.6,0.6,1.6
1,2025-03-09,4,75,64,10.85,1.27,1.4,5.84,1.0,1.6,1.6,0.8
2,2025-03-09,9,94,60,2.46,2.89,0.8,3.3,0.8,1.4,2.6,0.8
1,2025-03-09,4,47,22,2.46,3.16,1.8,3.13,2.0,1.4,1.4,2.0
0,2025-03-10,4,24,12,3.6,1.99,0.6,3.69,1.2,1.4,2.0,1.4
2,2025-03-10,10,33,113,6.29,1.55,1.6,3.98,0.2,1.2,0.8,0.6
0,2025-03-10,10,111,28,2.43,3.27,1.4,2.93,1.4,1.0,1.4,1.0
2,2025-03-10,10,82,17,2.27,3.26,1.6,3.33,1.8,1.2,0.8,2.0
2,2025-03-14,10,114,109,4.63,1.88,2.0,3.2,1.6,1.2,0.8,1.4
0,2025-03-14,10,77,33,2.87,2.76,0.8,2.8,1.6,0.4,1.0,1.0
0,2025-03-15,9,98,57,3.21,2.27,1.4,3.47,1.0,1.4,1.8,1.4
0,2025-03-15,9,92,126,7.06,1.44,3.0,4.67,1.4,2.2,0.8,1.4
1,2025-03-15,10,41,78,5.16,1.69,1.4,3.83,1.8,1.0,1.0,1.4
2,2025-03-15,10,18,28,5.31,1.66,2.2,3.58,1.4,2.8,0.6,1.2
2,2025-03-15,4,103,89,9.26,1.31,1.8,5.66,1.4,1.0,0.8,1.4
0,2025-03-15,4,79,105,1.63,5.08,0.6,4.16,2.4,1.2,2.0,3.2
2,2025-03-15,9,128,61,3.06,2.27,1.2,3.47,1.6,1.6,1.6,1.6
2,2025-03-15,4,70,23,3.38,2.11,1.8,3.72,2.0,2.6,2.0,1.4
2,2025-03-15,4,80,64,3.34,2.23,0.6,3.3,1.2,0.8,2.2,1.0
2,2025-03-15,6,59,30,3.27,2.22,0.6,3.68,1.8,1.0,2.0,2.2
2,2025-03-15,6,29,55,3.39,2.38,0.6,3.11,1.4,0.6,1.6,1.4
1,2025-03-15,6,53,6,2.22,3.19,1.4,3.45,1.6,1.4,1.6,1.2
2,2025-03-15,6,73,40,3.23,2.39,0.0,3.29,0.4,0.2,1.4,0.2
2,2025-03-16,10,62,71,1.84,4.07,1.0,3.91,1.8,0.4,0.8,2.0
2,2025-03-16,10,66,82,4.27,1.87,2.4,3.71,1.6,2.0,0.6,1.6
0,2025-03-16,10,96,2,2.85,2.41,0.8,3.49,0.2,1.4,2.2,0.4
1,2025-03-16,10,38,36,5.03,1.78,2.6,3.48,1.6,1.6,0.2,1.0
2,2025-03-16,10,111,74,3.17,2.43,0.8,2.98,0.8,0.8,1.8,1.0
1,2025-03-16,10,35,113,5.98,1.59,2.0,3.82,0.2,1.4,1.2,0.4
0,2025-03-16,4,12,22,1.86,4.06,1.8,3.74,1.6,2.0,2.4,1.6
2,2025-03-16,10,117,3,1.59,5.61,0.8,4.04,1.8,1.0,2.2,2.2
1,2025-03-16,10,17,93,5.07,1.64,1.6,4.21,1.4,2.0,1.6,1.6
1,2025-03-16,9,45,94,2.58,2.85,1.0,3.23,1.2,1.2,1.6,1.2
0,2025-03-16,9,16,125,3.18,2.17,1.2,3.72,1.8,1.4,1.2,1.8
1,2025-03-16,1,0,8,2.56,2.93,1.0,3.17,1.0,1.2,1.4,1.0
2,2025-03-16,1,14,48,3.77,2.1,1.4,3.32,1.2,1.2,1.4,0.6
2,2025-03-16,1,88,122,5.98,1.5,1.8,4.67,2.0,1.2,0.6,2.6
2,2025-03-16,1,86,46,11.26,1.29,0.6,5.76,0.8,1.8,1.8,1.2
0,2025-03-16,6,7,19,1.97,4.07,1.8,3.42,1.6,1.2,1.2,1.0
2,2025-03-16,1,100,56,4.35,1.8,1.4,3.91,2.2,1.4,2.0,1.2
2,2025-03-16,6,85,76,3.16,2.47,2.0,3.1,0.8,2.2,1.4,0.4
0,2025-03-16,1,104,13,1.98,3.96,0.6,3.55,2.0,1.2,1.6,1.6
0,2025-03-16,6,39,54,3.26,2.32,2.6,3.45,1.2,2.4,0.8,1.2
1,2025-03-16,4,52,47,2.5,3.05,1.4,3.08,1.4,1.0,1.6,1.0
2,2025-03-16,4,26,11,11.76,1.26,1.6,5.75,1.2,1.0,0.8,1.4
2,2025-03-16,9,60,121,8.92,1.34,0.8,5.41,1.2,0.8,1.4,1.8
2,2025-03-16,10,119,34,1.8,4.52,0.8,3.71,2.2,1.4,2.4,1.4
2,2025-03-16,6,97,127,2.97,2.67,2.4,3.12,1.4,2.8,0.8,1.2
0,2025-03-17,10,91,44,7.17,1.44,0.8,4.19,0.2,1.0,1.8,0.4
2,2025-03-17,4,75,24,8.56,1.3,1.6,5.63,0.6,1.6,1.4,1.8
0,2025-03-17,4,110,69,2.58,2.84,0.6,3.23,2.0,1.2,2.0,2.4
1,2025-03-28,10,113,77,2.36,3.36,0.4,2.89,0.6,0.6,1.2,0.2
0,2025-03-28,10,91,35,3.61,2.24,0.8,2.98,2.0,1.2,1.6,1.4
2,2025-03-28,6,55,59,2.0,3.94,0.8,3.54,1.2,1.0,2.4,1.0
0,2025-03-28,1,8,56,2.22,3.32,1.2,3.49,2.0,1.2,1.8,1.6
0,2025-03-28,10,2,119,2.63,2.7,0.8,3.44,1.4,1.0,2.0,1.8
2,2025-03-29,4,64,12,2.92,2.6,1.0,3.1,1.2,0.8,1.2,1.6
2,2025-03-29,4,70,80,6.16,1.5,1.8,4.55,1.2,2.4,1.8,0.6
2,2025-03-29,4,52,79,4.73,1.84,1.0,3.49,0.6,0.8,1.6,0.8
2,2025-03-29,9,125,98,4.8,1.65,1.8,4.26,0.8,1.2,0.6,1.0
2,2025-03-29,10,33,41,4.04,1.98,2.0,3.34,1.0,1.2,0.6,0.8
0,2025-03-29,10,36,114,2.61,2.68,1.6,3.2,2.0,1.4,1.0,1.6
0,2025-03-29,9,60,92,3.09,2.34,1.2,3.29,2.4,1.0,1.4,2.2
1,2025-03-29,1,46,104,3.35,2.32,0.2,3.21,0.4,0.8,2.2,1.2
0,2025-03-29,1,48,0,4.35,1.91,1.0,3.41,1.0,0.8,1.8,1.6
2,2025-03-29,6,19,29,6.15,1.67,2.2,3.61,1.0,1.2,0.6,1.4
2,2025-03-29,6,53,76,2.72,2.66,1.4,3.26,0.6,1.2,1.4,0.4
2,2025-03-29,6,30,73,6.53,1.43,1.6,5.43,0.6,2.2,1.0,0.4
1,2025-03-29,9,94,126,4.07,1.9,1.4,3.62,2.0,1.2,1.4,1.8
2,2025-03-29,4,105,75,4.3,1.72,2.4,4.41,1.6,3.4,1.0,2.0
2,2025-03-30,6,127,85,12.68,1.27,0.8,5.72,2.0,1.2,1.4,1.8
0,2025-03-30,10,66,17,3.01,2.26,2.4,3.81,1.2,2.2,1.0,2.2
2,2025-03-30,6,54,40,7.53,1.5,1.6,4.24,0.2,1.0,0.8,0.0
1,2025-03-30,6,6,97,1.95,4.11,1.8,3.48,2.4,1.2,0.8,2.2
2,2025-03-30,10,78,111,3.02,2.59,1.8,2.85,1.4,1.0,0.6,1.0
0,2025-03-30,4,47,26,2.48,3.0,1.6,3.21,2.2,1.0,1.0,1.4
2,2025-03-30,10,3,71,3.9,2.0,1.6,3.57,1.8,2.4,1.2,1.8
2,2025-03-30,10,96,93,1.98,3.68,0.2,3.67,1.4,1.0,2.8,1.8
0,2025-03-30,10,62,117,3.27,2.36,1.6,3.23,1.4,0.6,0.4,1.6
0,2025-03-30,9,121,16,1.5,5.76,1.2,4.71,1.2,1.6,1.4,1.4
0,2025-03-30,9,45,128,2.31,2.96,1.0,3.47,1.8,1.2,1.6,2.0
0,2025-03-30,9,57,61,3.78,1.98,1.0,3.67,1.0,1.0,1.4,1.4
0,2025-03-30,1,86,88,3.12,2.36,1.2,3.47,2.2,2.2,1.2,1.4
2,2025-03-30,4,22,103,5.42,1.73,2.2,3.6,1.8,1.8,0.4,1.2
0,2025-03-30,1,14,13,2.33,3.23,1.8,3.33,2.4,2.0,1.6,1.6
1,2025-03-30,1,122,100,2.36,3.03,1.4,3.36,1.8,2.0,1.2,1.8
0,2025-03-30,4,69,24,7.51,1.34,2.0,5.99,0.6,2.2,1.2,1.8
0,2025-03-30,10,28,38,2.01,3.89,1.2,3.14,2.2,1.2,1.4,1.6
2,2025-03-31,10,34,82,4.89,1.7,1.6,3.89,1.0,1.2,1.0,1.6
0,2025-03-31,4,89,11,2.69,2.41,1.2,3.77,1.2,1.2,1.8,1.2
0,2025-03-31,4,23,110,3.47,2.15,1.4,3.46,0.6,1.2,1.2,1.2
0,2025-03-31,6,7,39,2.1,3.41,1.8,3.63,2.0,1.4,1.0,2.0
2,2025-03-31,10,109,18,2.34,3.28,1.4,2.96,2.2,1.0,1.4,2.6
0,2025-03-31,10,44,74,2.38,3.26,0.8,2.97,0.6,0.8,2.4,0.8
0,2025-04-01,9,92,125,2.87,2.48,2.4,3.37,2.4,2.2,1.0,1.4
0,2025-04-01,9,126,60,1.78,4.35,1.6,3.76,0.6,1.8,1.6,0.6
0,2025-04-02,9,94,121,6.04,1.58,1.0,4.09,0.6,1.0,1.4,1.4
1,2025-04-02,9,128,57,3.67,2.04,2.4,3.59,0.8,2.2,1.4,1.0
2,2025-04-03,9,16,45,8.13,1.38,1.6,4.95,1.0,1.6,1.0,1.2
1,2025-04-03,9,61,98,2.89,2.34,1.6,3.59,0.8,2.2,1.6,1.0
2,2025-04-04,10,74,78,5.57,1.77,1.2,3.36,2.2,1.0,1.2,1.6
2,2025-04-04,10,77,91,2.76,2.86,0.8,2.84,0.8,0.2,1.0,0.8
2,2025-04-04,10,82,66,2.0,3.44,1.0,3.85,1.8,1.4,1.6,2.0
0,2025-04-04,6,76,73,3.3,2.25,0.6,3.53,0.6,0.4,2.0,0.6
2,2025-04-04,1,100,86,2.68,2.65,2.0,3.3,1.2,2.0,1.6,2.0
0,2025-04-05,1,0,8,2.43,3.06,1.4,3.23,0.6,2.0,2.0,0.6
2,2025-04-05,10,111,33,2.5,2.99,0.8,2.96,2.6,0.8,1.8,2.0
2,2025-04-05,10,38,109,6.19,1.65,2.2,3.56,1.4,1.6,1.0,0.6
1,2025-04-05,4,80,23,1.95,3.79,1.2,3.67,1.2,0.6,1.6,1.2
0,2025-04-05,4,24,70,2.83,2.31,1.2,4.0,1.8,2.2,2.6,2.0
1,2025-04-05,4,79,103,2.47,3.15,0.0,3.18,1.8,0.4,2.4,1.2
2,2025-04-05,6,54,7,8.17,1.38,2.2,5.47,1.2,2.0,0.2,1.6
1,2025-04-05,6,59,127,1.72,4.58,1.2,3.88,1.4,1.0,1.6,1.6
1,2025-04-05,6,55,85,3.69,2.17,0.8,3.27,1.8,1.4,2.2,1.4
2,2025-04-05,9,57,94,4.32,1.87,0.8,3.74,1.0,1.0,2.0,1.0
1,2025-04-05,9,121,128,1.82,4.07,1.2,4.0,2.0,1.6,1.4,2.2
1,2025-04-05,9,125,126,8.13,1.36,2.4,5.12,1.6,1.4,0.4,1.6
2,2025-04-05,1,56,46,5.03,1.74,2.4,3.74,0.2,2.0,1.4,0.8
1,2025-04-05,6,40,6,2.08,3.91,0.0,3.22,1.8,0.0,2.0,1.0
0,2025-04-05,1,104,48,3.08,2.42,0.4,3.24,0.8,1.0,1.8,1.0
0,2025-04-06,10,35,44,6.11,1.57,2.0,3.74,0.8,1.2,0.8,0.8
1,2025-04-06,1,13,122,3.61,2.13,2.4,3.36,1.0,1.6,0.4,1.6
2,2025-04-06,1,88,14,5.83,1.58,2.6,4.11,1.8,1.6,0.4,1.8
2,2025-04-06,10,36,28,3.2,2.34,1.0,2.99,1.2,1.4,1.4,1.4
2,2025-04-06,10,93,62,5.12,1.69,1.4,3.99,1.6,2.0,1.4,0.8
0,2025-04-06,6,39,97,2.36,3.01,2.0,3.57,2.0,1.8,1.2,1.6
2,2025-04-06,10,119,96,5.8,1.58,2.0,4.17,0.8,2.4,1.6,1.2
1,2025-04-06,10,117,2,3.08,2.24,1.4,3.62,0.8,1.8,2.2,1.0
0,2025-04-06,10,71,34,2.19,3.18,1.2,3.54,1.6,1.2,1.4,1.0
2,2025-04-06,9,98,92,2.75,2.53,0.8,3.52,1.8,0.8,1.8,1.6
2,2025-04-06,9,16,60,3.32,2.06,2.0,3.65,1.2,1.6,0.8,1.0
2,2025-04-06,9,45,61,2.68,2.69,0.8,3.4,1.2,1.0,1.6,2.0
2,2025-04-06,6,29,53,3.85,2.07,0.8,3.45,1.4,1.4,2.0,1.0
2,2025-04-06,4,26,110,4.87,1.72,2.2,3.61,1.2,1.4,0.4,1.6
2,2025-04-06,4,69,47,4.05,1.96,1.4,3.54,1.0,1.8,1.4,0.6
2,2025-04-06,4,11,64,3.62,2.1,1.8,3.41,1.6,1.6,1.8,1.2
2,2025-04-06,6,19,30,3.29,2.25,2.6,3.53,2.0,1.2,0.2,3.0
1,2025-04-06,4,12,52,3.42,2.18,1.2,3.42,1.6,2.0,2.4,1.2
2,2025-04-06,4,75,22,2.69,2.51,1.6,3.53,2.6,2.2,1.6,2.2
2,2025-04-07,10,17,3,3.33,2.21,1.2,3.44,1.6,1.8,1.8,2.0
2,2025-04-07,10,18,114,3.48,2.15,2.0,3.24,2.0,2.4,0.6,1.6
1,2025-04-07,10,41,113,5.2,1.66,0.4,3.84,0.6,1.0,1.8,0.2
2,2025-04-07,4,105,89,16.67,1.11,2.4,10.26,1.2,3.2,1.4,1.6
2,2025-04-11,4,24,11,3.67,1.82,0.6,4.53,1.8,1.6,2.6,1.4
0,2025-04-11,10,44,78,3.14,2.41,1.4,3.07,2.0,1.0,2.0,1.6
1,2025-04-11,10,35,77,4.36,2.07,1.4,2.93,1.4,0.8,1.0,0.6
1,2025-04-11,10,2,62,3.18,2.39,1.0,3.12,1.4,1.0,1.8,1.0
0,2025-04-11,1,14,122,2.45,3.23,1.8,3.09,1.0,1.8,1.4,1.0
0,2025-04-11,6,97,29,11.15,1.32,2.0,5.38,1.4,1.6,0.6,1.8
2,2025-04-12,6,85,59,2.38,3.1,1.4,3.37,1.2,1.0,1.6,1.2
2,2025-04-12,6,6,39,3.61,2.15,1.4,3.47,1.4,0.8,0.6,1.2
2,2025-04-12,9,121,57,1.85,3.98,0.8,3.88,1.4,0.8,1.4,1.4
0,2025-04-12,9,126,45,3.87,2.03,1.6,3.43,0.8,1.4,1.4,1.4
0,2025-04-12,1,48,56,2.2,3.21,1.2,3.51,2.4,1.6,2.4,1.8
0,2025-04-12,9,128,16,2.29,2.88,1.6,3.76,2.0,1.6,1.6,1.6
2,2025-04-12,1,46,8,2.34,3.23,0.2,3.15,1.0,0.4,1.6,1.2
1,2025-04-12,6,76,30,1.84,4.02,0.6,3.92,1.4,0.6,1.8,2.4
2,2025-04-12,1,104,0,3.01,2.38,0.2,3.37,0.8,0.6,1.8,1.6
0,2025-04-12,10,109,28,3.81,2.12,0.8,3.18,1.2,0.4,1.2,1.2
0,2025-04-12,4,70,75,2.68,2.51,1.8,3.63,1.6,1.8,1.8,2.0
1,2025-04-12,4,64,47,2.39,3.16,1.0,3.15,1.0,1.2,1.4,0.6
0,2025-04-12,10,91,41,3.75,1.9,0.2,3.65,0.6,0.6,1.6,1.0
0,2025-04-12,6,73,19,2.29,3.22,1.2,3.53,2.6,1.0,2.0,1.6
0,2025-04-13,6,53,55,2.39,3.19,1.4,3.11,1.0,1.0,1.2,1.4
1,2025-04-13,10,3,66,3.39,2.2,1.0,3.4,1.8,1.4,1.4,2.2
2,2025-04-13,4,23,79,6.07,1.53,0.8,4.41,0.2,1.2,1.6,0.2
2,2025-04-13,6,7,40,4.7,1.86,0.6,3.51,0.2,1.2,1.6,0.0
1,2025-04-13,4,110,52,4.43,1.84,1.2,3.61,1.2,1.6,1.8,1.2
2,2025-04-13,4,103,69,2.96,2.44,2.0,3.38,2.0,1.2,0.8,2.4
1,2025-04-13,9,60,98,3.66,1.98,1.2,3.68,1.4,1.0,1.4,1.0
2,2025-04-13,9,61,125,2.22,3.08,1.0,3.62,2.6,1.8,1.8,1.6
1,2025-04-13,9,94,92,2.72,2.58,1.0,3.47,1.2,1.0,1.4,1.4
0,2025-04-13,4,12,105,2.05,3.41,1.4,3.83,2.4,2.2,2.2,2.6
0,2025-04-13,10,34,17,3.89,2.03,1.6,3.38,1.6,1.0,0.8,1.8
2,2025-04-13,10,113,111,2.59,2.84,0.6,3.08,1.4,0.4,0.8,0.8
1,2025-04-13,10,114,38,2.48,2.93,1.8,3.17,2.2,1.2,0.8,1.4
2,2025-04-13,6,127,54,5.63,1.62,1.6,4.15,2.6,1.6,0.6,2.2
0,2025-04-13,1,88,100,4.18,1.9,2.6,3.6,2.0,1.8,0.6,2.0
2,2025-04-13,1,86,13,3.48,2.26,1.2,3.25,2.6,1.8,1.2,1.6
2,2025-04-13,10,71,82,3.74,1.96,0.6,3.9,1.4,0.8,1.4,1.8
1,2025-04-13,4,22,26,3.01,2.43,2.0,3.35,2.2,1.8,0.4,1.8
2,2025-04-13,10,119,93,2.98,2.32,2.6,3.64,1.4,2.6,1.0,1.6
0,2025-04-14,10,33,74,3.63,2.24,2.4,2.93,1.8,1.6,0.8,1.2
1,2025-04-14,10,18,36,5.28,1.64,2.0,3.73,1.0,2.4,0.6,1.0
0,2025-04-14,4,89,80,3.58,2.04,0.6,3.75,1.4,1.4,2.6,0.8
2,2025-04-14,10,96,117,2.95,2.42,0.8,3.44,1.4,1.0,2.0,1.6
2,2025-04-16,4,26,23,4.38,1.78,2.2,3.91,0.8,1.6,0.6,1.0
1,2025-04-16,4,52,70,2.99,2.35,1.2,3.53,1.8,0.8,0.6,2.2
2,2025-04-16,4,47,79,7.16,1.47,0.6,4.31,0.2,0.6,1.2,0.2
1,2025-04-16,4,75,103,3.84,2.04,2.0,3.38,2.0,2.6,1.6,1.2
2,2025-04-16,10,93,2,4.5,1.72,0.8,4.17,1.0,1.2,1.6,1.4
0,2025-04-17,10,62,96,3.37,2.22,1.4,3.38,1.4,1.2,1.2,1.0
2,2025-04-17,4,69,22,2.53,2.84,1.4,3.34,1.6,1.8,1.4,1.2
2,2025-04-17,10,82,3,2.48,2.95,1.2,3.33,1.0,2.0,2.6,1.4
2,2025-04-17,10,66,34,2.61,2.77,1.4,3.35,1.4,2.0,1.6,1.2
2,2025-04-17,4,110,89,8.72,1.32,1.4,5.64,0.6,1.6,1.6,1.2
0,2025-04-17,4,64,24,3.62,2.01,1.0,3.75,1.2,1.2,1.4,1.8
0,2025-04-17,4,11,105,1.66,4.73,1.8,4.29,3.0,1.4,1.6,3.2
0,2025-04-17,4,80,12,2.27,3.3,1.4,3.28,0.8,0.8,1.0,2.0
1,2025-04-17,10,117,119,2.25,3.07,1.4,3.67,2.6,1.4,1.6,2.4
2,2025-04-18,1,56,104,5.72,1.63,2.4,3.98,0.8,1.6,1.0,1.4
1,2025-04-18,10,17,71,3.57,1.97,2.0,3.95,1.2,2.0,1.6,1.6
1,2025-04-18,10,111,91,2.43,2.97,1.2,3.18,0.0,0.8,1.6,0.6
2,2025-04-18,10,74,113,5.62,1.7,1.8,3.57,1.2,1.2,1.0,0.8
0,2025-04-19,4,79,70,1.98,3.97,0.2,3.63,2.0,0.0,1.4,2.2
0,2025-04-19,9,45,121,4.62,1.79,1.4,3.82,1.4,1.6,1.4,0.8
1,2025-04-19,1,8,48,3.63,2.18,1.0,3.28,1.2,1.2,1.6,1.6
1,2025-04-19,10,41,35,3.2,2.24,1.2,3.3,1.6,1.8,1.4,1.0
0,2025-04-19,10,36,109,3.49,2.17,1.0,3.19,0.8,1.2,1.4,0.8
0,2025-04-19,6,7,97,1.63,4.96,1.2,4.35,1.4,1.2,1.2,1.4
2,2025-04-19,6,59,76,4.61,1.75,1.0,3.99,0.2,1.0,1.8,0.4
2,2025-04-19,6,54,6,5.01,1.79,2.4,3.55,1.4,2.2,0.8,0.8
2,2025-04-19,6,73,29,3.56,2.16,1.2,3.51,1.8,1.0,2.0,2.0
1,2025-04-19,1,0,46,2.68,2.64,0.8,3.27,0.8,2.0,2.8,0.4
2,2025-04-20,4,103,110,4.18,1.92,1.6,3.53,1.4,1.0,0.8,1.4
1,2025-04-20,4,12,47,1.98,3.9,0.8,3.5,1.0,1.6,2.2,0.8
1,2025-04-20,6,19,55,3.95,1.93,3.0,3.43,1.4,2.0,0.4,1.8
2,2025-04-20,6,127,53,20.28,1.12,2.0,10.68,0.8,2.4,0.8,1.0
0,2025-04-20,6,40,39,2.24,3.32,0.2,3.46,1.2,0.0,1.8,1.2
2,2025-04-20,6,30,85,4.82,1.75,1.4,3.87,2.0,2.4,1.4,1.0
2,2025-04-20,4,22,64,12.16,1.23,1.4,6.3,0.8,1.2,0.6,1.0
0,2025-04-20,1,13,88,2.4,3.09,2.0,3.38,2.0,1.2,0.4,1.4
2,2025-04-20,1,122,86,2.58,2.64,1.0,3.64,1.2,0.8,1.0,1.2
2,2025-04-20,10,38,18,3.72,2.23,2.2,2.91,2.0,1.4,0.8,2.4
2,2025-04-20,10,78,33,2.25,3.28,2.0,3.14,1.8,1.6,0.6,1.4
0,2025-04-20,10,2,96,3.18,2.36,1.0,3.26,1.8,1.2,2.2,1.2
1,2025-04-20,4,105,26,3.93,1.98,3.0,3.6,2.6,2.4,1.0,1.8
2,2025-04-20,1,100,14,6.46,1.53,2.6,4.24,1.2,2.2,1.0,1.6
2,2025-04-21,9,98,94,4.53,1.76,1.0,4.06,0.6,0.6,1.0,0.8
2,2025-04-21,9,92,61,3.73,1.93,0.8,3.91,1.4,1.0,1.2,2.6
2,2025-04-21,9,57,60,3.09,2.34,1.4,3.42,1.4,1.4,1.4,1.0
2,2025-04-21,9,16,126,6.21,1.4,2.4,5.07,1.0,2.2,0.6,1.2
0,2025-04-21,4,23,69,2.96,2.4,0.8,3.53,1.8,1.0,1.4,1.8
0,2025-04-21,4,52,80,5.5,1.6,1.4,4.22,1.4,1.2,0.8,1.0
2,2025-04-21,4,11,75,1.82,3.86,1.2,4.51,2.0,1.2,1.8,2.4
2,2025-04-21,9,125,128,3.81,1.83,2.0,3.95,1.6,1.0,1.4,1.4
2,2025-04-21,10,77,44,5.38,1.75,1.6,3.22,1.2,0.8,0.8,0.8
0,2025-04-21,4,89,24,2.56,2.53,0.0,4.07,1.8,0.8,2.4,1.6
0,2025-04-21,10,28,114,1.92,4.0,1.2,3.36,1.4,1.6,1.6,1.0
2,2025-04-21,10,34,3,4.6,1.85,1.2,3.48,0.8,1.4,1.8,1.4
0,2025-04-21,10,117,93,2.1,3.23,1.6,3.79,1.4,1.8,1.6,2.0
1,2025-04-21,10,119,62,4.07,1.83,2.6,3.8,0.8,2.8,1.4,1.0
2,2025-04-21,10,17,82,4.17,1.79,2.2,4.01,1.2,1.6,0.8,1.8
0,2025-04-22,1,46,48,3.71,2.06,1.0,3.45,0.8,0.2,0.8,1.4
2,2025-04-22,1,104,8,2.2,3.51,0.8,3.16,1.0,1.2,2.0,1.2
0,2025-04-22,1,0,56,1.88,4.11,1.0,3.74,2.4,2.0,2.4,1.6
2,2025-04-22,10,71,66,2.88,2.31,0.8,3.82,1.4,1.0,1.2,2.0
1,2025-04-23,1,88,122,4.53,1.77,2.4,3.93,1.6,1.8,0.8,1.6
2,2025-04-23,1,13,100,2.67,2.71,1.4,3.33,2.6,1.0,1.0,2.2
2,2025-04-23,1,14,86,2.01,3.63,0.6,3.71,1.2,1.2,1.8,1.2
0,2025-04-25,10,91,74,4.37,2.01,0.2,3.23,2.4,0.8,2.2,1.2
1,2025-04-25,10,82,17,2.14,3.39,1.2,3.63,2.6,2.0,2.4,2.0
1,2025-04-25,1,48,46,3.75,2.02,1.4,3.48,1.0,1.8,1.2,0.2
1,2025-04-25,10,113,78,3.4,2.21,1.2,3.17,2.0,0.8,1.0,1.6
0,2025-04-25,6,29,54,1.68,5.35,1.8,3.76,2.4,2.2,1.2,2.2
2,2025-04-26,1,8,104,4.58,1.85,0.8,3.6,1.4,0.8,1.4,1.4
2,2025-04-26,1,56,0,5.18,1.58,3.0,4.41,0.8,2.0,0.2,1.8
2,2025-04-26,10,35,111,3.7,2.2,1.2,3.08,1.4,1.0,1.0,1.0
1,2025-04-26,6,30,127,1.76,4.45,1.4,3.97,2.0,2.2,1.6,2.2
2,2025-04-26,10,109,114,2.65,2.75,1.2,3.11,2.0,1.0,1.6,1.4
1,2025-04-26,6,39,59,2.88,2.33,1.2,3.88,1.4,1.2,1.6,1.4
0,2025-04-26,6,97,19,5.79,1.66,2.0,3.92,2.6,1.8,1.0,2.0
2,2025-04-26,6,76,6,2.1,3.67,0.2,3.36,1.2,0.4,1.8,0.8
1,2025-04-27,6,53,7,2.86,2.62,0.8,3.24,0.6,1.0,1.8,1.2
2,2025-04-27,6,85,40,4.0,2.1,1.4,3.25,0.2,0.8,1.6,0.0
2,2025-04-27,6,55,73,4.49,1.79,1.6,4.01,1.8,2.0,1.6,1.2
0,2025-04-27,1,100,13,3.33,2.31,2.0,3.2,1.4,1.6,0.8,1.0
2,2025-04-27,1,122,88,1.93,3.87,1.8,3.76,2.0,1.8,0.8,1.8
0,2025-04-27,10,44,33,1.63,4.92,1.2,4.08,1.2,0.8,1.6,1.2
2,2025-04-27,10,62,93,2.23,3.18,0.4,3.49,1.8,1.0,1.8,2.4
1,2025-04-27,10,96,119,2.35,2.82,2.4,3.77,2.2,1.8,1.0,2.4
0,2025-04-27,10,3,34,2.11,3.42,0.8,3.49,1.8,1.2,1.8,1.6
2,2025-04-27,10,66,71,2.94,2.13,0.8,4.17,1.4,1.6,2.0,1.6
0,2025-04-27,10,36,38,1.92,3.79,1.0,3.44,2.2,1.2,1.6,1.8
1,2025-04-27,1,86,14,5.07,1.64,0.6,4.22,0.6,0.8,2.2,0.8
1,2025-04-28,10,28,18,1.79,4.48,0.6,3.53,1.4,1.2,2.0,1.6
1,2025-04-28,4,52,110,2.75,2.8,1.2,3.06,1.4,1.0,1.0,1.4
0,2025-04-28,4,69,75,4.09,1.9,1.8,3.66,1.4,1.6,1.0,1.8
0,2025-04-28,10,2,117,3.11,2.27,0.4,3.68,1.0,1.0,2.8,1.2
0,2025-04-28,10,77,41,2.68,2.66,1.6,3.12,1.2,1.4,0.8,1.8
1,2025-05-02,10,78,91,2.29,3.04,2.0,3.31,0.2,1.8,0.4,0.6
0,2025-05-02,10,114,36,5.38,1.58,1.4,4.23,0.8,1.0,1.0,0.8
2,2025-05-02,6,7,29,3.63,2.25,0.8,3.21,1.2,1.4,1.8,1.8
1,2025-05-02,1,46,0,4.56,1.8,1.0,3.69,0.2,0.4,1.0,1.2
2,2025-05-02,10,82,71,2.68,2.5,1.4,3.63,1.4,2.0,2.2,1.6
1,2025-05-03,10,33,113,6.37,1.51,1.2,4.41,1.2,1.2,1.6,0.8
2,2025-05-03,10,18,109,5.02,1.92,1.0,3.41,1.8,1.2,1.2,1.4
2,2025-05-03,9,121,45,2.54,2.74,2.0,3.26,1.2,0.8,0.6,1.4
2,2025-05-03,9,57,125,2.99,2.37,1.4,3.51,2.0,1.4,1.4,1.0
1,2025-05-03,6,59,73,4.35,1.7,1.0,4.47,1.2,1.2,1.6,1.0
2,2025-05-03,6,54,85,8.19,1.39,2.4,5.05,1.4,2.6,1.4,1.0
2,2025-05-03,10,41,44,10.97,1.25,1.6,5.66,0.6,2.0,1.4,0.4
0,2025-05-03,1,104,56,1.81,4.17,1.2,4.08,3.0,1.4,2.2,2.8
1,2025-05-04,6,6,19,3.04,2.41,1.0,3.32,2.6,0.6,1.0,2.0
1,2025-05-04,6,40,97,1.63,6.13,0.2,3.99,1.4,0.2,2.0,1.6
2,2025-05-04,1,88,13,4.42,1.78,1.4,4.02,1.4,1.6,1.4,0.8
0,2025-05-04,1,86,122,2.75,2.4,0.8,3.77,2.2,0.8,1.8,2.0
2,2025-05-04,1,48,8,2.58,2.89,1.6,3.09,1.4,1.6,0.8,1.4
0,2025-05-04,1,14,100,2.03,3.72,0.8,3.45,1.8,0.8,1.4,1.4
0,2025-05-04,10,74,35,3.62,2.29,3.0,2.89,1.6,1.8,0.0,1.4
2,2025-05-04,9,94,128,3.51,2.06,0.4,3.68,1.0,0.6,1.4,1.0
2,2025-05-04,10,66,3,4.09,1.8,1.4,4.02,0.2,2.6,1.6,1.0
0,2025-05-04,10,17,34,2.94,2.44,2.2,3.44,1.8,1.6,1.0,2.0
1,2025-05-04,10,93,117,4.14,1.81,1.8,4.01,1.0,2.2,1.0,1.0
1,2025-05-04,10,62,119,2.71,2.61,1.0,3.4,1.8,1.2,1.4,2.0
2,2025-05-04,6,127,76,17.74,1.16,2.2,7.81,0.8,2.2,0.6,0.6
2,2025-05-04,9,16,92,3.97,1.83,3.0,4.1,1.4,3.0,0.2,1.0
0,2025-05-04,9,61,60,2.64,2.63,1.4,3.7,0.8,2.4,1.4,0.6
1,2025-05-04,6,53,39,2.76,2.47,0.8,3.67,1.4,1.2,2.0,1.4
0,2025-05-05,6,55,30,2.71,2.51,2.2,3.72,1.6,2.4,0.8,2.2
2,2025-05-05,10,38,28,8.19,1.43,2.6,4.28,0.8,1.6,0.8,1.2
1,2025-05-05,10,96,2,2.81,2.45,2.0,3.49,0.4,1.8,1.2,1.0
2,2025-05-05,4,69,110,4.85,1.78,1.8,3.59,1.0,1.6,1.0,1.2
2,2025-05-05,10,111,77,3.64,2.16,0.8,3.05,1.6,0.6,2.0,1.4
1,2025-05-06,9,126,98,2.73,2.61,0.4,3.3,1.6,0.6,2.2,0.8
1,2025-05-08,4,75,22,2.43,3.02,2.0,3.26,1.4,1.8,1.2,1.6
2,2025-05-08,4,69,105,3.52,2.19,1.8,3.39,2.6,1.4,0.8,2.2
1,2025-05-09,4,70,103,2.9,2.66,2.0,3.19,1.6,2.0,1.6,0.8
0,2025-05-09,4,23,26,2.17,3.5,0.8,3.3,2.2,0.8,1.4,1.6
2,2025-05-09,10,91,33,3.03,2.29,0.4,3.21,0.8,0.6,2.0,0.6
2,2025-05-09,1,100,88,2.62,2.66,1.8,3.5,1.4,1.2,0.8,1.6
0,2025-05-09,10,44,113,1.3,8.84,0.6,5.2,1.2,0.4,1.6,1.0
1,2025-05-10,6,73,53,3.15,2.03,1.4,4.08,0.4,1.0,1.4,1.0
0,2025-05-10,6,29,127,1.48,7.42,1.2,4.24,2.2,1.8,1.6,1.8
0,2025-05-10,10,41,111,3.69,1.89,2.2,3.71,1.4,1.6,0.6,1.0
2,2025-05-10,6,19,54,2.49,2.73,2.2,3.45,2.4,1.8,0.8,2.0
0,2025-05-10,9,98,121,4.42,1.7,1.8,4.25,2.6,1.0,0.6,1.2
1,2025-05-10,10,114,18,3.53,2.04,0.8,3.42,1.6,0.8,1.2,1.4
2,2025-05-10,10,35,78,3.43,2.11,1.6,3.22,1.6,1.4,1.0,1.0
1,2025-05-10,1,8,46,3.71,2.11,0.8,3.34,1.2,0.8,1.0,0.6
1,2025-05-10,1,56,48,4.5,1.75,3.0,3.89,1.6,3.2,0.4,1.4
0,2025-05-10,9,60,16,2.18,2.93,1.4,4.09,3.0,1.0,1.0,3.6
2,2025-05-10,9,128,45,3.38,2.08,0.4,3.62,1.2,0.8,2.0,1.2
0,2025-05-10,1,0,104,2.51,2.81,0.4,3.47,1.2,1.0,3.2,1.4
1,2025-05-10,9,126,94,3.37,2.25,0.4,3.33,0.8,0.6,2.2,0.8
2,2025-05-11,10,93,96,4.49,1.72,1.4,4.08,2.2,2.0,1.0,2.0
1,2025-05-11,10,71,17,2.03,3.33,1.4,4.04,1.6,2.0,2.4,1.2
1,2025-05-11,9,92,125,2.67,2.38,0.8,3.74,1.4,0.8,1.8,1.2
1,2025-05-11,10,34,66,3.6,2.03,1.8,3.62,2.0,2.4,1.6,3.0
2,2025-05-11,10,119,2,3.81,1.93,1.4,3.97,0.4,1.6,1.4,1.2
0,2025-05-11,10,3,82,2.87,2.5,0.2,3.36,1.4,1.0,2.6,2.2
2,2025-05-11,4,105,69,5.89,1.53,2.0,4.37,2.4,2.0,1.6,1.8
1,2025-05-11,9,61,57,2.79,2.4,0.8,3.7,2.0,1.6,1.6,1.8
2,2025-05-11,4,22,75,4.44,1.79,1.0,3.77,1.6,1.0,0.4,1.6
2,2025-05-11,1,122,14,5.77,1.62,2.6,4.0,0.8,2.2,0.8,0.6
2,2025-05-11,6,7,6,2.23,3.27,1.4,3.4,1.0,1.2,1.2,0.8
0,2025-05-11,6,40,59,2.72,2.71,0.4,3.37,1.2,0.2,1.0,1.2
0,2025-05-11,1,13,86,3.51,2.06,1.2,3.69,0.8,0.8,1.6,0.8
2,2025-05-11,6,30,97,2.52,2.72,1.6,3.69,1.4,1.8,1.4,1.6
2,2025-05-11,6,85,39,3.18,2.37,1.4,3.3,1.0,1.2,1.4,1.0
0,2025-05-11,10,109,38,2.31,3.19,1.2,3.16,2.6,1.2,1.4,1.8
2,2025-05-12,4,26,23,4.57,1.75,2.2,3.84,0.8,2.0,1.4,1.0
1,2025-05-12,4,103,70,4.37,1.8,1.8,3.81,1.6,0.8,0.4,1.6
2,2025-05-12,6,76,55,2.32,3.2,0.8,3.21,1.6,0.8,1.6,1.6
2,2025-05-12,10,117,62,3.77,1.99,1.0,3.64,1.2,1.0,1.8,1.0
0,2025-05-12,10,77,74,3.5,2.44,1.4,2.61,2.4,1.4,1.0,1.6
1,2025-05-12,10,28,36,2.61,2.69,0.8,3.34,1.4,1.2,1.8,1.0
1,2025-05-13,9,94,98,4.82,1.75,1.0,3.71,1.6,0.8,1.2,1.0
2,2025-05-13,9,128,121,2.84,2.26,0.8,3.52,2.6,1.0,1.6,1.6
0,2025-05-14,9,57,16,3.48,2.0,2.0,3.86,3.0,1.6,0.8,4.2
2,2025-05-14,9,45,126,3.4,2.29,1.2,3.2,0.6,1.0,1.6,0.8
1,2025-05-15,4,103,105,4.38,1.97,1.8,3.34,2.0,1.2,0.8,2.0
2,2025-05-15,9,125,61,4.91,1.61,1.0,4.35,0.8,1.0,2.0,1.6
2,2025-05-15,9,92,60,3.64,1.99,1.0,3.73,0.8,0.8,1.6,1.0
2,2025-05-16,4,26,22,3.21,2.52,2.2,3.03,1.6,1.8,1.2,1.4
2,2025-05-16,10,71,3,3.81,1.89,1.0,3.93,0.0,1.4,2.4,1.0
0,2025-05-16,10,28,109,2.47,2.91,1.0,3.07,1.2,1.2,1.6,1.2
1,2025-05-16,10,74,41,3.24,2.1,2.4,3.64,2.0,2.0,0.6,1.6
1,2025-05-17,1,8,0,5.46,1.62,1.0,3.84,0.4,1.2,1.2,0.6
2,2025-05-17,9,98,128,2.72,2.32,1.2,3.88,1.2,1.0,1.4,1.8
1,2025-05-17,9,121,126,3.22,2.23,2.4,3.46,0.4,1.8,1.0,0.6
2,2025-05-17,9,94,45,3.04,2.4,1.2,3.23,1.2,1.0,1.0,1.4
2,2025-05-17,1,48,104,4.38,1.79,1.8,3.75,1.2,1.4,0.4,1.2
1,2025-05-17,10,111,44,18.35,1.1,1.4,9.67,0.0,1.2,1.4,0.0
2,2025-05-17,1,46,56,2.04,3.42,0.8,3.72,2.6,0.8,1.4,3.0
2,2025-05-17,6,53,85,3.35,2.24,0.6,3.55,1.8,1.0,1.6,1.2
1,2025-05-17,6,76,40,4.19,1.99,1.4,3.32,0.2,1.6,1.6,0.2
2,2025-05-17,10,38,114,3.36,2.14,2.6,3.36,1.0,2.0,0.8,1.2
0,2025-05-17,6,73,54,1.65,5.06,1.0,4.45,1.8,0.8,1.4,1.8
0,2025-05-18,6,55,97,2.4,2.72,1.4,3.86,0.8,1.8,2.0,1.0
0,2025-05-18,9,61,92,2.92,2.2,0.8,3.92,1.6,1.6,1.4,1.6
2,2025-05-18,6,30,7,7.02,1.38,2.2,5.72,2.0,2.0,0.8,1.8
1,2025-05-18,6,6,29,3.66,2.12,0.8,3.58,0.6,1.2,1.8,1.0
1,2025-05-18,9,57,60,4.03,1.78,1.4,3.96,0.8,1.6,1.4,1.2
2,2025-05-18,9,125,16,3.93,1.89,1.4,4.1,3.0,1.2,2.0,4.4
2,2025-05-18,1,86,100,2.13,3.17,0.8,3.71,1.8,0.8,1.8,1.6
0,2025-05-18,10,119,117,4.55,1.69,1.4,4.24,1.6,1.8,1.4,1.4
2,2025-05-18,4,105,103,4.26,1.86,1.6,3.53,1.4,1.6,1.4,1.0
2,2025-05-18,10,113,91,2.21,3.09,1.6,3.32,1.0,1.4,1.0,0.8
0,2025-05-18,10,78,77,3.64,2.8,1.6,2.13,0.8,1.0,0.4,1.2
0,2025-05-18,10,82,34,2.07,3.53,2.0,3.61,2.0,2.4,1.6,2.4
2,2025-05-18,10,96,62,2.56,2.73,1.6,3.51,1.0,1.8,1.4,0.6
0,2025-05-18,1,14,88,1.51,5.69,0.8,4.6,1.4,0.4,1.2,1.8
0,2025-05-18,10,2,93,2.29,2.87,0.2,3.94,2.0,1.0,2.6,2.0
0,2025-05-18,6,39,127,1.35,9.21,1.0,5.2,2.6,1.0,1.0,1.8
2,2025-05-18,10,33,35,5.44,1.59,0.8,3.88,2.2,0.6,1.4,1.6
0,2025-05-18,1,122,13,2.85,2.49,2.6,3.18,1.2,2.2,0.6,1.0
0,2025-05-19,10,36,18,2.77,2.46,1.0,3.35,1.2,0.8,1.2,1.4
2,2025-05-19,4,22,26,4.22,1.91,1.4,3.52,2.6,1.4,0.4,2.0
0,2025-05-19,10,17,66,3.12,2.14,1.2,4.07,2.0,1.2,1.6,3.0
1,2025-05-19,6,59,19,2.4,2.99,1.6,3.38,2.2,1.2,0.6,1.4
2,2025-05-22,9,45,98,3.81,1.85,0.6,3.73,1.6,1.2,1.6,1.4
2,2025-05-22,9,121,94,3.82,1.9,2.0,3.67,1.6,2.0,1.4,1.2
2,2025-05-22,9,126,128,2.83,2.31,0.6,3.62,1.2,0.8,2.8,2.2
1,2025-05-23,1,104,46,2.43,3.18,1.2,2.82,1.2,1.6,2.0,1.0
1,2025-05-23,1,56,8,2.25,2.9,2.0,3.57,1.0,2.6,0.6,1.0
0,2025-05-23,1,0,48,2.96,2.26,0.4,3.66,2.2,0.6,3.0,1.8
1,2025-05-23,4,22,105,4.6,1.78,2.0,3.91,1.6,1.8,0.4,2.0
1,2025-05-23,10,18,38,5.92,1.43,1.6,4.5,3.0,2.0,1.4,2.2
2,2025-05-24,10,114,28,5.31,1.56,0.8,4.38,0.4,1.2,1.4,0.6
1,2025-05-24,10,109,36,5.2,1.6,1.8,4.07,0.8,1.4,1.0,0.8
1,2025-05-24,6,29,39,3.1,2.32,0.2,3.37,1.0,0.8,1.6,0.8
1,2025-05-24,9,60,125,2.68,2.37,0.8,4.0,2.0,1.2,2.4,2.4
2,2025-05-24,10,62,2,3.69,1.93,1.0,4.08,0.2,0.8,1.6,1.4
0,2025-05-24,10,93,119,2.42,2.56,2.0,4.08,1.2,1.8,1.0,1.2
0,2025-05-24,10,117,96,2.97,2.17,2.0,3.92,1.6,1.0,1.0,2.4
1,2025-05-24,1,13,14,9.19,1.31,1.8,5.13,0.8,1.2,1.2,0.6
2,2025-05-24,1,88,86,5.73,1.47,1.4,4.86,1.4,1.6,1.6,1.2
1,2025-05-24,9,92,57,5.84,1.53,2.0,4.7,1.6,2.2,2.0,1.8
0,2025-05-24,6,7,59,2.6,2.51,1.4,4.04,1.8,1.8,1.8,1.6
2,2025-05-24,6,19,76,8.03,1.4,1.8,4.97,1.4,1.4,1.0,1.6
1,2025-05-24,6,40,55,2.92,2.56,0.4,3.31,0.8,0.4,1.2,1.2
2,2025-05-24,6,54,30,4.51,1.62,2.4,4.88,2.6,2.0,1.2,2.2
1,2025-05-24,1,100,122,4.26,1.89,1.2,3.58,2.0,1.4,1.6,1.4
2,2025-05-24,6,97,53,6.14,1.41,1.4,5.25,1.2,1.2,1.2,1.4
2,2025-05-24,6,127,6,12.46,1.19,2.6,7.14,0.4,1.2,0.4,1.0
2,2025-05-24,6,85,73,4.05,1.76,1.2,4.26,1.0,1.4,1.8,1.0
2,2025-05-24,9,16,61,3.84,1.74,2.4,4.56,0.2,4.0,2.2,1.2
2,2025-05-25,10,66,82,4.88,1.63,2.0,4.68,1.4,2.6,1.2,1.8
2,2025-05-25,10,34,71,6.8,1.43,2.6,5.21,1.4,2.8,0.6,1.8
0,2025-05-25,10,3,17,1.9,3.51,0.0,4.09,1.0,0.8,2.8,1.4
2,2025-05-26,4,105,22,2.55,2.98,1.6,3.07,1.6,1.6,1.0,0.8
0,2025-07-11,10,65,109,1.43,6.8,0.0,4.51,1.4,0.0,0.0,1.4
0,2025-07-11,10,32,36,2.03,3.55,1.4,3.28,1.0,2.2,2.4,1.2
0,2025-07-12,4,79,12,3.08,2.39,0.2,3.26,1.0,0.0,1.0,1.6
1,2025-07-12,4,52,22,1.88,4.46,0.8,3.4,1.4,0.8,1.2,0.8
2,2025-07-12,4,24,80,5.9,1.5,2.4,4.48,1.4,2.2,0.8,1.2
1,2025-07-12,10,111,114,1.88,3.85,1.6,3.56,0.8,1.0,1.0,1.2
1,2025-07-12,10,38,35,7.81,1.39,2.6,4.8,2.0,1.8,0.6,1.6
1,2025-07-13,10,74,77,3.45,2.31,2.0,2.97,1.2,1.8,0.6,1.4
2,2025-07-13,4,89,110,2.62,2.68,0.0,3.31,1.0,0.8,2.6,0.8
2,2025-07-13,4,105,70,5.91,1.51,2.2,4.53,1.2,1.6,0.4,1.6
2,2025-07-13,10,18,113,10.13,1.35,1.8,4.78,1.6,1.8,1.0,1.4
1,2025-07-13,4,26,64,14.11,1.2,2.0,7.27,0.8,1.8,1.4,1.0
0,2025-07-14,4,23,11,4.77,1.73,0.6,3.52,1.8,1.0,1.8,1.6
1,2025-07-14,10,27,28,2.4,3.2,0.5,3.0,0.4,0.0,1.0,0.8
2,2025-07-14,4,75,69,3.59,2.02,1.0,3.74,1.8,0.6,1.0,1.8
1,2025-07-14,10,33,41,2.94,2.32,1.4,3.23,1.6,1.0,1.4,0.8
2,2025-07-17,4,22,24,8.31,1.3,1.0,5.46,2.4,0.6,1.0,2.0
0,2025-07-17,4,89,105,2.1,3.44,0.6,3.8,2.2,1.0,2.0,1.8
1,2025-07-18,10,35,65,9.99,1.35,2.0,4.54,0.0,1.6,0.8,1.0
2,2025-07-18,10,114,32,6.34,1.53,1.0,4.07,1.2,1.6,1.8,1.8
1,2025-07-18,6,30,15,5.96,1.56,2.0,4.25,0.6,1.6,1.2,1.6
0,2025-07-18,10,119,34,1.55,5.65,1.6,4.34,2.6,1.4,1.0,2.8
0,2025-07-19,4,11,69,2.23,3.03,1.8,3.59,1.2,1.2,1.0,1.4
2,2025-07-19,4,64,79,3.4,2.21,0.4,3.16,0.2,0.4,2.0,0.4
0,2025-07-19,10,77,38,1.84,4.07,0.8,3.35,2.2,0.6,1.2,1.6
1,2025-07-19,10,109,111,5.77,1.61,1.4,3.9,1.6,1.8,1.4,1.4
2,2025-07-19,6,97,29,9.5,1.34,1.4,5.16,0.4,1.6,0.8,0.8
2,2025-07-19,6,59,95,4.55,1.78,1.8,3.86,1.0,1.8,1.0,2.2
2,2025-07-19,4,70,80,4.53,1.71,1.2,3.92,1.4,1.2,1.4,1.2
1,2025-07-19,6,7,55,2.82,2.53,1.4,3.47,0.8,1.6,2.0,1.2
2,2025-07-20,10,17,93,4.95,1.63,1.0,4.27,1.4,1.2,1.8,1.2
1,2025-07-20,10,66,72,6.31,1.44,2.6,4.92,1.2,2.8,1.0,1.6
1,2025-07-20,10,96,3,1.95,3.8,1.6,3.46,0.0,2.4,1.6,1.0
1,2025-07-20,10,117,82,2.2,3.13,2.0,3.6,1.4,1.4,0.8,1.6
0,2025-07-20,6,6,85,3.39,2.24,0.4,3.36,1.8,0.8,1.8,2.0
2,2025-07-20,6,127,39,9.61,1.32,2.6,5.5,0.6,1.6,0.4,0.6
0,2025-07-20,6,76,54,1.43,7.46,1.4,4.77,2.4,1.6,1.4,2.0
1,2025-07-20,10,36,18,2.82,2.4,1.6,3.34,2.2,1.4,1.4,2.0
0,2025-07-20,4,110,75,2.41,2.94,0.8,3.32,1.4,0.8,1.6,1.2
1,2025-07-20,4,12,26,1.71,4.3,1.6,3.93,2.0,1.8,1.6,1.4
2,2025-07-20,4,103,52,8.57,1.38,1.2,4.63,0.8,1.0,1.4,0.8
2,2025-07-20,10,41,74,3.68,2.09,1.6,3.2,1.6,0.8,0.6,1.4
2,2025-07-20,4,23,47,2.31,2.99,0.0,3.26,1.0,0.8,2.0,0.8
0,2025-07-20,10,42,71,2.0,3.51,0.0,3.67,0.8,0.0,0.0,1.2
2,2025-07-21,10,113,27,3.27,2.22,1.6,3.23,0.6666666666666666,1.6,1.0,0.6666666666666666
1,2025-07-21,6,73,19,1.52,6.13,0.4,4.44,2.2,1.0,2.0,1.6
1,2025-07-21,10,28,33,5.63,1.67,0.4,3.7,1.6,1.0,2.0,1.2
2,2025-07-25,6,55,76,4.24,,0.4,3.66,0.8,1.0,2.4,1.4
0,2025-07-25,10,3,82,4.04,1.87,0.2,3.75,1.4,1.0,2.4,1.8
0,2025-07-25,10,65,77,1.82,4.53,0.5,3.43,0.8,1.5,3.0,0.6
0,2025-07-25,9,128,94,3.02,2.26,1.2,3.51,1.6,2.4,1.8,1.2
0,2025-07-25,10,27,36,1.52,5.53,0.5,4.3,1.2,0.75,2.5,1.2
1,2025-07-26,4,24,52,3.79,1.99,2.4,3.29,0.6,2.0,0.8,0.8
0,2025-07-26,4,80,110,1.98,3.99,1.2,3.51,0.2,1.2,1.4,0.8
0,2025-07-26,6,95,7,2.95,,0.8,3.5,1.4,2.2,2.2,1.4
2,2025-07-26,9,98,16,1.69,4.34,1.0,4.32,2.4,1.2,2.0,3.8
0,2025-07-26,6,97,15,8.31,,2.0,4.63,0.2,1.6,0.4,1.2
2,2025-07-26,6,30,39,5.33,,2.0,4.14,0.4,1.6,1.2,0.6
0,2025-07-26,6,54,59,5.01,,2.4,3.78,2.2,2.0,0.6,2.2
2,2025-07-26,9,125,92,3.74,1.68,1.6,3.93,1.6,2.2,1.4,2.4
0,2025-07-26,9,45,61,2.69,2.7,1.2,3.4,0.2,1.6,1.4,1.0
2,2025-07-26,4,79,89,3.75,1.92,0.0,3.73,0.6,0.6,1.6,1.2
0,2025-07-26,10,38,41,4.85,1.62,2.2,3.88,1.6,1.2,0.4,1.2
2,2025-07-26,10,34,117,10.41,1.25,2.6,6.14,1.6,2.8,0.6,1.4
2,2025-07-26,10,111,35,3.31,2.26,1.8,3.1,1.6,1.6,1.0,1.4
0,2025-07-27,10,93,42,4.77,1.73,1.4,3.95,0.0,1.2,1.6,2.0
0,2025-07-27,10,71,17,2.14,3.08,1.4,3.81,1.4,1.8,2.0,1.8
1,2025-07-27,6,85,127,1.68,,1.8,3.84,3.0,2.0,1.4,1.8
1,2025-07-27,4,70,22,2.1,2.86,1.6,3.66,1.6,1.4,1.2,1.2
0,2025-07-27,4,105,103,5.11,1.79,2.6,3.53,1.2,2.4,0.6,0.8
2,2025-07-27,4,69,12,6.6,1.42,1.8,4.69,1.6,1.4,1.4,2.2
2,2025-07-27,4,26,23,6.1,1.45,1.6,4.61,0.6,1.4,1.2,0.8
2,2025-07-27,6,19,6,5.67,,1.8,3.82,0.4,1.2,0.6,0.8
1,2025-07-27,6,73,29,2.83,,0.6,3.29,0.4,1.0,1.6,0.4
0,2025-07-27,9,60,102,4.57,1.86,1.0,3.97,1.0,1.4,2.2,1.8
2,2025-07-27,10,74,28,2.03,4.03,1.0,3.11,0.6,1.2,1.2,0.8
2,2025-07-27,4,47,11,6.75,1.47,1.0,4.0,1.2,0.8,1.2,0.8
2,2025-07-27,4,75,64,8.35,1.37,2.0,4.96,1.0,1.6,1.0,0.6
0,2025-07-27,10,18,32,6.59,1.66,1.8,3.82,1.2,2.0,1.2,1.8
2,2025-07-27,10,72,119,3.26,2.16,1.4,3.78,1.4,1.8,1.6,1.4
2,2025-07-27,9,57,121,3.98,1.67,1.2,4.15,2.0,2.0,2.0,2.2
2,2025-07-28,10,114,109,2.75,2.3,1.6,3.43,1.6,2.0,1.6,2.0
2,2025-07-28,10,33,113,3.36,2.1,1.2,3.28,2.0,0.8,1.0,2.6
2,2025-07-28,10,66,96,5.4,1.5,2.2,4.84,1.6,2.4,1.6,2.2
0,2025-08-01,10,77,111,2.71,2.82,1.4,2.93,1.8,1.2,0.8,1.4
2,2025-08-01,10,41,65,6.6,1.41,1.6,4.63,0.3333333333333333,1.4,1.2,1.0
0,2025-08-01,10,42,34,1.46,6.38,1.5,4.77,2.6,2.0,1.5,2.6
0,2025-08-01,1,56,100,3.0,2.37,1.6,3.61,1.4,1.8,0.4,1.4
2,2025-08-01,10,117,72,2.51,2.57,1.4,3.61,2.0,1.2,1.2,2.2
0,2025-08-02,6,39,55,3.87,,0.2,3.51,1.0,0.4,1.2,1.2
2,2025-08-02,10,32,27,4.48,1.71,1.2,3.29,0.4,1.6,2.6,0.6
0,2025-08-02,6,76,59,1.62,,0.8,4.32,2.6,1.2,2.0,2.4
2,2025-08-02,1,104,48,2.78,2.24,0.8,3.3,2.2,1.6,2.2,1.4
0,2025-08-02,9,92,98,3.84,1.85,1.6,3.76,1.4,2.4,2.0,1.4
1,2025-08-02,9,121,125,1.66,4.9,1.4,4.14,2.2,2.2,2.0,2.4
2,2025-08-02,9,16,45,10.46,1.25,1.8,6.07,1.2,3.0,2.4,2.0
2,2025-08-02,10,28,38,2.35,3.3,0.4,3.29,1.6,1.0,1.8,1.0
0,2025-08-02,1,122,8,4.07,2.06,2.0,3.77,1.2,1.4,0.8,1.0
1,2025-08-02,1,83,88,1.66,4.95,0.4,4.18,1.8,0.8,1.6,2.2
2,2025-08-02,6,54,30,3.98,,1.8,3.67,2.0,1.8,0.8,1.2
1,2025-08-03,1,46,13,2.0,3.97,1.4,3.73,1.4,1.2,1.0,1.2
2,2025-08-03,6,29,6,2.32,,0.6,3.0,0.2,0.6,1.0,0.8
1,2025-08-03,6,127,19,5.77,,2.6,3.56,2.2,1.8,0.6,1.4
2,2025-08-03,6,15,73,6.91,,0.8,4.51,0.6,1.6,1.8,1.0
1,2025-08-03,6,7,97,1.65,,1.4,4.32,1.8,2.0,1.8,1.6
2,2025-08-03,1,86,14,3.81,1.81,1.4,3.54,0.4,1.4,1.4,0.6
2,2025-08-03,10,82,93,3.77,1.88,1.4,3.84,1.2,1.6,2.0,1.0
2,2025-08-03,10,96,71,2.3,2.91,1.4,3.8,1.4,2.2,2.2,1.4
1,2025-08-03,10,3,66,2.8,2.37,0.2,3.73,2.2,1.0,2.2,3.0
0,2025-08-03,10,17,119,4.59,1.69,2.0,4.06,1.2,2.0,1.2,1.6
2,2025-08-03,9,102,57,2.65,2.42,1.4,3.71,1.2,1.6,1.8,2.0
1,2025-08-03,9,61,128,3.29,2.11,0.8,3.78,1.2,1.6,2.6,2.6
2,2025-08-03,9,94,60,2.8,3.2,1.6,3.17,0.4,1.4,1.4,1.2
0,2025-08-03,10,18,114,3.1,2.03,1.6,3.27,2.0,1.6,1.2,2.0
1,2025-08-03,10,35,109,2.52,3.05,1.0,3.26,1.6,1.0,1.2,2.2
2,2025-08-04,6,85,95,4.62,,2.0,3.64,0.8,2.2,1.4,1.8
2,2025-08-04,10,36,33,5.93,1.6,1.6,3.93,1.6,1.6,1.4,1.4
1,2025-08-04,10,113,74,2.76,2.91,1.8,2.97,1.6,2.4,1.6,1.4
2,2025-08-06,9,16,125,3.65,1.71,1.8,4.05,2.2,2.4,2.2,2.6
1,2025-08-08,6,29,7,2.93,,1.2,3.39,1.0,0.8,0.8,1.6
0,2025-08-08,10,34,3,4.75,1.79,3.0,3.99,0.4,2.8,0.4,0.8
0,2025-08-08,10,65,28,1.37,8.13,0.25,4.95,1.0,1.0,2.75,1.6
2,2025-08-08,10,119,96,3.81,1.85,1.2,3.77,2.0,1.4,1.6,2.8
1,2025-08-09,10,109,77,4.94,1.77,1.2,3.36,1.4,2.0,1.6,1.2
0,2025-08-09,9,61,102,3.34,2.12,0.8,3.55,2.0,1.6,2.6,2.0
2,2025-08-09,9,98,121,4.02,1.73,2.0,3.92,1.0,2.0,1.4,1.6
2,2025-08-09,6,6,127,1.66,,0.2,3.98,2.2,0.4,1.8,1.8
2,2025-08-09,4,103,79,8.17,1.41,1.6,4.89,0.6,1.6,1.8,0.8
2,2025-08-09,1,8,83,4.12,2.16,1.2,2.86,0.4,0.8,0.8,0.8
2,2025-08-09,6,59,97,2.09,,2.6,3.48,2.0,2.8,1.2,1.8
2,2025-08-09,10,111,41,3.3,2.51,1.8,3.27,2.2,1.4,1.0,1.6
2,2025-08-09,6,19,85,4.24,,1.8,3.49,2.0,1.4,0.8,2.4
2,2025-08-09,1,88,46,9.64,1.4,2.0,5.2,1.4,2.4,1.8,1.4
0,2025-08-09,1,14,48,3.87,1.7,0.2,3.48,2.0,0.6,1.6,1.6
1,2025-08-09,6,55,15,2.55,,1.6,3.3,1.4,1.6,1.0,1.8
0,2025-08-10,1,100,86,3.38,2.13,2.0,3.63,1.8,1.8,1.2,1.6
1,2025-08-10,10,66,42,7.17,1.35,2.2,5.32,1.0,2.8,1.6,1.3333333333333333
2,2025-08-10,10,93,71,2.62,2.53,0.6,3.7,1.2,0.8,2.0,1.4
2,2025-08-10,1,104,56,2.14,3.33,1.4,3.58,1.0,2.4,2.0,0.6
2,2025-08-10,6,39,76,4.69,,0.2,3.98,0.2,0.6,1.8,0.6
2,2025-08-10,4,22,80,14.63,1.19,1.2,6.92,0.6,1.0,1.0,0.8
0,2025-08-10,6,73,54,1.41,,0.4,5.0,2.4,1.2,2.0,2.0
1,2025-08-10,9,125,94,4.99,1.57,1.6,4.18,2.0,2.4,1.8,2.0
0,2025-08-10,9,57,128,3.98,1.87,1.0,3.85,0.8,2.0,2.2,2.2
2,2025-08-10,9,60,16,2.03,3.28,0.4,3.9,1.8,0.8,2.4,2.6
0,2025-08-10,1,13,122,3.85,1.99,1.0,3.65,1.4,1.4,1.8,1.0
1,2025-08-10,6,95,30,1.74,,0.2,4.1,1.4,0.8,2.6,0.8
2,2025-08-10,10,17,117,4.87,1.58,1.8,4.36,1.4,1.6,1.2,1.6
1,2025-08-10,9,92,45,4.54,1.74,1.4,4.06,1.2,2.6,2.8,2.2
1,2025-08-10,4,64,24,2.63,2.9,0.8,3.34,2.0,0.4,1.8,1.8
0,2025-08-10,4,12,75,1.9,3.41,1.6,3.72,2.0,2.0,2.0,1.4
2,2025-08-10,10,114,35,6.2,1.85,2.6,3.93,0.6,2.6,1.6,1.2
0,2025-08-10,10,38,113,8.78,1.35,1.0,4.91,1.4,1.4,1.6,1.8
1,2025-08-11,4,110,70,3.65,1.91,0.8,3.56,1.2,1.0,1.8,1.4
2,2025-08-11,4,89,47,1.68,4.53,0.6,4.17,1.6,1.0,2.2,1.4
2,2025-08-11,10,33,32,2.77,2.81,1.6,2.84,1.8,1.6,0.8,2.0
1,2025-08-11,10,74,36,2.02,3.44,1.2,3.18,2.2,0.8,0.8,1.8
2,2025-08-11,10,72,82,2.68,2.46,1.4,3.57,1.4,1.8,2.0,1.2
0,2025-08-12,4,23,69,2.25,3.08,0.6,3.66,1.8,1.0,2.0,1.6
0,2025-08-12,4,52,105,1.98,3.54,0.6,3.74,2.0,0.6,1.2,2.4
0,2025-08-12,4,11,26,1.82,4.23,1.2,3.97,1.6,1.2,1.4,1.8
0,2025-08-15,10,71,34,2.03,3.94,0.6,3.86,2.4,1.4,2.6,2.4
2,2025-08-15,10,42,96,2.7,2.45,1.0,3.62,1.4,1.75,2.0,1.8
2,2025-08-15,10,113,65,4.34,2.08,1.4,3.36,0.2,1.6,1.4,0.8
1,2025-08-15,10,28,111,4.19,1.76,1.6,3.56,2.2,1.6,1.4,1.8
0,2025-08-16,4,70,23,3.77,1.85,1.2,3.73,0.6,1.6,1.6,0.8
0,2025-08-16,4,79,11,3.07,2.33,0.6,3.57,1.2,0.8,2.6,1.4
1,2025-08-16,6,15,59,3.18,,1.6,3.27,3.0,1.8,1.4,3.2
1,2025-08-16,6,97,127,2.45,,1.4,3.18,1.6,1.8,1.6,1.6
2,2025-08-16,6,6,55,4.32,,0.6,3.68,1.8,0.4,1.6,1.8
1,2025-08-16,1,46,104,3.07,2.58,1.2,3.79,2.0,1.2,2.0,2.8
0,2025-08-16,1,48,88,1.48,6.58,2.0,4.64,2.0,1.4,1.2,3.0
0,2025-08-16,1,83,100,1.83,3.97,0.2,3.85,1.4,0.6,1.6,1.8
1,2025-08-16,10,77,35,2.85,2.75,1.0,2.97,0.6,1.0,0.8,1.0
0,2025-08-17,6,30,19,2.86,,1.0,3.45,2.2,0.6,1.2,2.0
2,2025-08-17,6,54,95,7.34,,2.4,4.98,0.4,1.8,0.4,0.6
0,2025-08-17,10,82,17,2.47,2.76,1.4,3.59,2.4,1.6,1.6,1.8
0,2025-08-17,10,119,93,3.13,2.24,1.8,3.64,0.6,1.6,1.4,1.0
0,2025-08-17,10,117,66,1.86,3.42,0.8,4.03,1.8,1.6,1.6,3.0
1,2025-08-17,4,105,110,4.89,1.7,2.4,3.87,0.8,2.8,1.4,1.0
2,2025-08-17,6,85,39,3.2,,2.0,3.46,0.8,2.2,2.0,0.8
1,2025-08-17,10,18,33,5.36,1.7,1.0,3.45,1.6,1.2,1.6,1.8
1,2025-08-17,4,80,12,2.47,2.98,0.6,3.29,1.0,0.6,1.4,1.6
2,2025-08-17,1,122,14,3.99,1.92,1.4,3.65,0.2,1.2,1.0,0.6
0,2025-08-17,4,103,22,3.53,2.11,2.0,3.22,1.6,2.6,1.4,1.2
1,2025-08-17,1,86,8,3.87,1.8,2.4,3.67,1.8,2.0,1.4,1.0
2,2025-08-17,1,56,13,2.59,2.5,0.4,3.78,1.0,0.2,1.2,1.4
0,2025-08-17,4,75,24,8.09,1.35,2.4,4.96,1.6,2.0,0.8,1.8
2,2025-08-17,4,26,89,11.46,1.19,1.6,7.04,1.2,2.0,1.4,1.2
0,2025-08-17,10,27,114,1.79,3.77,0.4,3.65,2.6,0.8,2.6,2.4
0,2025-08-17,4,47,52,5.07,1.65,1.4,4.09,0.6,1.2,1.2,0.6
0,2025-08-17,6,7,73,4.08,,1.2,4.04,0.4,1.6,1.4,1.0
1,2025-08-17,10,36,38,2.43,2.62,2.2,3.26,0.8,1.6,0.6,1.2
0,2025-08-18,10,41,109,3.05,2.32,2.0,3.37,1.2,1.8,1.4,1.8
2,2025-08-18,4,69,64,8.99,1.33,1.8,5.35,1.0,1.6,1.4,0.8
2,2025-08-18,6,76,29,2.92,,0.0,2.89,1.2,0.4,2.2,0.8
0,2025-08-18,10,72,3,2.38,3.16,1.4,3.63,1.0,2.0,2.4,1.4
2,2025-08-18,10,32,74,2.85,2.19,1.2,3.18,1.2,1.4,1.8,1.0
0,2025-08-22,10,65,36,1.38,7.22,0.2,4.89,1.8,0.8,2.0,1.6
1,2025-08-22,10,111,113,4.14,1.78,2.2,3.71,2.0,1.4,0.8,1.8
1,2025-08-22,6,73,6,2.25,,1.0,3.59,1.2,1.0,1.2,1.0
1,2025-08-23,10,34,72,7.06,1.36,2.4,5.08,1.4,2.4,1.2,2.0
0,2025-08-23,1,14,83,3.44,2.46,0.2,3.29,0.2,0.6,1.8,0.8
2,2025-08-23,4,52,89,5.48,1.6,1.0,4.13,1.2,0.8,1.2,1.6
2,2025-08-23,4,80,11,2.34,3.12,0.2,3.36,1.2,0.8,2.0,1.4
1,2025-08-23,4,24,47,2.3,3.03,1.6,3.64,0.8,1.4,1.2,1.2
2,2025-08-23,1,88,56,5.15,1.57,2.6,4.42,0.8,3.0,1.2,0.6
0,2025-08-23,9,128,102,3.6,2.2,0.8,3.54,2.0,1.8,2.2,1.6
1,2025-08-23,6,59,39,4.76,,2.6,3.84,0.6,2.6,1.2,0.6
2,2025-08-23,6,127,29,13.08,,1.2,5.98,1.0,1.4,1.4,0.6
2,2025-08-23,10,33,27,4.33,1.9,1.6,3.42,0.2,2.2,1.2,1.0
0,2025-08-23,10,109,28,3.15,2.3,1.2,3.3,1.6,1.2,1.2,1.4
0,2025-08-23,6,85,97,2.1,,2.0,3.62,1.0,1.6,1.6,1.2
2,2025-08-23,6,30,76,7.71,,1.0,5.06,0.6,0.8,1.2,0.8
0,2025-08-24,6,55,54,1.78,,1.6,3.73,2.4,1.8,1.2,2.2
2,2025-08-24,6,19,7,6.78,,2.2,4.81,1.2,2.2,0.8,1.6
0,2025-08-24,6,95,15,2.04,,0.2,3.37,1.8,0.6,3.0,1.8
2,2025-08-24,10,74,18,2.22,3.11,1.0,3.05,1.0,1.0,1.4,1.6
2,2025-08-24,10,114,77,5.05,1.71,3.0,3.59,1.0,2.2,1.0,1.2
0,2025-08-24,10,38,32,5.19,1.55,0.8,3.82,1.8,1.4,1.8,1.8
0,2025-08-24,1,122,86,2.71,2.56,1.4,3.56,2.0,1.4,1.0,1.6
0,2025-08-24,1,13,48,4.83,1.63,1.0,4.17,1.8,1.4,1.8,1.6
1,2025-08-24,9,45,121,3.71,2.01,0.8,3.53,1.0,1.4,1.6,1.4
1,2025-08-24,1,8,46,4.1,1.85,1.8,3.44,1.2,0.6,0.0,1.0
2,2025-08-24,4,69,70,5.57,1.46,2.4,4.63,1.0,2.0,1.4,1.2
0,2025-08-24,9,98,61,3.37,1.98,2.4,3.65,0.8,2.8,1.2,1.6
2,2025-08-24,10,3,117,6.03,1.56,1.6,4.15,0.8,2.0,1.2,1.2
2,2025-08-24,10,96,17,1.93,3.63,0.8,3.94,2.4,1.6,2.6,1.6
2,2025-08-24,10,66,93,4.59,1.61,1.8,4.31,1.2,2.8,1.6,1.4
2,2025-08-24,10,42,82,2.24,3.01,1.4,3.88,1.4,2.0,2.0,1.2
1,2025-08-24,4,64,103,1.8,3.94,1.0,3.82,1.8,1.2,1.4,2.6
2,2025-08-24,4,26,105,3.18,2.06,2.2,3.74,2.0,2.4,1.4,2.6
1,2025-08-24,4,23,75,2.32,3.17,1.2,3.43,2.4,0.8,1.6,2.0
0,2025-08-25,4,12,22,1.76,4.83,1.0,3.87,2.2,2.0,2.8,1.8
2,2025-08-25,10,71,119,3.78,1.85,0.6,3.88,1.2,1.6,2.6,1.6
2,2025-08-25,10,35,41,3.37,2.4,0.6,3.16,1.8,1.0,1.4,1.6
1,2025-08-25,4,110,79,5.74,1.61,1.0,3.92,0.6,1.2,1.6,0.8
2,2025-08-29,10,36,111,5.02,1.56,2.2,4.07,2.2,1.8,1.0,1.4
0,2025-08-29,10,117,119,2.57,2.54,0.6,3.44,1.2,1.0,1.4,1.2
0,2025-08-30,10,113,109,2.09,3.61,1.6,3.25,1.0,0.8,1.2,1.0
2,2025-08-30,10,28,35,4.34,1.92,2.0,3.36,1.0,1.6,1.2,0.8
0,2025-08-30,1,46,100,1.63,4.82,0.8,4.25,1.4,1.0,2.0,1.6
1,2025-08-30,1,88,14,10.88,1.28,2.6,5.87,0.2,3.2,1.0,0.4
0,2025-08-30,1,56,83,3.87,1.99,0.8,3.61,0.8,0.6,1.8,1.2
2,2025-08-30,6,97,95,11.65,,1.0,5.98,0.2,1.4,2.0,0.6
0,2025-08-30,4,11,105,1.83,4.93,0.6,4.19,1.4,1.6,2.0,2.0
0,2025-08-30,9,94,16,1.84,3.22,2.0,4.1,1.8,1.8,1.0,2.4
0,2025-08-30,9,121,128,2.16,3.16,1.0,3.68,0.8,1.4,2.2,1.4
1,2025-08-30,6,73,85,2.64,,1.0,3.56,1.4,1.4,1.6,1.2
2,2025-08-30,6,127,76,16.73,,1.2,8.38,0.6,1.8,1.2,0.8
1,2025-08-30,6,39,6,3.58,,0.8,3.28,1.4,1.0,1.8,1.4
1,2025-08-30,9,102,45,3.98,1.8,2.4,3.94,1.0,2.2,1.0,1.6
2,2025-08-30,4,52,64,4.71,1.62,1.4,3.54,1.0,1.0,1.2,1.6
0,2025-08-30,4,79,69,1.86,3.81,0.8,3.76,3.0,0.4,2.2,2.6
2,2025-08-31,4,110,12,5.47,1.61,1.2,3.97,0.4,1.2,1.0,1.8
2,2025-08-31,1,13,8,3.78,1.84,0.4,3.49,1.8,1.2,2.2,0.8
0,2025-08-31,1,48,86,1.71,3.96,1.8,4.05,2.0,1.6,1.4,1.4
1,2025-08-31,1,104,122,2.36,2.91,1.6,3.61,1.4,2.2,1.6,1.4
2,2025-08-31,9,125,60,3.86,1.98,1.2,3.68,1.0,1.2,1.4,1.2
1,2025-08-31,9,92,61,2.9,2.39,1.0,3.77,1.4,2.0,2.8,1.2
0,2025-08-31,9,57,98,3.02,2.15,1.0,3.6,1.8,1.8,2.0,2.2
0,2025-08-31,10,17,66,2.87,2.43,1.8,3.53,2.2,1.0,1.0,3.0
0,2025-08-31,10,82,34,1.81,4.31,1.2,3.92,2.0,1.0,1.4,2.0
0,2025-08-31,10,72,71,2.81,2.68,1.4,3.6,0.6,1.6,2.6,1.2
0,2025-08-31,10,93,96,3.18,2.02,1.2,3.81,1.2,1.8,2.2,1.8
2,2025-08-31,4,22,75,3.83,1.93,2.6,3.66,2.0,2.4,1.0,1.6
2,2025-08-31,4,23,80,5.79,1.56,1.4,4.04,0.8,1.0,1.6,1.4
2,2025-08-31,10,3,42,7.1,1.41,2.0,4.97,2.0,2.0,1.0,1.8
0,2025-08-31,4,47,26,2.57,2.88,0.8,3.45,2.6,1.6,2.0,2.6
0,2025-08-31,6,7,15,2.13,,1.0,3.49,2.2,1.6,1.4,2.0
1,2025-08-31,6,59,55,5.16,,2.2,4.14,1.4,2.6,1.8,1.6
1,2025-08-31,6,19,54,2.72,,2.6,3.27,2.4,2.8,1.0,2.8
2,2025-08-31,6,29,30,2.0,,1.0,3.55,1.4,0.6,1.6,1.2
2,2025-08-31,10,32,65,6.18,1.53,2.4,3.67,0.0,2.0,0.8,0.6
1,2025-08-31,10,33,114,2.18,2.97,2.0,3.36,3.0,2.8,1.4,2.0
1,2025-08-31,10,18,38,3.1,2.42,0.4,3.09,0.2,1.4,2.6,1.2
0,2025-08-31,4,89,103,1.51,6.27,0.6,4.63,2.0,1.2,2.0,3.0
2,2025-09-01,4,24,70,2.89,2.2,1.2,3.7,1.0,1.8,1.8,1.0
1,2025-09-01,10,27,74,2.22,3.2,0.0,3.21,1.6,0.8,3.2,1.4
2,2025-09-01,10,41,77,3.69,1.92,1.2,3.32,1.0,1.0,1.2,1.2
2,2025-09-12,6,85,29,4.22,,1.4,3.3,1.4,1.2,2.0,0.6
1,2025-09-12,10,109,36,3.41,2.32,1.6,3.03,2.2,1.0,0.8,1.8
0,2025-09-12,10,96,82,2.92,2.29,1.8,3.73,0.6,1.8,1.2,0.8
2,2025-09-13,9,128,92,2.94,2.26,1.4,3.76,0.6,1.6,2.0,1.6
2,2025-09-13,9,98,60,3.35,2.33,2.4,3.54,0.8,2.6,0.8,1.2
2,2025-09-13,1,122,88,1.91,3.85,1.4,4.05,2.2,1.4,1.0,2.8
2,2025-09-13,1,14,46,3.36,2.19,0.2,3.21,0.6,0.4,1.8,0.8
2,2025-09-13,1,8,56,2.69,2.25,1.6,3.32,0.6,0.8,0.4,0.8
1,2025-09-13,10,111,32,2.72,2.53,1.6,3.27,2.4,1.2,1.2,2.0
1,2025-09-13,10,65,18,1.45,5.77,0.0,4.42,0.4,0.8,1.8,1.6
1,2025-09-13,6,30,97,2.58,,0.8,3.25,1.6,1.0,1.2,1.8
2,2025-09-13,6,76,73,2.67,,0.6,3.61,1.0,0.8,1.8,1.6
0,2025-09-13,9,102,16,2.02,3.04,2.6,3.94,1.8,2.2,0.8,1.8
2,2025-09-13,6,54,7,8.16,,2.6,5.65,0.4,2.8,0.4,0.8
1,2025-09-13,6,6,59,2.84,,1.6,3.39,1.8,1.4,1.0,2.6
2,2025-09-13,10,17,34,2.13,3.74,1.2,3.38,2.0,1.0,1.6,2.6
0,2025-09-13,4,64,110,2.23,3.26,0.4,3.29,1.8,1.2,1.8,1.0
1,2025-09-13,4,70,52,3.85,2.1,0.4,3.51,2.0,0.4,1.8,1.2
1,2025-09-14,4,103,23,6.87,1.44,2.0,4.94,1.4,3.0,1.6,1.4
2,2025-09-14,4,105,79,8.69,1.32,1.4,5.55,0.8,1.8,1.4,0.6
2,2025-09-14,9,45,57,2.58,2.74,0.6,3.44,0.8,1.4,1.8,1.8
0,2025-09-14,1,100,13,3.0,2.24,2.0,3.36,0.8,2.0,0.8,1.0
2,2025-09-14,1,86,104,5.8,1.5,2.6,4.65,1.8,1.2,0.4,2.0
0,2025-09-14,1,83,48,2.86,2.22,1.4,3.71,1.2,1.6,1.4,1.4
1,2025-09-14,4,12,89,4.44,1.79,0.2,3.95,0.6,1.2,2.8,0.8
0,2025-09-14,4,75,26,2.45,2.67,1.4,3.53,3.0,1.0,1.0,2.4
0,2025-09-14,10,74,33,3.69,2.13,1.2,3.1,1.6,1.2,1.0,2.2
2,2025-09-14,10,114,41,4.45,1.84,2.6,4.08,1.2,1.8,0.8,1.0
1,2025-09-14,10,27,38,1.39,6.65,0.2,4.88,0.4,0.8,2.2,1.4
0,2025-09-14,9,121,94,1.99,3.48,0.4,3.59,1.4,1.2,2.8,1.4
2,2025-09-14,10,93,72,2.75,2.29,1.2,3.83,0.8,1.8,2.2,1.2
2,2025-09-14,10,71,66,2.23,2.85,1.2,3.8,2.2,1.6,2.2,2.4
0,2025-09-14,10,119,3,2.3,2.86,1.8,3.69,2.6,1.4,1.0,2.6
2,2025-09-14,6,55,95,3.13,,1.0,3.18,0.2,1.6,2.6,0.8
1,2025-09-14,6,15,127,1.85,,2.2,3.4,1.6,1.8,0.8,1.8
2,2025-09-14,6,39,19,2.31,,1.0,3.48,2.2,1.2,1.8,2.6
0,2025-09-14,4,22,47,5.15,1.67,2.6,3.91,0.8,2.2,0.8,1.8
0,2025-09-14,9,61,125,2.34,2.74,1.6,3.71,1.6,1.6,1.4,1.6
1,2025-09-15,10,42,117,2.47,2.65,1.4,3.66,0.6,1.6,2.2,1.2
0,2025-09-15,4,80,69,1.58,4.97,0.8,4.2,3.0,1.2,2.2,3.2
0,2025-09-15,10,35,113,4.81,1.86,1.0,3.21,1.6,0.8,1.2,0.8
0,2025-09-15,10,77,28,2.16,3.63,0.4,3.26,2.6,0.8,1.6,1.8
1,2025-09-15,4,11,24,3.3,2.1,0.6,3.75,1.8,1.8,2.4,2.2
0,2025-09-17,9,94,92,2.97,2.29,2.0,3.69,0.4,2.0,1.0,1.2
1,2025-09-17,9,60,57,4.08,1.85,0.6,3.91,0.6,1.0,2.2,1.4
1,2025-09-18,4,47,103,3.24,2.3,0.8,3.46,1.6,1.4,1.8,2.2
2,2025-09-19,10,72,42,4.57,1.58,0.8,4.14,1.6,1.4,2.4,1.8
2,2025-09-19,10,33,38,1.76,4.07,2.2,3.72,0.6,2.2,1.2,1.0
2,2025-09-20,4,26,52,5.93,1.44,3.0,4.43,2.0,1.8,0.8,1.2
1,2025-09-20,4,64,12,3.18,2.21,0.4,3.53,0.4,1.4,2.4,1.4
2,2025-09-20,4,70,79,4.43,1.73,0.4,3.82,0.2,0.4,1.8,0.6
2,2025-09-20,10,32,109,2.54,2.99,2.0,2.79,1.6,2.0,1.4,0.6
2,2025-09-20,10,74,114,2.19,3.2,1.0,3.26,2.6,1.2,1.2,1.6
2,2025-09-20,4,24,23,3.78,1.86,1.8,4.02,1.6,2.2,1.2,1.2
1,2025-09-20,6,7,85,2.58,,0.2,3.49,1.4,0.8,2.0,1.0
0,2025-09-20,6,76,6,2.06,,1.2,3.45,1.8,1.0,1.4,1.6
1,2025-09-20,6,29,59,2.31,,0.8,3.23,1.4,0.4,1.6,2.2
0,2025-09-20,1,88,100,3.76,1.87,2.0,3.97,1.8,2.6,1.2,1.8
1,2025-09-20,1,48,122,1.94,4.39,1.8,3.75,2.0,1.4,0.8,2.0
2,2025-09-20,1,13,83,3.58,2.17,1.2,3.54,1.2,0.8,1.4,1.2
2,2025-09-20,10,66,119,5.08,1.7,2.0,4.5,1.2,2.4,1.4,1.2
0,2025-09-21,4,75,80,9.01,1.32,0.8,5.45,0.8,0.8,1.2,1.2
2,2025-09-21,10,113,77,2.98,2.6,2.0,2.86,0.4,1.2,0.6,0.6
0,2025-09-21,6,73,30,1.56,,1.0,4.61,1.0,1.4,1.8,1.4
2,2025-09-21,6,97,55,8.24,,1.6,4.84,1.0,2.0,1.8,1.2
1,2025-09-21,10,18,111,5.26,1.62,0.6,3.95,1.2,1.8,2.6,1.4
1,2025-09-21,6,15,39,4.24,,1.8,3.41,1.6,1.2,0.4,1.2
0,2025-09-21,6,54,127,2.76,,2.6,3.32,1.6,3.0,0.6,1.6
2,2025-09-21,10,3,17,3.4,2.1,3.0,3.55,1.8,3.0,1.0,1.4
1,2025-09-21,10,117,96,3.16,2.2,0.2,3.63,1.2,0.6,1.6,1.2
1,2025-09-21,4,110,103,3.0,2.03,1.8,3.43,1.2,1.4,0.6,0.8
1,2025-09-21,1,8,104,4.03,1.99,1.6,3.33,1.6,0.6,0.4,2.0
2,2025-09-21,1,56,14,3.94,1.85,0.6,3.69,0.8,0.8,2.2,1.0
1,2025-09-21,1,46,86,1.67,4.93,0.4,4.08,2.6,0.4,2.6,1.8
1,2025-09-21,4,69,22,2.86,2.06,3.0,3.47,2.4,2.8,1.0,2.2
0,2025-09-21,4,47,105,2.35,2.86,1.0,3.53,2.0,1.4,1.6,1.8
1,2025-09-21,10,34,93,8.33,1.31,1.4,5.46,1.8,2.4,1.6,2.2
0,2025-09-21,10,36,35,4.19,1.84,1.8,3.41,0.8,1.4,0.8,0.4
2,2025-09-22,10,82,71,2.75,2.56,0.6,3.57,1.8,0.8,2.2,1.4
0,2025-09-22,6,95,19,1.65,,0.2,3.95,2.0,0.6,2.4,2.4
1,2025-09-22,10,27,65,3.46,1.92,0.4,3.27,0.2,1.0,2.0,0.8
1,2025-09-22,10,28,41,4.58,1.82,2.6,3.61,0.6,1.6,0.2,0.6
0,2025-09-22,4,89,11,2.71,2.45,0.8,3.71,0.8,1.2,1.6,1.4
2,2025-09-24,4,47,70,4.3,1.95,1.0,3.75,0.8,1.2,1.8,0.4
1,2025-09-24,4,79,75,1.97,3.67,0.2,3.85,0.2,0.6,2.0,0.2
2,2025-09-24,4,52,110,2.74,2.8,2.0,3.12,1.8,1.6,1.2,1.4
1,2025-09-24,4,23,64,4.6,1.64,1.6,3.95,0.4,1.0,1.2,1.2
2,2025-09-25,4,89,24,2.14,3.13,0.2,3.94,2.2,1.2,2.4,2.8
0,2025-09-25,4,11,22,1.72,4.49,1.4,4.05,2.0,2.0,1.6,2.4
2,2025-09-25,4,105,69,5.26,1.51,2.0,4.15,2.6,2.0,0.8,2.6
2,2025-09-25,4,103,12,8.28,1.33,1.4,5.25,0.6,0.8,0.6,1.6
1,2025-09-25,4,26,80,12.57,1.27,3.0,6.72,1.4,2.0,1.0,1.6
0,2025-09-26,10,35,32,3.61,2.24,1.4,2.95,2.6,0.8,1.2,2.0
1,2025-09-26,10,114,28,3.35,2.0,2.0,3.46,2.2,1.4,0.6,1.6
0,2025-09-26,6,55,30,1.86,,0.8,3.8,1.4,1.2,2.6,1.8
2,2025-09-27,1,122,56,3.41,2.1,1.6,3.53,1.2,2.0,1.2,1.0
1,2025-09-27,1,83,46,4.19,1.93,1.2,3.52,0.6,1.6,1.8,0.6
1,2025-09-27,6,39,54,1.99,,1.2,3.88,2.0,1.0,1.0,2.8
2,2025-09-27,1,14,8,2.42,3.05,0.8,3.25,1.2,1.0,1.8,0.6
2,2025-09-27,9,92,121,6.34,1.45,1.0,4.96,0.4,1.4,1.8,1.2
2,2025-09-27,9,128,98,2.69,2.48,2.0,3.6,2.4,1.6,1.6,2.4
2,2025-09-27,6,59,85,4.23,,1.0,3.71,1.6,1.6,1.6,1.2
2,2025-09-27,6,6,7,4.98,,1.8,3.98,0.2,1.8,1.2,1.0
2,2025-09-27,6,127,73,15.16,,2.2,8.39,1.0,2.0,0.4,1.6
0,2025-09-27,10,96,34,1.51,6.05,1.4,4.57,1.6,1.6,1.2,2.6
2,2025-09-27,9,60,45,4.74,1.58,0.8,4.03,1.2,1.0,2.0,1.6
1,2025-09-27,10,111,27,5.14,1.62,0.8,3.98,0.6,1.2,1.6,1.2
0,2025-09-27,10,77,36,2.33,3.3,0.2,3.12,1.6,0.4,1.8,1.4
2,2025-09-27,4,52,23,3.76,2.07,2.0,3.67,1.2,1.8,1.2,1.2
2,2025-09-28,4,105,64,11.54,1.21,2.4,7.28,0.6,3.0,1.0,1.2
2,2025-09-28,6,19,15,4.13,,2.0,3.25,1.8,2.0,1.0,1.0
1,2025-09-28,6,29,95,3.92,,0.8,3.3,0.0,0.4,1.6,0.6
2,2025-09-28,6,97,76,10.37,,2.2,6.01,1.2,2.0,1.2,1.2
1,2025-09-28,10,41,113,6.99,1.46,0.8,4.59,2.0,0.6,1.2,1.2
2,2025-09-28,10,38,74,5.61,1.53,0.6,4.03,1.4,1.2,2.0,1.2
1,2025-09-28,9,94,57,3.36,2.12,1.4,3.63,0.2,1.4,1.0,1.0
2,2025-09-28,4,69,89,9.09,1.26,2.0,6.15,0.8,2.4,2.0,1.0
2,2025-09-28,9,125,102,3.93,1.78,1.6,4.24,2.0,1.4,1.4,2.0
0,2025-09-28,9,16,61,5.4,1.53,2.4,4.65,1.0,2.2,1.2,1.2
1,2025-09-28,10,93,117,3.54,2.06,1.4,3.69,0.4,2.0,2.4,0.8
2,2025-09-28,4,22,110,4.97,1.69,2.0,3.71,1.6,2.0,1.2,1.4
2,2025-09-28,4,12,70,1.99,3.52,0.4,3.71,0.8,1.0,2.0,0.6
2,2025-09-28,1,100,48,4.92,1.69,1.8,3.98,1.4,1.8,0.8,1.6
0,2025-09-28,1,104,88,1.64,4.77,1.2,4.43,1.4,1.4,1.6,1.6
0,2025-09-28,4,79,47,2.12,3.26,0.4,3.48,1.4,1.0,2.0,1.2
2,2025-09-28,10,119,42,4.78,1.62,0.6,4.28,1.4,1.0,1.8,1.6
0,2025-09-28,1,86,13,4.1,1.81,2.2,3.61,1.8,1.6,0.6,1.4
2,2025-09-28,10,17,72,4.47,1.66,1.2,4.24,0.8,1.0,1.4,1.4
0,2025-09-28,10,71,3,2.74,2.54,1.8,3.64,3.0,1.0,1.4,2.6
2,2025-09-28,4,75,11,4.46,1.65,0.4,4.14,0.8,0.6,1.6,1.6
1,2025-09-29,10,109,18,3.09,2.65,1.4,3.02,0.8,0.4,0.4,1.6
2,2025-09-29,10,66,82,5.01,1.66,2.4,4.27,1.2,2.2,0.8,1.0
0,2025-09-29,10,65,33,2.01,3.51,0.4,3.34,2.2,1.2,1.8,2.2
2,2025-09-29,4,24,26,2.11,3.03,1.6,4.05,2.6,2.4,1.0,1.8
0,2025-09-29,4,80,103,1.68,5.05,1.4,3.93,1.8,1.4,1.6,0.8
0,2025-10-03,10,113,28,1.71,5.12,1.6,3.82,2.2,1.0,0.6,1.8
1,2025-10-03,10,72,96,3.41,2.17,0.8,3.65,1.4,1.4,2.4,1.4
0,2025-10-04,4,70,75,2.75,2.44,0.8,3.73,0.8,1.0,2.0,0.8
2,2025-10-04,4,64,11,2.89,2.43,0.4,3.42,0.8,1.0,2.2,1.4
2,2025-10-04,4,12,52,2.37,2.83,1.0,3.5,2.0,1.2,1.6,1.8
2,2025-10-04,6,54,6,5.29,,1.6,4.14,1.8,1.8,0.8,1.8
0,2025-10-04,1,46,122,1.98,4.06,0.6,3.45,1.6,0.4,1.6,1.6
0,2025-10-04,1,13,14,4.06,1.89,2.4,3.65,1.4,1.8,1.2,1.2
2,2025-10-04,1,83,104,3.7,2.07,1.4,3.32,0.6,1.4,1.2,1.0
2,2025-10-04,9,45,128,2.2,3.31,1.2,3.6,2.4,1.6,1.4,2.0
0,2025-10-04,9,98,102,2.95,2.23,1.8,3.63,1.4,1.8,1.0,2.0
0,2025-10-04,6,30,59,3.68,,2.0,3.79,1.4,2.2,1.2,1.6
1,2025-10-04,9,61,94,3.08,2.33,1.4,3.44,1.0,1.4,1.4,0.6
1,2025-10-04,6,7,127,1.35,,0.2,5.46,2.6,0.8,2.4,2.6
2,2025-10-04,10,36,41,4.23,1.91,2.0,3.33,1.0,1.2,0.6,0.8
0,2025-10-04,10,32,77,4.63,1.99,2.6,2.93,0.0,1.8,0.8,0.2
2,2025-10-04,10,27,109,2.03,3.69,0.8,3.33,1.0,1.0,1.4,0.6
2,2025-10-04,6,85,55,3.92,,1.0,3.47,0.8,1.0,1.4,1.4
2,2025-10-05,10,18,35,5.24,1.77,0.8,3.64,1.2,1.4,2.0,0.6
2,2025-10-05,10,38,114,3.58,2.12,1.0,3.36,1.6,1.0,1.6,1.4
2,2025-10-05,6,19,97,2.7,,2.0,3.1,2.6,1.6,0.8,2.2
2,2025-10-05,6,95,76,3.43,,0.2,3.34,0.6,0.4,1.8,0.8
2,2025-10-05,1,88,86,3.61,1.99,1.4,4.02,2.0,1.6,1.6,1.8
1,2025-10-05,1,56,48,3.98,1.8,0.6,3.7,1.4,0.6,1.6,1.4
0,2025-10-05,1,8,100,2.29,2.92,1.0,3.33,2.4,0.6,0.8,1.8
2,2025-10-05,6,15,29,5.0,,1.6,3.37,1.0,0.8,0.2,0.4
2,2025-10-05,4,22,89,13.32,1.17,2.0,7.82,0.8,2.0,1.0,0.8
0,2025-10-05,10,117,71,2.3,3.07,0.6,3.67,1.8,1.0,1.4,1.0
2,2025-10-05,10,3,93,5.73,1.56,3.0,4.48,1.0,2.0,0.6,1.6
1,2025-10-05,10,34,66,4.11,1.89,1.6,3.52,2.4,2.4,1.6,2.2
0,2025-10-05,10,42,17,1.62,5.57,0.8,4.32,1.2,1.2,2.0,1.6
1,2025-10-05,4,103,26,3.58,2.07,1.8,3.66,2.0,1.0,0.2,1.6
2,2025-10-05,9,57,125,2.24,2.84,0.4,3.86,2.0,0.8,1.6,2.0
0,2025-10-05,9,92,16,2.24,2.9,1.6,3.78,1.8,2.0,1.0,2.0
0,2025-10-05,4,23,105,1.6,4.73,1.0,4.67,3.0,1.0,1.8,3.6
2,2025-10-05,4,80,79,2.4,2.79,0.8,3.38,0.2,0.8,1.6,1.0
2,2025-10-05,10,82,119,3.21,2.23,1.2,3.57,1.2,1.2,1.6,1.0
0,2025-10-05,6,73,39,2.09,,0.4,3.72,1.4,1.6,3.0,1.0
0,2025-10-05,9,121,60,1.78,4.12,0.2,4.1,1.4,1.0,3.4,1.4
0,2025-10-06,4,110,47,3.36,2.37,1.4,3.27,2.0,1.6,1.8,1.4
2,2025-10-06,10,74,65,6.67,1.5,1.4,4.11,0.4,1.2,0.8,1.0
1,2025-10-06,4,24,69,2.49,2.74,2.0,3.84,2.0,2.2,0.4,2.0
2,2025-10-06,10,33,111,3.89,1.99,2.6,3.46,0.8,2.0,0.6,1.0
1,2025-10-16,10,27,18,2.38,3.23,1.4,3.04,1.4,1.2,1.0,1.6
1,2025-10-17,10,41,32,3.61,2.08,1.0,3.15,2.0,1.0,1.6,1.4
2,2025-10-17,10,93,34,1.69,4.86,1.0,4.13,1.6,1.4,2.0,2.4
0,2025-10-18,6,76,7,2.64,2.6,0.6,3.67,0.4,1.0,2.0,0.8
1,2025-10-18,6,55,73,3.32,2.05,0.8,3.91,0.2,1.4,1.8,1.2
1,2025-10-18,6,97,39,5.29,1.6,2.0,3.88,1.8,2.2,1.4,0.6
2,2025-10-18,6,59,19,2.87,2.5,1.8,3.39,2.0,2.0,1.4,1.6
2,2025-10-18,4,11,12,4.11,1.79,0.8,4.02,1.6,1.4,1.4,1.8
2,2025-10-18,4,103,70,5.55,1.49,1.8,4.55,0.8,1.2,0.4,1.0
2,2025-10-18,9,60,128,4.07,1.84,1.4,3.95,1.8,1.6,1.6,1.6
2,2025-10-18,9,102,92,2.87,2.37,1.4,3.82,1.4,2.0,1.8,1.8
2,2025-10-18,9,16,121,9.33,1.25,1.8,7.04,0.2,1.8,1.2,1.4
1,2025-10-18,1,46,48,2.45,2.85,0.4,3.16,1.0,0.4,2.0,1.4
0,2025-10-18,1,104,13,2.11,3.55,0.4,3.41,2.4,0.8,2.0,1.6
0,2025-10-18,1,122,83,4.0,2.0,2.2,3.34,1.4,2.0,1.0,1.4
2,2025-10-18,10,65,38,1.28,9.78,0.4,5.51,1.6,0.8,2.2,1.2
2,2025-10-18,10,114,113,7.36,1.39,1.0,4.74,1.4,1.0,1.0,0.8
0,2025-10-18,10,109,33,4.96,1.74,1.0,3.51,2.6,0.8,1.0,1.8
2,2025-10-18,4,79,24,3.18,2.51,0.2,3.44,1.6,0.8,2.2,2.0
0,2025-10-18,6,29,54,1.87,5.0,1.0,3.4,1.6,0.4,0.8,1.0
0,2025-10-19,9,125,98,4.4,1.72,2.0,4.14,1.2,1.8,1.8,1.0
1,2025-10-19,9,61,57,2.9,2.33,1.6,3.73,1.0,1.8,1.6,1.6
0,2025-10-19,9,45,94,2.79,2.53,1.6,3.49,1.0,2.0,1.2,1.2
0,2025-10-19,10,28,36,3.69,2.15,2.2,3.01,2.0,1.8,0.6,1.4
0,2025-10-19,1,14,100,1.87,4.08,2.0,3.64,2.4,1.4,0.8,1.6
1,2025-10-19,4,69,110,5.22,1.62,1.6,3.88,0.8,1.6,2.0,1.6
2,2025-10-19,4,105,80,11.28,1.19,3.0,7.23,1.4,3.8,1.2,1.4
2,2025-10-19,4,89,23,2.53,2.58,0.8,3.86,0.4,0.8,2.0,0.8
1,2025-10-19,4,52,75,2.88,2.48,1.4,3.32,1.4,1.8,1.6,1.0
0,2025-10-19,1,86,56,3.98,1.8,1.4,4.0,0.8,1.6,1.4,1.2
1,2025-10-19,1,88,8,4.57,1.65,1.4,4.29,0.8,1.4,1.8,0.4
0,2025-10-19,6,95,127,1.4,7.5,0.8,4.93,2.2,0.8,1.6,2.0
0,2025-10-19,6,85,15,3.16,2.4,1.6,2.91,1.6,1.4,1.0,0.8
1,2025-10-19,6,30,6,4.59,1.8,1.4,3.89,1.6,2.2,2.2,1.4
2,2025-10-19,10,66,117,9.82,1.24,2.0,5.79,0.6,1.6,0.8,1.0
2,2025-10-19,4,26,22,2.48,2.84,1.6,3.5,2.0,1.4,1.4,2.2
0,2025-10-19,10,119,72,3.62,2.0,1.2,3.86,0.8,1.2,1.6,1.4
2,2025-10-19,10,71,82,4.01,1.82,1.8,3.91,1.8,1.4,1.2,1.6
1,2025-10-19,10,17,3,2.96,2.26,1.8,3.42,3.0,2.0,1.2,2.4
2,2025-10-19,4,47,64,7.92,1.33,2.0,5.1,1.0,1.4,1.0,1.4
0,2025-10-19,10,111,74,3.31,2.56,0.6,2.79,1.4,1.0,1.6,1.2
2,2025-10-20,10,96,42,4.38,1.73,1.0,4.04,0.2,1.2,1.2,1.0
0,2025-10-20,10,35,27,5.42,1.73,0.6,3.52,1.4,0.6,1.6,1.4
2,2025-10-20,10,77,18,1.81,4.42,0.6,3.32,1.4,0.4,1.4,1.6
1,2025-10-22,4,70,26,1.88,3.18,0.6,3.96,1.6,1.4,2.4,1.6
2,2025-10-22,4,69,52,5.26,1.53,1.2,4.26,1.4,1.6,2.2,2.0
1,2025-10-22,4,64,89,3.68,2.07,1.0,3.68,1.2,1.2,1.8,0.8
2,2025-10-22,4,22,79,10.16,1.22,2.0,6.16,0.8,2.2,1.0,1.4
0,2025-10-23,4,110,11,4.18,1.85,0.4,3.81,1.2,1.0,2.2,1.6
1,2025-10-23,4,24,105,2.25,3.0,1.4,3.83,3.0,2.4,1.4,4.0
2,2025-10-23,4,12,23,2.55,2.51,1.4,3.62,0.2,1.4,1.6,0.8
2,2025-10-23,4,80,47,1.75,4.81,1.4,3.75,2.4,1.4,1.8,1.8
0,2025-10-23,4,75,103,2.58,2.74,1.6,3.35,2.2,1.4,1.4,2.2
2,2025-10-24,10,3,71,4.1,1.75,2.6,3.97,1.8,2.2,1.2,1.2
1,2025-10-24,10,32,28,2.38,3.15,1.6,3.15,1.6,1.0,0.8,1.4
1,2025-10-24,10,27,77,2.69,2.72,1.8,3.07,1.2,1.6,1.0,0.4
2,2025-10-25,6,19,55,7.14,1.41,1.8,4.44,0.8,1.4,1.4,1.2
1,2025-10-25,6,39,29,4.75,1.7,1.8,3.3,0.4,0.6,0.2,0.2
1,2025-10-25,4,64,22,1.47,4.63,1.0,4.61,2.4,1.4,2.0,2.2
0,2025-10-25,10,74,109,2.91,2.4,1.8,2.69,0.4,1.8,0.4,0.6
2,2025-10-25,1,104,14,2.74,2.95,0.2,3.24,1.8,1.0,2.4,1.6
0,2025-10-25,10,18,41,4.19,1.8,1.2,3.67,0.6,1.4,1.4,0.6
2,2025-10-25,6,97,73,7.07,1.25,1.6,5.46,0.2,2.0,1.4,1.0
1,2025-10-25,9,121,61,2.08,3.2,0.0,3.87,1.2,1.0,3.4,2.0
1,2025-10-25,1,8,48,3.85,2.07,1.0,3.2,1.2,0.8,1.2,1.4
2,2025-10-25,9,98,45,4.24,1.82,1.8,3.99,1.4,1.4,1.4,1.6
0,2025-10-25,9,94,102,3.28,2.13,1.6,3.31,1.4,1.4,1.4,1.8
2,2025-10-25,1,56,46,5.19,1.6,1.4,4.18,0.6,1.4,1.0,0.4
1,2025-10-25,4,52,79,5.01,1.52,1.4,3.86,0.8,2.0,2.0,1.6
0,2025-10-26,1,100,122,3.46,2.32,2.4,3.47,2.0,1.8,0.8,2.0
0,2025-10-26,1,83,86,2.16,2.71,1.4,3.4,0.8,1.2,1.2,1.4
2,2025-10-26,9,92,60,2.71,2.37,1.2,3.53,2.0,1.6,1.6,1.6
2,2025-10-26,9,57,16,1.97,3.01,1.2,3.88,2.4,1.8,1.2,2.2
0,2025-10-26,1,13,88,2.17,2.69,2.4,3.71,1.4,2.0,1.2,1.4
0,2025-10-26,9,128,125,2.53,2.47,1.8,3.55,1.8,1.6,1.4,2.0
2,2025-10-26,4,89,80,3.48,2.13,1.4,3.61,1.4,1.0,1.2,1.2
1,2025-10-26,10,34,119,6.33,1.42,1.0,4.54,0.6,1.6,2.0,1.0
1,2025-10-26,10,65,114,1.49,6.04,1.0,4.35,1.4,1.0,2.0,1.4
1,2025-10-26,6,7,59,1.82,3.8,1.0,4.0,2.2,1.0,1.6,2.2
1,2025-10-26,6,76,15,2.0,4.0,0.6,3.25,1.6,1.0,1.8,1.0
2,2025-10-26,6,127,30,5.2,1.6,2.2,4.22,1.6,2.2,0.6,2.6
1,2025-10-26,10,82,96,3.56,1.91,1.8,3.87,1.0,1.4,0.8,1.4
0,2025-10-26,10,117,93,2.46,2.72,0.6,3.45,1.6,1.0,2.4,2.0
0,2025-10-26,10,42,66,1.4,7.64,0.2,5.19,2.0,0.8,2.2,2.0
2,2025-10-26,4,103,24,6.22,1.51,2.6,4.72,1.0,2.4,1.0,1.4
1,2025-10-26,4,23,110,2.7,3.3,0.2,3.56,0.2,0.8,2.4,0.8
2,2025-10-26,4,47,12,6.03,1.48,2.4,4.61,1.8,1.8,0.6,1.6
2,2025-10-26,4,26,69,4.06,1.83,1.2,3.46,1.6,1.2,1.4,2.0
2,2025-10-26,10,38,111,6.26,1.55,1.4,4.21,0.6,1.0,1.2,1.0
2,2025-10-26,6,54,85,6.04,1.32,2.0,4.2,1.4,1.2,0.6,1.0
2,2025-10-27,10,33,35,3.52,1.95,3.0,3.34,0.6,2.0,0.4,0.6
0,2025-10-27,10,72,17,1.95,3.52,1.4,3.81,2.0,1.6,2.2,2.4
0,2025-10-27,6,6,95,5.74,1.48,1.6,3.96,0.8,1.6,1.2,0.6
2,2025-10-27,10,36,113,6.17,1.4,2.0,4.21,1.4,1.4,0.6,1.0
1,2025-10-27,4,105,75,4.64,1.5,2.6,4.38,1.6,3.4,1.0,1.6
0,2025-10-27,4,11,70,2.69,2.18,1.2,3.48,0.2,1.0,1.0,1.4
2,2025-10-28,9,94,98,,2.42,1.0,,1.8,0.8,1.2,2.0
2,2025-10-28,9,102,121,,1.41,1.8,,0.2,1.8,1.8,1.2
2,2025-10-29,9,16,128,,1.45,1.8,,1.2,2.2,1.6,1.4
0,2025-10-29,9,57,92,,2.19,1.8,,1.8,2.6,0.8,1.8
2,2025-10-30,9,60,61,,1.74,2.0,,1.2,1.8,1.2,2.0
1,2025-10-30,9,45,125,,2.86,1.2,,1.8,1.4,1.8,2.0
2,2025-10-31,10,28,18,,2.27,1.2,,1.0,1.0,1.2,1.2
2,2025-10-31,6,19,76,,1.33,2.4,,0.2,1.6,1.2,0.4
2,2025-11-01,4,70,89,,1.44,0.8,,1.4,2.0,2.6,1.4
0,2025-11-01,4,11,52,,2.25,1.2,,1.0,1.6,1.6,2.2
0,2025-11-01,4,79,26,,4.83,0.8,,1.6,2.0,2.8,1.2
1,2025-11-01,4,12,105,,4.76,1.8,,2.2,1.8,1.8,2.6
2,2025-11-01,9,102,94,,1.97,2.4,,1.6,2.2,1.2,1.4
2,2025-11-01,6,127,59,,1.5,2.6,,2.2,2.6,0.8,2.2
0,2025-11-01,9,128,57,,2.18,0.6,,1.6,1.0,2.0,2.6
2,2025-11-01,6,29,55,,1.93,0.6,,0.2,0.4,1.2,0.8
0,2025-11-01,1,14,56,,3.43,1.2,,2.0,1.0,1.6,1.6
2,2025-11-01,10,34,42,,1.22,1.2,,0.0,1.4,1.6,0.6
0,2025-11-01,10,113,32,,3.51,0.8,,1.6,0.8,1.8,0.6
0,2025-11-01,10,109,38,,3.04,0.8,,1.8,1.0,1.6,1.6
2,2025-11-01,1,46,8,,3.36,0.6,,0.6,0.4,1.0,1.0
2,2025-11-01,1,48,13,,3.56,0.8,,1.8,1.4,1.6,1.8
2,2025-11-01,9,121,92,,4.4,0.2,,1.8,0.8,3.2,2.0
0,2025-11-01,6,39,7,,1.63,1.4,,1.2,0.6,0.4,1.0
1,2025-11-01,6,85,30,,3.6,0.8,,1.4,0.8,1.4,2.4
2,2025-11-02,9,61,45,,1.76,1.2,,0.8,1.8,2.0,1.4
2,2025-11-02,10,111,65,,1.74,0.4,,1.0,0.4,2.2,0.8
0,2025-11-02,10,35,74,,2.45,0.6,,1.8,0.6,1.6,2.0
1,2025-11-02,10,114,36,,2.1,1.0,,2.4,1.0,1.0,2.2
1,2025-11-02,9,125,16,,2.44,1.4,,1.8,2.2,2.8,2.0
2,2025-11-02,1,86,100,,2.5,0.8,,2.4,1.0,1.6,2.0
2,2025-11-02,10,96,117,,1.93,1.2,,0.4,1.4,1.0,1.0
2,2025-11-02,4,80,64,,2.16,1.2,,1.0,1.0,2.0,1.4
2,2025-11-02,4,110,24,,1.55,0.4,,1.0,0.8,1.8,1.4
2,2025-11-02,4,22,23,,1.31,2.0,,0.2,2.4,1.2,0.6
1,2025-11-02,4,69,103,,2.56,1.6,,2.6,1.6,1.4,2.4
2,2025-11-02,10,119,82,,2.29,0.8,,1.4,0.8,1.4,1.2
2,2025-11-02,6,15,6,,2.6,1.6,,1.4,1.0,0.2,1.8
2,2025-11-02,6,73,95,,2.12,0.2,,1.4,0.8,2.2,1.4
2,2025-11-02,1,88,83,,1.92,2.0,,1.4,1.8,1.2,1.2
2,2025-11-02,6,54,97,,1.96,2.0,,2.0,1.0,0.4,1.8
0,2025-11-02,10,93,17,,2.95,1.6,,2.0,2.0,1.8,2.8
0,2025-11-02,10,71,72,,1.71,1.2,,1.4,1.0,1.2,1.6
1,2025-11-02,1,122,104,,1.64,2.0,,0.8,2.0,1.2,1.2
0,2025-11-03,4,75,47,,2.76,1.6,,2.4,1.6,1.4,2.0
1,2025-11-03,10,77,33,,2.92,1.4,,3.0,0.6,0.6,2.2
2,2025-11-03,10,41,27,,1.66,1.2,,1.8,1.0,1.0,1.4
1,2025-11-03,10,66,3,,1.76,2.6,,2.6,2.8,0.6,2.0
1,2025-11-07,10,72,93,,1.94,1.4,,1.4,1.8,2.6,1.4
2,2025-11-07,10,109,65,,1.42,0.8,,0.8,1.0,1.8,0.4
2,2025-11-07,10,41,33,,2.29,1.6,,2.6,1.4,0.8,1.6
2,2025-11-08,10,28,27,,1.35,1.6,,1.6,1.2,1.2,1.4
1,2025-11-08,10,77,74,,2.97,1.6,,1.8,0.6,0.4,2.4
2,2025-11-08,10,36,32,,1.91,2.6,,1.6,2.4,0.8,0.6
2,2025-11-08,4,24,12,,1.66,0.4,,1.4,1.2,2.4,1.2
0,2025-11-08,4,52,80,,1.52,1.0,,1.8,2.2,2.8,1.2
1,2025-11-08,4,64,70,,3.36,1.0,,1.4,1.2,1.6,2.4
2,2025-11-08,4,47,69,,1.91,2.4,,1.2,1.8,0.6,1.6
2,2025-11-08,4,103,11,,1.3,2.2,,1.2,2.2,1.2,1.6
0,2025-11-08,6,29,19,,3.0,1.0,,2.4,0.6,1.0,1.4
2,2025-11-08,1,83,14,,2.07,1.4,,1.2,1.0,1.4,1.0
2,2025-11-08,1,13,46,,1.7,1.2,,1.0,1.4,1.8,0.8
0,2025-11-08,6,30,7,,1.32,1.0,,1.6,1.8,2.2,0.8
0,2025-11-08,9,121,45,,2.9,0.8,,0.8,1.6,2.8,1.2
2,2025-11-08,9,128,61,,2.48,0.0,,1.2,0.6,2.2,2.6
0,2025-11-08,6,95,39,,3.5,1.4,,1.2,1.4,1.8,0.6
1,2025-11-08,6,76,85,,3.1,0.2,,0.8,0.2,1.6,0.4
0,2025-11-08,1,122,48,,1.84,2.0,,1.2,1.6,0.8,1.4
0,2025-11-08,9,92,102,,1.86,1.2,,3.0,1.6,2.4,2.2
0,2025-11-09,9,16,60,,1.73,2.0,,2.4,1.8,1.0,2.0
2,2025-11-09,4,105,22,,2.39,1.8,,2.0,2.0,0.8,2.0
0,2025-11-09,9,98,125,,2.23,1.2,,1.0,2.2,1.8,1.4
0,2025-11-09,10,82,66,,4.57,0.8,,2.2,1.0,1.4,2.6
0,2025-11-09,10,3,96,,1.51,2.2,,1.6,2.0,1.2,1.4
2,2025-11-09,10,17,71,,2.03,2.6,,1.2,3.2,1.0,1.4
1,2025-11-09,9,57,94,,1.98,2.0,,1.4,3.0,1.4,1.6
1,2025-11-09,1,104,86,,3.31,0.8,,1.2,1.0,1.4,1.2
2,2025-11-09,1,56,8,,1.82,2.0,,0.4,1.4,0.8,1.0
0,2025-11-09,4,26,110,,1.75,2.2,,1.0,1.8,0.6,1.4
0,2025-11-09,10,113,18,,5.47,0.2,,0.8,0.6,2.0,1.0
0,2025-11-09,10,114,111,,1.45,1.2,,0.8,1.4,1.2,0.6
1,2025-11-09,10,35,38,,4.5,0.0,,2.4,0.4,2.0,1.8
1,2025-11-09,1,100,88,,2.3,1.8,,2.6,1.8,1.6,2.6
2,2025-11-09,10,117,34,,5.19,0.2,,1.6,0.8,2.6,1.4
0,2025-11-09,10,42,119,,3.13,0.0,,1.4,0.6,2.8,1.4
1,2025-11-09,6,55,127,,7.0,0.2,,2.6,0.6,1.8,2.6
2,2025-11-09,6,59,73,,1.5,2.0,,0.8,2.0,1.2,1.2
0,2025-11-09,6,6,97,,3.33,0.8,,1.4,1.4,2.0,1.6
1,2025-11-09,6,15,54,,3.2,2.0,,2.6,1.4,0.2,1.4
0,2025-11-09,4,23,79,,1.79,0.2,,0.8,0.6,2.2,2.0
2,2025-11-09,4,89,75,,4.26,1.4,,1.0,1.6,2.0,1.2
2,2025-11-21,4,24,52,,2.14,0.8,,1.0,1.2,2.0,2.2
2,2025-11-21,4,75,110,,1.99,0.4,,1.6,1.0,1.6,1.8
2,2025-11-21,6,7,95,,1.94,2.2,,1.2,1.2,0.6,1.4
2,2025-11-21,10,27,113,,2.3,1.0,,0.0,1.0,2.0,0.4
0,2025-11-21,10,32,114,,3.49,1.0,,1.0,0.4,0.8,1.2
0,2025-11-21,10,93,3,,3.56,1.4,,1.6,1.4,1.6,2.0
1,2025-11-22,6,73,15,,3.5,0.8,,2.2,0.8,1.0,1.6
2,2025-11-22,9,125,121,,1.32,1.6,,0.8,2.2,1.6,1.2
2,2025-11-22,6,97,19,,2.1,1.4,,2.4,1.4,1.4,1.4
2,2025-11-22,1,8,122,,2.97,0.4,,1.4,1.0,2.0,1.6
0,2025-11-22,9,102,60,,2.36,3.0,,2.4,2.0,0.4,1.8
0,2025-11-22,1,14,13,,3.43,0.6,,1.2,1.0,1.8,1.2
1,2025-11-22,9,61,92,,2.4,1.0,,1.2,2.4,1.8,1.6
0,2025-11-22,10,111,109,,3.34,1.2,,1.2,1.0,2.2,1.2
1,2025-11-22,10,38,77,,1.58,2.0,,1.8,2.2,1.0,0.6
2,2025-11-22,6,85,6,,2.54,1.0,,0.2,0.4,0.8,1.0
2,2025-11-22,1,48,83,,3.01,1.8,,1.8,1.8,1.4,1.4
2,2025-11-23,6,55,39,,2.9,0.4,,1.6,0.4,1.4,0.8
0,2025-11-23,6,76,127,,8.0,0.4,,2.2,0.2,1.0,1.8
2,2025-11-23,6,30,29,,1.57,0.4,,0.8,1.4,2.2,0.6
1,2025-11-23,6,59,54,,2.9,2.0,,2.6,2.0,1.2,1.6
2,2025-11-23,10,96,66,,4.69,2.2,,2.2,1.8,0.8,2.6
2,2025-11-23,10,71,42,,1.33,1.2,,0.0,1.2,1.4,0.4
2,2025-11-23,10,34,17,,1.83,1.0,,2.6,1.0,1.6,2.6
2,2025-11-23,10,119,117,,1.72,1.4,,0.6,1.6,1.2,1.0
0,2025-11-23,1,100,56,,1.94,1.4,,2.6,1.8,1.8,1.6
0,2025-11-23,1,86,46,,1.64,1.4,,0.8,1.2,1.2,1.0
2,2025-11-23,10,18,36,,2.04,0.8,,2.6,0.8,1.4,2.6
1,2025-11-23,10,74,41,,2.26,2.0,,2.0,2.4,0.6,1.6
1,2025-11-23,9,94,128,,2.04,1.4,,0.6,1.4,1.4,1.2
1,2025-11-23,9,45,16,,4.45,0.8,,1.4,0.8,3.0,1.2
2,2025-11-23,9,98,57,,2.42,1.2,,1.6,2.2,2.0,2.4
0,2025-11-23,1,88,104,,1.43,2.2,,1.0,2.4,1.0,1.0
1,2025-11-24,10,33,28,,3.23,2.0,,2.0,1.2,0.6,1.6
1,2025-11-24,10,65,35,,3.43,0.8,,0.2,0.6,2.0,1.0
1,2025-11-24,10,82,72,,2.17,0.8,,1.6,0.8,1.4,1.8
0,2025-11-26,9,60,98,,1.85,2.4,,1.8,1.2,0.4,2.2
0,2025-11-27,4,52,105,,3.51,0.8,,1.8,2.0,2.8,1.6
2,2025-11-27,4,69,22,,2.66,1.0,,1.4,1.6,2.0,1.4
2,2025-11-27,4,24,103,,3.25,1.4,,2.6,1.2,1.4,2.6
1,2025-11-28,4,47,26,,2.18,2.4,,2.0,2.2,0.8,2.0
1,2025-11-28,10,96,119,,2.25,2.6,,2.0,2.0,0.8,2.4
2,2025-11-28,10,36,27,,1.36,2.0,,1.4,2.0,1.2,1.0
2,2025-11-29,4,22,69,,1.45,1.4,,1.4,1.2,1.4,1.8
2,2025-11-29,10,28,74,,1.8,1.6,,1.6,1.6,1.0,2.0
2,2025-11-29,10,32,18,,3.26,1.0,,1.2,0.6,1.0,1.0
0,2025-11-29,9,61,121,,1.39,1.0,,0.8,2.4,1.8,1.2
2,2025-11-29,9,128,45,,1.97,0.8,,1.0,1.6,2.2,1.0
1,2025-11-29,9,60,94,,2.22,1.8,,1.0,1.2,1.0,1.6
0,2025-11-29,6,7,76,,1.81,2.6,,0.4,1.6,0.8,0.0
1,2025-11-29,1,13,104,,1.79,1.8,,1.6,1.8,2.0,1.6
2,2025-11-29,6,15,97,,3.33,1.8,,2.0,1.2,0.2,1.2
2,2025-11-29,6,19,73,,1.37,1.8,,1.0,0.8,0.8,0.8
2,2025-11-29,1,83,122,,2.56,1.2,,0.8,1.0,2.0,1.2
2,2025-11-29,1,46,14,,2.63,1.4,,0.0,1.2,1.0,1.2
2,2025-11-30,6,54,55,,1.26,2.2,,1.0,1.4,0.6,0.8
0,2025-11-30,6,39,59,,2.4,1.0,,1.6,0.6,1.0,1.2
2,2025-11-30,6,127,85,,1.26,2.6,,1.0,2.0,0.4,0.2
2,2025-11-30,4,103,24,,1.31,2.0,,1.8,1.6,1.2,1.8
1,2025-11-30,4,105,52,,1.3,1.8,,0.8,1.2,0.6,1.8
2,2025-11-30,6,6,30,,2.71,0.2,,1.0,1.0,2.2,1.4
0,2025-11-30,10,113,33,,3.61,0.0,,1.6,0.6,2.2,1.0
0,2025-11-30,10,41,38,,3.11,2.2,,1.6,1.8,0.4,2.2
2,2025-11-30,10,72,117,,1.78,1.6,,0.6,1.6,1.6,1.4
2,2025-11-30,10,66,71,,1.75,2.0,,1.2,2.6,0.8,1.6
1,2025-11-30,10,93,82,,2.55,1.4,,0.4,1.2,1.4,0.4
2,2025-11-30,10,3,34,,2.39,1.6,,1.4,1.8,1.4,1.0
0,2025-11-30,10,35,111,,2.21,0.4,,1.2,1.0,2.2,0.8
1,2025-11-30,1,8,88,,3.06,1.0,,1.6,1.6,1.8,2.4
0,2025-11-30,1,48,100,,3.68,2.2,,0.8,1.6,0.8,1.6
2,2025-11-30,1,56,86,,2.1,3.0,,1.4,1.6,0.2,1.2
1,2025-11-30,9,92,125,,2.54,1.4,,2.2,1.8,1.8,3.0
1,2025-11-30,9,16,98,,1.51,1.0,,1.8,0.8,1.4,2.4
2,2025-11-30,9,57,102,,2.13,1.4,,2.4,2.0,1.6,1.4
1,2025-12-01,10,109,114,,2.9,1.8,,1.6,1.4,1.2,1.6
2,2025-12-01,4,26,47,,2.06,1.6,,2.0,1.6,0.8,1.8
0,2025-12-01,10,17,42,,1.24,2.0,,0.0,2.2,1.0,0.4
2,2025-12-01,10,77,65,,1.66,1.4,,1.0,0.6,0.4,0.8
1,2025-12-01,6,95,29,,3.25,0.6,,0.8,1.4,2.4,0.6
0,2025-12-03,1,100,104,,1.65,0.8,,1.8,1.0,1.8,1.2
2,2025-12-04,4,69,105,,2.59,0.8,,1.8,1.2,1.8,1.2
1,2025-12-04,4,26,103,,2.23,2.0,,2.0,2.0,1.0,2.2
0,2025-12-05,10,42,72,,3.97,0.6,,1.6,1.0,3.2,1.8
2,2025-12-05,6,6,73,,2.0,0.6,,0.8,1.0,2.0,0.6
2,2025-12-05,10,74,113,,1.54,1.0,,0.0,1.2,1.2,0.4
1,2025-12-06,6,97,30,,2.05,1.8,,0.8,1.0,0.8,1.2
0,2025-12-06,10,27,32,,3.65,0.8,,1.4,0.8,2.6,1.2
1,2025-12-06,10,38,28,,2.46,2.2,,2.2,2.4,1.0,1.8
0,2025-12-06,1,14,88,,4.21,0.0,,1.6,0.8,2.2,2.2
1,2025-12-06,1,48,56,,3.54,2.0,,3.0,1.6,1.0,1.8
2,2025-12-06,9,102,61,,2.15,1.8,,0.8,1.4,0.8,2.2
2,2025-12-06,6,39,85,,2.16,0.8,,1.0,0.6,1.4,0.2
0,2025-12-06,9,98,128,,1.8,1.4,,1.4,1.4,1.6,1.4
0,2025-12-06,1,86,83,,1.98,1.4,,1.2,1.2,1.4,0.8
2,2025-12-06,6,127,7,,1.23,2.6,,2.0,1.6,0.4,1.6
0,2025-12-06,9,45,92,,3.14,1.0,,1.0,1.0,2.2,2.2
0,2025-12-07,9,121,16,,6.67,1.2,,1.2,1.4,2.4,0.6
1,2025-12-07,9,57,60,,2.55,1.4,,2.0,1.4,1.6,1.2
2,2025-12-07,9,94,125,,2.49,1.2,,1.8,1.8,1.8,3.2
2,2025-12-07,6,15,55,,1.46,1.8,,0.8,0.8,0.2,0.6
1,2025-12-07,4,103,26,,1.88,1.6,,1.6,2.0,1.2,1.8
2,2025-12-07,10,71,93,,1.62,0.6,,1.0,1.4,2.6,0.6
1,2025-12-07,10,119,66,,4.77,2.2,,2.0,2.6,1.2,2.8
0,2025-12-07,10,82,3,,3.39,0.6,,2.0,0.4,1.0,1.6
0,2025-12-07,10,34,96,,1.55,1.4,,2.2,0.8,1.2,1.8
2,2025-12-07,10,65,41,,4.53,0.4,,2.0,0.6,2.0,2.0
1,2025-12-07,10,114,18,,1.91,1.2,,1.2,1.0,1.0,1.0
2,2025-12-07,4,105,69,,1.39,1.6,,1.4,0.8,0.4,1.4
2,2025-12-07,6,54,19,,1.57,2.2,,2.4,2.0,0.6,1.2
2,2025-12-07,1,100,46,,1.81,0.8,,1.8,1.0,1.8,1.8
2,2025-12-07,1,122,13,,2.49,0.8,,1.4,1.0,1.4,1.2
2,2025-12-07,10,109,35,,1.8,2.0,,0.4,1.4,0.8,1.2
0,2025-12-07,6,29,76,,1.81,1.0,,1.0,0.6,1.0,0.4
0,2025-12-07,6,95,59,,4.5,0.8,,1.6,1.4,1.8,1.2
0,2025-12-07,1,104,8,,2.71,1.8,,1.0,1.4,0.8,1.4
2,2025-12-08,10,117,17,,4.04,0.6,,1.8,1.2,2.4,1.8
2,2025-12-08,10,111,77,,2.37,1.8,,1.4,1.2,1.6,1.2
1,2025-12-08,10,33,36,,2.73,1.6,,2.0,0.8,0.6,2.4
2,2025-12-12,4,103,105,,2.03,1.6,,2.0,2.0,1.2,1.4
2,2025-12-12,10,18,27,,1.29,1.4,,0.6,1.2,1.2,0.6
0,2025-12-13,9,102,98,,1.99,1.8,,1.4,1.6,1.0,1.2
1,2025-12-13,9,128,121,,1.55,2.0,,1.2,1.8,1.4,1.6
1,2025-12-13,10,32,33,,2.41,1.8,,1.2,1.4,0.8,0.4
0,2025-12-13,10,36,74,,1.92,1.6,,1.6,1.6,1.2,1.6
2,2025-12-13,9,94,45,,1.68,1.2,,0.8,1.6,1.4,0.4
2,2025-12-13,1,83,8,,2.35,1.8,,1.4,1.2,1.6,1.6
2,2025-12-13,1,48,104,,2.67,2.0,,1.6,1.6,1.0,1.4
0,2025-12-13,1,46,56,,3.53,1.8,,2.6,2.0,1.4,2.0
2,2025-12-14,10,28,65,,1.29,2.2,,0.8,1.6,0.4,1.0
0,2025-12-14,10,35,114,,4.62,0.4,,1.2,1.2,2.4,1.2
2,2025-12-14,1,88,122,,1.66,1.6,,0.8,2.0,1.2,0.8
1,2025-12-14,1,14,86,,3.33,0.0,,0.8,0.8,2.2,1.0
2,2025-12-14,9,125,61,,1.69,1.6,,0.8,2.6,1.4,2.4
1,2025-12-14,9,16,57,,1.74,1.2,,1.6,0.6,0.6,1.2
2,2025-12-14,9,60,92,,2.11,1.6,,1.0,0.8,0.8,1.8
0,2025-12-14,10,77,109,,3.19,1.2,,2.0,1.0,0.6,1.6
2,2025-12-14,1,13,100,,2.65,1.4,,1.4,1.4,1.4,1.2
1,2025-12-15,10,41,111,,1.99,1.4,,2.4,1.8,1.2,1.4
0,2025-12-15,10,113,38,,6.04,0.0,,1.8,0.2,1.6,1.6
2,2025-12-15,4,105,103,,1.55,1.4,,1.6,1.0,1.0,1.6
0,2025-12-16,9,121,102,,4.23,0.8,,1.2,1.2,2.2,1.2
2,2025-12-16,9,98,94,,2.25,2.0,,1.8,1.4,0.6,1.6
0,2025-12-17,9,128,60,,2.69,2.2,,1.6,2.0,1.4,1.4
0,2025-12-17,9,125,45,,1.53,2.0,,0.8,3.0,1.4,0.4
0,2025-12-17,9,61,16,,3.63,0.2,,1.2,1.2,2.8,0.6
0,2025-12-19,10,33,18,,2.42,1.2,,2.0,0.4,0.6,1.6
2,2025-12-20,9,102,128,,1.75,1.2,,1.6,1.8,1.4,1.4
1,2025-12-20,9,16,92,,1.64,1.8,,1.0,1.0,0.6,1.8
0,2025-12-20,10,65,113,,2.62,0.8,,0.0,1.0,2.6,0.2
2,2025-12-20,10,74,32,,2.24,1.6,,1.4,1.4,0.6,1.2
2,2025-12-20,10,111,28,,3.7,2.0,,2.2,1.2,1.0,2.0
0,2025-12-21,9,57,61,,2.1,1.2,,0.2,0.8,0.8,1.0
2,2025-12-21,9,60,125,,2.03,1.6,,1.4,1.4,1.2,2.6
2,2025-12-21,10,38,36,,2.1,1.8,,1.4,1.6,1.0,1.2
2,2025-12-21,10,109,41,,1.99,2.6,,1.0,1.8,0.2,1.4
0,2025-12-21,9,45,98,,2.72,0.8,,2.0,1.4,1.2,1.8
1,2025-12-21,10,35,77,,2.48,0.4,,1.0,1.0,2.2,1.0
2,2025-12-22,10,114,27,,1.2,1.6,,0.6,1.2,0.8,0.8
2,2026-01-10,4,47,75,,1.62,2.0,,0.8,2.2,1.2,1.2
2,2026-01-10,4,12,79,,2.27,0.8,,1.4,0.6,1.6,2.2
1,2026-01-10,4,24,22,,3.34,1.8,,1.4,1.8,2.0,1.2
0,2026-01-10,4,64,52,,2.81,0.6,,0.8,1.0,1.6,1.0
1,2026-01-11,4,110,80,,1.71,1.4,,1.8,1.8,1.6,1.0
0,2026-01-11,4,69,105,,1.99,1.2,,1.4,1.6,1.8,1.0
2,2026-01-11,4,23,26,,4.57,0.2,,1.2,0.4,1.8,1.4
0,2026-01-11,4,89,70,,3.09,2.0,,1.6,1.8,1.4,2.6
0,2026-01-12,4,11,103,,3.0,1.2,,1.6,1.6,1.8,1.8
2,2026-01-13,4,79,64,,1.69,0.8,,0.6,1.4,2.2,1.2
0,2026-01-14,4,70,69,,2.44,2.2,,1.2,2.6,1.4,1.2
2,2026-01-14,9,94,121,,1.32,1.6,,0.8,1.4,1.2,1.4
0,2026-01-14,4,52,47,,4.62,0.8,,2.0,1.0,1.6,1.8
0,2026-01-14,9,92,57,,1.87,1.2,,1.0,2.0,2.2,0.4
2,2026-01-14,4,26,12,,1.34,1.2,,1.4,1.2,1.2,0.8
2,2026-01-14,4,75,23,,1.81,0.8,,0.8,1.0,1.4,0.8
2,2026-01-15,4,105,89,,1.17,1.8,,1.4,1.2,1.0,1.6
0,2026-01-15,4,103,110,,1.58,1.6,,1.6,1.2,1.0,2.0
0,2026-01-15,4,22,11,,1.44,1.4,,0.6,0.8,1.0,1.4
0,2026-01-15,4,80,24,,2.58,2.0,,2.0,1.2,1.0,1.6
2,2026-01-16,10,32,38,,3.9,1.4,,2.2,1.4,0.8,1.4
0,2026-01-17,4,70,12,,1.81,2.0,,0.8,2.4,1.6,0.4
0,2026-01-17,4,64,69,,5.49,0.4,,1.2,1.0,1.6,1.2
1,2026-01-17,10,41,35,,1.94,0.4,,0.4,1.0,1.6,0.6
0,2026-01-17,10,113,111,,3.33,0.6,,2.0,0.8,2.0,1.2
0,2026-01-17,9,61,60,,2.63,0.6,,2.2,1.4,2.2,1.8
0,2026-01-17,9,125,57,,2.08,0.8,,1.6,1.6,3.0,0.6
2,2026-01-17,4,47,80,,1.27,2.0,,1.4,1.8,1.0,1.2
2,2026-01-17,10,36,65,,1.25,0.8,,0.8,1.0,1.6,1.2
1,2026-01-18,9,92,128,,1.66,1.0,,1.4,1.6,2.0,1.4
0,2026-01-18,9,45,102,,2.91,0.6,,1.8,1.4,1.4,2.6
2,2026-01-18,10,28,109,,1.82,1.6,,2.6,1.2,0.6,1.4
2,2026-01-18,10,18,74,,2.3,2.0,,2.0,1.6,1.0,1.8
2,2026-01-18,10,27,33,,4.49,0.6,,1.2,0.8,3.0,0.4
1,2026-01-18,4,103,105,,2.11,1.4,,2.4,1.0,1.0,1.8
2,2026-01-18,4,26,79,,1.51,1.6,,1.4,1.6,1.2,1.6
1,2026-01-18,4,24,11,,1.93,2.0,,0.6,1.6,1.4,1.6
1,2026-01-18,4,110,23,,2.09,2.0,,0.8,2.0,1.4,1.0
1,2026-01-18,4,89,52,,3.03,1.2,,0.8,1.4,2.2,0.8
1,2026-01-18,9,16,94,,1.78,1.8,,2.0,1.0,0.6,1.4
0,2026-01-19,10,77,114,,4.37,1.0,,2.2,1.2,1.0,2.0
1,2026-01-19,4,75,22,,3.02,1.2,,0.8,1.0,1.2,0.4
